Timestamp,Lot_ID,Wafer_ID,Die_X,Die_Y,Equipment_ID,Path_ID,Voltage,Chamber_Temp,Pressure,Gas_Flow,Operating_Freq,Worst_Slack,Leakage_Power,Pass_Fail,Error_Code
2026-01-01 08:00:00,LOT_00,W_00,0,0,ETCHER_A,PATH_0047,1.13,64.87,15.08,99.14,2.79,0.178,16.69,1,NORMAL
2026-01-01 08:05:00,LOT_00,W_00,1,0,ETCHER_A,PATH_0044,1.28,64.74,14.91,99.41,3.27,0.192,17.92,1,NORMAL
2026-01-01 08:10:00,LOT_00,W_00,2,0,ETCHER_A,PATH_0003,1.06,65.21,15.72,99.13,2.44,0.14,18.75,1,NORMAL
2026-01-01 08:15:00,LOT_00,W_00,3,0,ETCHER_A,PATH_0037,0.97,63.4,14.38,102.26,2.56,0.16,15.74,1,NORMAL
2026-01-01 08:20:00,LOT_00,W_00,4,0,ETCHER_A,PATH_0007,1.23,67.94,15.07,99.46,3.19,0.126,18.58,1,NORMAL
2026-01-01 08:25:00,LOT_00,W_00,5,0,ETCHER_A,PATH_0021,1.3,67.74,15.19,97.36,3.13,0.159,20.01,1,NORMAL
2026-01-01 08:30:00,LOT_00,W_00,6,0,ETCHER_A,PATH_0009,1.02,69.15,14.92,102.13,2.43,0.116,,1,NORMAL
2026-01-01 08:35:00,LOT_00,W_00,7,0,ETCHER_A,PATH_0039,1.07,69.38,14.59,100.8,2.75,0.128,18.95,1,NORMAL
2026-01-01 08:40:00,LOT_00,W_00,8,0,ETCHER_A,PATH_0018,1.39,67.08,14.92,100.74,3.6,0.175,20.44,1,NORMAL
2026-01-01 08:45:00,LOT_00,W_00,9,0,ETCHER_A,PATH_0004,0.99,64.18,14.15,99.24,2.45,0.165,17.6,1,NORMAL
2026-01-01 08:50:00,LOT_00,W_00,0,1,ETCHER_A,PATH_0025,1.01,62.28,15.86,99.52,2.52,0.176,15.27,1,NORMAL
2026-01-01 08:55:00,LOT_00,W_00,1,1,ETCHER_A,PATH_0014,0.7,66.18,15.3,101.34,1.86,0.095,18.44,1,NORMAL
2026-01-01 09:00:00,LOT_00,W_00,2,1,ETCHER_A,PATH_0009,0.76,65.34,14.9,99.9,1.89,0.134,14.89,1,NORMAL
2026-01-01 09:05:00,LOT_00,W_00,3,1,ETCHER_A,PATH_0026,0.98,64.59,14.94,100.01,2.52,0.151,16.08,1,NORMAL
2026-01-01 09:10:00,LOT_00,W_00,4,1,ETCHER_A,PATH_0002,1.1,66.77,15.12,101.75,2.64,0.151,17.89,1,NORMAL
2026-01-01 09:15:00,LOT_00,W_00,5,1,ETCHER_A,PATH_0020,1.05,68.03,13.74,102.03,2.48,0.142,18.32,1,NORMAL
2026-01-01 09:20:00,LOT_00,W_00,6,1,ETCHER_A,PATH_0028,1.3,66.31,14.78,100.01,3.37,0.17,18.53,1,NORMAL
2026-01-01 09:25:00,LOT_00,W_00,7,1,ETCHER_A,PATH_0047,0.84,68.22,14.82,100.53,2.24,0.098,17.59,1,NORMAL
2026-01-01 09:30:00,LOT_00,W_00,8,1,ETCHER_A,PATH_0007,1.34,64.64,15.95,98.1,3.3,0.184,18.98,1,NORMAL
2026-01-01 09:35:00,LOT_00,W_00,9,1,ETCHER_A,PATH_0044,1.22,67.37,14.68,100.45,3.07,0.141,19.23,1,NORMAL
2026-01-01 09:40:00,LOT_00,W_00,0,2,ETCHER_A,PATH_0008,1.12,65.41,15.41,101.11,2.69,0.156,18.2,1,NORMAL
2026-01-01 09:45:00,LOT_00,W_00,1,2,ETCHER_A,PATH_0047,1.18,67.43,14.7,99.24,2.9,0.16,20.51,1,NORMAL
2026-01-01 09:50:00,LOT_00,W_00,2,2,ETCHER_A,PATH_0035,0.98,64.11,14.59,100.49,2.25,0.162,17.26,1,NORMAL
2026-01-01 09:55:00,LOT_00,W_00,3,2,ETCHER_A,PATH_0014,1.03,67.87,14.4,100.39,2.55,0.12,18.2,1,NORMAL
2026-01-01 10:00:00,LOT_00,W_00,4,2,ETCHER_A,PATH_0017,0.71,64.18,14.37,99.27,1.84,0.144,14.79,1,NORMAL
2026-01-01 10:05:00,LOT_00,W_00,5,2,ETCHER_A,PATH_0036,1.25,66.7,14.96,102.25,2.99,0.147,17.83,1,NORMAL
2026-01-01 10:10:00,LOT_00,W_00,6,2,ETCHER_A,PATH_0040,0.98,79.35,15.16,94.8,2.44,0.013,21.63,1,NORMAL
2026-01-01 10:15:00,LOT_00,W_00,7,2,ETCHER_A,PATH_0004,1.16,63.92,15.11,98.36,2.91,0.166,17.57,1,NORMAL
2026-01-01 10:20:00,LOT_00,W_00,8,2,ETCHER_A,PATH_0002,1.18,59.91,15.37,102.98,3.15,0.22,15.07,1,NORMAL
2026-01-01 10:25:00,LOT_00,W_00,9,2,ETCHER_A,PATH_0006,1.33,65.75,15.22,98.94,3.07,0.175,20.69,1,NORMAL
2026-01-01 10:30:00,LOT_00,W_00,0,3,ETCHER_A,PATH_0042,0.79,64.47,14.56,101.5,2.08,0.139,15.53,1,NORMAL
2026-01-01 10:35:00,LOT_00,W_00,1,3,ETCHER_A,PATH_0004,1.1,59.85,15.11,99.62,2.84,0.221,13.42,1,NORMAL
2026-01-01 10:40:00,LOT_00,W_00,2,3,ETCHER_A,PATH_0029,0.94,64.39,15.26,101.11,2.5,0.132,16.57,1,NORMAL
2026-01-01 10:45:00,LOT_00,W_00,3,3,ETCHER_A,PATH_0018,0.74,67.99,15.67,100.79,2.01,0.084,15.56,1,NORMAL
2026-01-01 10:50:00,LOT_00,W_00,4,3,ETCHER_A,PATH_0026,1.36,62.24,14.5,100.37,3.33,0.222,17.86,1,NORMAL
2026-01-01 10:55:00,LOT_00,W_00,5,3,ETCHER_A,PATH_0044,1.23,65.86,15.43,102.05,3.23,0.164,20.39,1,NORMAL
2026-01-01 11:00:00,LOT_00,W_00,6,3,ETCHER_A,PATH_0034,1.23,67.92,16.01,98.69,3.06,0.135,19.47,1,NORMAL
2026-01-01 11:05:00,LOT_00,W_00,7,3,ETCHER_A,PATH_0010,1.14,64.25,14.78,103.04,2.88,0.168,18.11,1,NORMAL
2026-01-01 11:10:00,LOT_00,W_00,8,3,ETCHER_A,PATH_0036,1.24,63.45,14.79,101.04,2.9,0.196,17.81,1,NORMAL
2026-01-01 11:15:00,LOT_00,W_00,9,3,ETCHER_A,PATH_0014,1.3,68.82,15.14,101.3,3.11,0.13,18.59,1,NORMAL
2026-01-01 11:20:00,LOT_00,W_00,0,4,ETCHER_A,PATH_0031,0.9,63.33,14.69,99.79,2.1,0.149,,1,NORMAL
2026-01-01 11:25:00,LOT_00,W_00,1,4,ETCHER_A,PATH_0048,0.91,67.42,14.45,102.55,2.32,0.136,18.88,1,NORMAL
2026-01-01 11:30:00,LOT_00,W_00,2,4,ETCHER_A,PATH_0015,1.17,66.35,14.72,99.63,2.73,0.161,16.35,1,NORMAL
2026-01-01 11:35:00,LOT_00,W_00,3,4,ETCHER_A,PATH_0008,1.29,63.67,14.79,101.32,3.15,0.194,18.27,1,NORMAL
2026-01-01 11:40:00,LOT_00,W_00,4,4,ETCHER_A,PATH_0014,1.2,62.22,14.75,99.67,2.93,0.186,15.99,1,NORMAL
2026-01-01 11:45:00,LOT_00,W_00,5,4,ETCHER_A,PATH_0023,0.91,65.53,14.6,101.09,2.21,0.152,16.55,1,NORMAL
2026-01-01 11:50:00,LOT_00,W_00,6,4,ETCHER_A,PATH_0040,1.23,66.68,14.81,98.55,3.17,0.147,17.78,1,NORMAL
2026-01-01 11:55:00,LOT_00,W_00,7,4,ETCHER_A,PATH_0021,1.3,68.34,15.07,99.35,3.32,0.151,19.44,1,NORMAL
2026-01-01 12:00:00,LOT_00,W_00,8,4,ETCHER_A,PATH_0016,1.11,65.7,15.39,98.9,2.91,0.14,16.22,1,NORMAL
2026-01-01 12:05:00,LOT_00,W_00,9,4,ETCHER_A,PATH_0045,1.19,63.18,15.03,100.28,3.08,0.167,18.61,1,NORMAL
2026-01-01 12:10:00,LOT_00,W_00,0,5,ETCHER_A,PATH_0018,0.75,64.64,14.88,99.54,1.9,0.127,14.89,1,NORMAL
2026-01-01 12:15:00,LOT_00,W_00,1,5,ETCHER_A,PATH_0047,1.13,65.64,15.35,99.67,2.93,0.16,17.55,1,NORMAL
2026-01-01 12:20:00,LOT_00,W_00,2,5,ETCHER_A,PATH_0024,1.0,66.36,14.22,101.19,2.53,0.148,16.83,1,NORMAL
2026-01-01 12:25:00,LOT_00,W_00,3,5,ETCHER_A,PATH_0026,0.8,61.99,15.01,100.19,2.01,0.163,15.42,1,NORMAL
2026-01-01 12:30:00,LOT_00,W_00,4,5,ETCHER_A,PATH_0025,0.81,64.02,15.04,100.63,1.96,0.151,15.21,1,NORMAL
2026-01-01 12:35:00,LOT_00,W_00,5,5,ETCHER_A,PATH_0045,1.23,62.42,15.11,100.4,2.98,0.208,16.42,1,NORMAL
2026-01-01 12:40:00,LOT_00,W_00,6,5,ETCHER_A,PATH_0041,0.92,64.72,15.32,98.86,2.31,0.131,17.24,1,NORMAL
2026-01-01 12:45:00,LOT_00,W_00,7,5,ETCHER_A,PATH_0029,0.87,66.08,14.78,99.68,2.22,0.128,18.32,1,NORMAL
2026-01-01 12:50:00,LOT_00,W_00,8,5,ETCHER_A,PATH_0015,1.36,67.06,15.37,102.02,3.29,0.16,19.5,1,NORMAL
2026-01-01 12:55:00,LOT_00,W_00,9,5,ETCHER_A,PATH_0045,0.89,68.19,16.17,99.46,2.43,0.092,17.04,1,NORMAL
2026-01-01 13:00:00,LOT_00,W_00,0,6,ETCHER_A,PATH_0001,0.77,64.12,15.93,99.19,1.93,0.12,14.61,1,NORMAL
2026-01-01 13:05:00,LOT_00,W_00,1,6,ETCHER_A,PATH_0025,0.9,64.9,14.24,99.04,2.15,0.139,16.19,1,NORMAL
2026-01-01 13:10:00,LOT_00,W_00,2,6,ETCHER_A,PATH_0007,1.16,64.02,15.47,102.02,2.89,0.171,17.02,1,NORMAL
2026-01-01 13:15:00,LOT_00,W_00,3,6,ETCHER_A,PATH_0009,0.89,59.31,15.15,100.03,2.07,0.197,14.04,1,NORMAL
2026-01-01 13:20:00,LOT_00,W_00,4,6,ETCHER_A,PATH_0024,0.93,67.5,15.5,100.34,2.43,0.109,16.91,1,NORMAL
2026-01-01 13:25:00,LOT_00,W_00,5,6,ETCHER_A,PATH_0001,1.13,64.52,14.84,101.93,2.74,0.166,18.96,1,NORMAL
2026-01-01 13:30:00,LOT_00,W_00,6,6,ETCHER_A,PATH_0044,0.84,64.64,14.12,97.95,2.03,0.115,15.95,1,NORMAL
2026-01-01 13:35:00,LOT_00,W_00,7,6,ETCHER_A,PATH_0008,1.26,64.09,14.13,100.51,3.34,0.2,18.87,1,NORMAL
2026-01-01 13:40:00,LOT_00,W_00,8,6,ETCHER_A,PATH_0024,1.28,64.08,14.98,98.57,3.2,0.19,17.92,1,NORMAL
2026-01-01 13:45:00,LOT_00,W_00,9,6,ETCHER_A,PATH_0011,0.71,63.05,14.81,98.55,1.63,0.148,15.19,1,NORMAL
2026-01-01 13:50:00,LOT_00,W_00,0,7,ETCHER_A,PATH_0017,0.95,63.62,15.41,101.57,2.28,0.157,16.1,1,NORMAL
2026-01-01 13:55:00,LOT_00,W_00,1,7,ETCHER_A,PATH_0008,1.06,69.86,14.72,101.95,2.69,0.106,18.08,1,NORMAL
2026-01-01 14:00:00,LOT_00,W_00,2,7,ETCHER_A,PATH_0035,0.9,62.74,14.28,98.71,2.33,0.153,16.79,1,NORMAL
2026-01-01 14:05:00,LOT_00,W_00,3,7,ETCHER_A,PATH_0035,1.09,66.61,15.97,101.37,2.7,0.131,17.43,1,NORMAL
2026-01-01 14:10:00,LOT_00,W_00,4,7,ETCHER_A,PATH_0033,0.99,65.2,14.58,101.3,2.59,0.148,16.93,1,NORMAL
2026-01-01 14:15:00,LOT_00,W_00,5,7,ETCHER_A,PATH_0005,1.38,61.45,14.69,101.39,3.53,0.213,16.2,1,NORMAL
2026-01-01 14:20:00,LOT_00,W_00,6,7,ETCHER_A,PATH_0042,1.08,66.72,14.78,100.51,2.74,0.163,18.57,1,NORMAL
2026-01-01 14:25:00,LOT_00,W_00,7,7,ETCHER_A,PATH_0039,0.82,64.89,14.48,99.3,2.05,0.128,17.29,1,NORMAL
2026-01-01 14:30:00,LOT_00,W_00,8,7,ETCHER_A,PATH_0041,1.17,64.27,16.06,102.25,2.82,0.169,19.76,1,NORMAL
2026-01-01 14:35:00,LOT_00,W_00,9,7,ETCHER_A,PATH_0028,0.88,73.99,15.28,93.94,2.44,0.014,19.12,1,NORMAL
2026-01-01 14:40:00,LOT_00,W_00,0,8,ETCHER_A,PATH_0007,1.06,67.35,15.23,100.96,2.78,0.128,18.09,1,NORMAL
2026-01-01 14:45:00,LOT_00,W_00,1,8,ETCHER_A,PATH_0009,1.36,62.99,14.99,99.48,3.36,0.194,19.16,1,NORMAL
2026-01-01 14:50:00,LOT_00,W_00,2,8,ETCHER_A,PATH_0008,1.19,66.52,14.82,98.11,2.95,0.142,18.93,1,NORMAL
2026-01-01 14:55:00,LOT_00,W_00,3,8,ETCHER_A,PATH_0012,1.24,67.39,14.97,100.72,3.23,0.16,20.37,1,NORMAL
2026-01-01 15:00:00,LOT_00,W_00,4,8,ETCHER_A,PATH_0034,1.11,67.33,15.63,100.76,2.74,0.114,19.22,1,NORMAL
2026-01-01 15:05:00,LOT_00,W_00,5,8,ETCHER_A,PATH_0033,1.4,65.53,15.44,99.51,3.56,0.191,17.6,1,NORMAL
2026-01-01 15:10:00,LOT_00,W_00,6,8,ETCHER_A,PATH_0048,0.76,67.61,15.42,102.76,1.81,0.103,16.61,1,NORMAL
2026-01-01 15:15:00,LOT_00,W_00,7,8,ETCHER_A,PATH_0023,1.29,63.87,15.32,99.89,3.24,0.156,17.9,1,NORMAL
2026-01-01 15:20:00,LOT_00,W_00,8,8,ETCHER_A,PATH_0024,1.32,65.58,14.49,101.18,3.2,0.181,17.7,1,NORMAL
2026-01-01 15:25:00,LOT_00,W_00,9,8,ETCHER_A,PATH_0037,1.39,67.66,15.78,100.34,3.37,0.145,19.49,1,NORMAL
2026-01-01 15:30:00,LOT_00,W_00,0,9,ETCHER_A,PATH_0035,1.03,63.41,14.02,99.72,2.54,0.154,16.41,1,NORMAL
2026-01-01 15:35:00,LOT_00,W_00,1,9,ETCHER_A,PATH_0044,1.17,68.32,15.67,101.18,2.84,0.12,19.35,1,NORMAL
2026-01-01 15:40:00,LOT_00,W_00,2,9,ETCHER_A,PATH_0040,1.24,64.35,15.34,101.99,3.2,0.159,17.85,1,NORMAL
2026-01-01 15:45:00,LOT_00,W_00,3,9,ETCHER_A,PATH_0022,0.9,63.52,15.62,98.92,2.51,0.142,14.84,1,NORMAL
2026-01-01 15:50:00,LOT_00,W_00,4,9,ETCHER_A,PATH_0027,0.75,67.04,14.99,100.7,1.91,0.103,16.47,1,NORMAL
2026-01-01 15:55:00,LOT_00,W_00,5,9,ETCHER_A,PATH_0035,1.16,61.49,15.79,100.27,2.73,0.198,15.28,1,NORMAL
2026-01-01 16:00:00,LOT_00,W_00,6,9,ETCHER_A,PATH_0001,1.21,63.6,15.02,101.74,3.1,0.194,16.99,1,NORMAL
2026-01-01 16:05:00,LOT_00,W_00,7,9,ETCHER_A,PATH_0035,0.96,66.25,14.4,100.28,2.51,0.139,18.73,1,NORMAL
2026-01-01 16:10:00,LOT_00,W_00,8,9,ETCHER_A,PATH_0037,0.75,61.35,14.93,101.42,2.02,0.162,13.33,1,NORMAL
2026-01-01 16:15:00,LOT_00,W_00,9,9,ETCHER_A,PATH_0047,0.98,65.62,14.59,99.95,2.67,0.132,14.86,1,NORMAL
2026-01-01 16:20:00,LOT_00,W_01,0,0,ETCHER_B,PATH_0014,0.88,62.8,14.74,101.85,2.16,0.162,14.54,1,NORMAL
2026-01-01 16:25:00,LOT_00,W_01,1,0,ETCHER_B,PATH_0003,0.73,63.8,15.24,103.45,1.72,0.143,16.65,1,NORMAL
2026-01-01 16:30:00,LOT_00,W_01,2,0,ETCHER_B,PATH_0001,0.91,62.33,14.84,98.49,2.22,0.172,17.46,1,NORMAL
2026-01-01 16:35:00,LOT_00,W_01,3,0,ETCHER_B,PATH_0005,0.96,61.05,15.53,101.23,2.42,0.206,15.71,1,NORMAL
2026-01-01 16:40:00,LOT_00,W_01,4,0,ETCHER_B,PATH_0026,0.92,64.1,14.28,89.91,2.3,0.145,14.85,1,NORMAL
2026-01-01 16:45:00,LOT_00,W_01,5,0,ETCHER_B,PATH_0014,1.12,67.8,14.51,94.7,2.64,0.151,,1,NORMAL
2026-01-01 16:50:00,LOT_00,W_01,6,0,ETCHER_B,PATH_0039,1.31,67.02,14.23,97.34,3.39,0.174,17.43,1,NORMAL
2026-01-01 16:55:00,LOT_00,W_01,7,0,ETCHER_B,PATH_0027,1.23,64.24,14.91,100.13,2.93,0.167,17.56,1,NORMAL
2026-01-01 17:00:00,LOT_00,W_01,8,0,ETCHER_B,PATH_0009,0.85,62.87,14.62,95.7,2.13,0.166,15.35,1,NORMAL
2026-01-01 17:05:00,LOT_00,W_01,9,0,ETCHER_B,PATH_0015,0.82,64.22,15.28,99.61,2.0,0.137,15.53,1,NORMAL
2026-01-01 17:10:00,LOT_00,W_01,0,1,ETCHER_B,PATH_0015,1.25,63.8,15.22,99.69,3.17,0.181,18.57,1,NORMAL
2026-01-01 17:15:00,LOT_00,W_01,1,1,ETCHER_B,PATH_0026,0.87,56.74,15.22,103.49,2.11,0.233,11.38,1,NORMAL
2026-01-01 17:20:00,LOT_00,W_01,2,1,ETCHER_B,PATH_0042,0.71,64.07,14.94,102.65,1.62,0.126,15.2,1,NORMAL
2026-01-01 17:25:00,LOT_00,W_01,3,1,ETCHER_B,PATH_0013,0.78,66.25,14.68,99.82,1.87,0.131,13.75,1,NORMAL
2026-01-01 17:30:00,LOT_00,W_01,4,1,ETCHER_B,PATH_0032,1.36,69.1,13.97,91.11,3.19,0.161,21.21,1,NORMAL
2026-01-01 17:35:00,LOT_00,W_01,5,1,ETCHER_B,PATH_0039,1.17,69.88,14.87,104.38,2.88,0.112,20.95,1,NORMAL
2026-01-01 17:40:00,LOT_00,W_01,6,1,ETCHER_B,PATH_0049,1.39,72.59,14.82,94.74,3.49,0.115,22.52,1,NORMAL
2026-01-01 17:45:00,LOT_00,W_01,7,1,ETCHER_B,PATH_0032,1.11,65.37,14.37,94.66,2.83,0.153,17.38,1,NORMAL
2026-01-01 17:50:00,LOT_00,W_01,8,1,ETCHER_B,PATH_0004,1.29,64.18,15.73,107.0,3.35,0.172,19.32,1,NORMAL
2026-01-01 17:55:00,LOT_00,W_01,9,1,ETCHER_B,PATH_0030,0.71,74.7,15.34,98.87,1.92,0.017,19.97,1,NORMAL
2026-01-01 18:00:00,LOT_00,W_01,0,2,ETCHER_B,PATH_0037,0.75,69.23,15.2,95.15,1.64,0.089,17.74,1,NORMAL
2026-01-01 18:05:00,LOT_00,W_01,1,2,ETCHER_B,PATH_0023,0.74,73.36,15.57,97.5,2.05,0.044,,1,NORMAL
2026-01-01 18:10:00,LOT_00,W_01,2,2,ETCHER_B,PATH_0039,0.99,67.52,14.48,107.91,2.45,0.116,16.58,1,NORMAL
2026-01-01 18:15:00,LOT_00,W_01,3,2,ETCHER_B,PATH_0045,0.94,69.17,15.33,105.04,2.38,0.089,19.14,1,NORMAL
2026-01-01 18:20:00,LOT_00,W_01,4,2,ETCHER_B,PATH_0015,1.03,63.03,14.73,94.73,2.65,0.173,16.41,1,NORMAL
2026-01-01 18:25:00,LOT_00,W_01,5,2,ETCHER_B,PATH_0043,1.06,70.24,14.35,95.65,2.61,0.096,19.22,1,NORMAL
2026-01-01 18:30:00,LOT_00,W_01,6,2,ETCHER_B,PATH_0029,0.83,67.86,15.08,98.44,2.03,0.086,16.47,1,NORMAL
2026-01-01 18:35:00,LOT_00,W_01,7,2,ETCHER_B,PATH_0036,0.77,64.7,14.86,101.35,1.87,0.121,15.95,1,NORMAL
2026-01-01 18:40:00,LOT_00,W_01,8,2,ETCHER_B,PATH_0013,1.15,61.95,14.82,106.64,2.82,0.178,16.49,1,NORMAL
2026-01-01 18:45:00,LOT_00,W_01,9,2,ETCHER_B,PATH_0032,1.27,66.43,15.51,94.85,3.02,0.168,17.37,1,NORMAL
2026-01-01 18:50:00,LOT_00,W_01,0,3,ETCHER_B,PATH_0007,1.25,62.21,14.81,93.89,3.09,0.184,16.03,1,NORMAL
2026-01-01 18:55:00,LOT_00,W_01,1,3,ETCHER_B,PATH_0022,1.24,71.93,15.28,108.14,3.02,0.12,21.59,1,NORMAL
2026-01-01 19:00:00,LOT_00,W_01,2,3,ETCHER_B,PATH_0028,0.91,59.17,14.79,107.14,2.34,0.188,13.33,1,NORMAL
2026-01-01 19:05:00,LOT_00,W_01,3,3,ETCHER_B,PATH_0002,1.32,72.62,15.53,102.19,3.36,0.11,20.81,1,NORMAL
2026-01-01 19:10:00,LOT_00,W_01,4,3,ETCHER_B,PATH_0042,0.8,66.93,14.8,95.12,1.97,0.101,14.94,1,NORMAL
2026-01-01 19:15:00,LOT_00,W_01,5,3,ETCHER_B,PATH_0045,1.26,73.59,15.09,100.41,3.22,0.083,21.55,1,NORMAL
2026-01-01 19:20:00,LOT_00,W_01,6,3,ETCHER_B,PATH_0006,0.93,69.01,14.91,98.32,2.31,0.108,18.18,1,NORMAL
2026-01-01 19:25:00,LOT_00,W_01,7,3,ETCHER_B,PATH_0028,0.84,71.1,14.5,103.78,2.07,0.062,19.7,1,NORMAL
2026-01-01 19:30:00,LOT_00,W_01,8,3,ETCHER_B,PATH_0028,1.26,68.84,15.23,99.95,3.19,0.129,20.94,1,NORMAL
2026-01-01 19:35:00,LOT_00,W_01,9,3,ETCHER_B,PATH_0044,1.25,67.17,14.9,95.17,3.13,0.159,18.86,1,NORMAL
2026-01-01 19:40:00,LOT_00,W_01,0,4,ETCHER_B,PATH_0044,1.31,64.12,15.39,112.24,3.28,0.197,17.5,1,NORMAL
2026-01-01 19:45:00,LOT_00,W_01,1,4,ETCHER_B,PATH_0020,0.86,63.85,15.08,104.13,2.11,0.137,15.05,1,NORMAL
2026-01-01 19:50:00,LOT_00,W_01,2,4,ETCHER_B,PATH_0030,0.86,65.51,15.12,99.07,2.11,0.124,17.48,1,NORMAL
2026-01-01 19:55:00,LOT_00,W_01,3,4,ETCHER_B,PATH_0011,1.15,62.53,15.63,100.6,3.02,0.182,17.54,1,NORMAL
2026-01-01 20:00:00,LOT_00,W_01,4,4,ETCHER_B,PATH_0028,1.1,67.73,14.39,104.6,2.93,0.117,18.39,1,NORMAL
2026-01-01 20:05:00,LOT_00,W_01,5,4,ETCHER_B,PATH_0025,0.8,62.52,15.23,87.72,2.02,0.149,14.22,1,ERR-G202
2026-01-01 20:10:00,LOT_00,W_01,6,4,ETCHER_B,PATH_0039,0.94,59.37,14.74,104.2,2.34,0.207,14.09,1,NORMAL
2026-01-01 20:15:00,LOT_00,W_01,7,4,ETCHER_B,PATH_0033,1.4,69.44,15.03,106.96,3.53,0.146,20.67,1,NORMAL
2026-01-01 20:20:00,LOT_00,W_01,8,4,ETCHER_B,PATH_0001,0.72,60.44,14.93,100.24,1.68,0.158,13.57,1,NORMAL
2026-01-01 20:25:00,LOT_00,W_01,9,4,ETCHER_B,PATH_0027,1.31,64.99,13.69,96.51,3.13,0.209,16.26,1,NORMAL
2026-01-01 20:30:00,LOT_00,W_01,0,5,ETCHER_B,PATH_0013,0.89,70.57,14.58,97.96,2.27,0.094,19.91,1,NORMAL
2026-01-01 20:35:00,LOT_00,W_01,1,5,ETCHER_B,PATH_0041,1.04,69.04,15.56,97.36,2.39,0.139,19.49,1,NORMAL
2026-01-01 20:40:00,LOT_00,W_01,2,5,ETCHER_B,PATH_0003,1.31,68.92,15.41,96.89,3.37,0.148,19.21,1,NORMAL
2026-01-01 20:45:00,LOT_00,W_01,3,5,ETCHER_B,PATH_0039,1.22,61.47,14.96,105.23,3.05,0.215,15.72,1,NORMAL
2026-01-01 20:50:00,LOT_00,W_01,4,5,ETCHER_B,PATH_0006,1.23,66.75,14.87,100.54,3.03,0.141,19.61,1,NORMAL
2026-01-01 20:55:00,LOT_00,W_01,5,5,ETCHER_B,PATH_0008,1.27,65.25,15.43,95.59,3.29,0.177,18.76,1,NORMAL
2026-01-01 21:00:00,LOT_00,W_01,6,5,ETCHER_B,PATH_0027,1.27,65.24,14.73,99.86,3.17,0.157,19.07,1,NORMAL
2026-01-01 21:05:00,LOT_00,W_01,7,5,ETCHER_B,PATH_0009,1.3,69.27,14.88,96.14,3.35,0.121,20.48,1,NORMAL
2026-01-01 21:10:00,LOT_00,W_01,8,5,ETCHER_B,PATH_0037,1.0,63.97,14.33,103.96,2.52,0.144,15.69,1,NORMAL
2026-01-01 21:15:00,LOT_00,W_01,9,5,ETCHER_B,PATH_0033,1.2,66.69,14.77,108.14,3.09,0.158,19.57,1,NORMAL
2026-01-01 21:20:00,LOT_00,W_01,0,6,ETCHER_B,PATH_0042,0.71,66.57,14.52,101.9,1.67,0.095,16.11,1,NORMAL
2026-01-01 21:25:00,LOT_00,W_01,1,6,ETCHER_B,PATH_0044,0.85,63.1,14.6,101.78,1.84,0.156,15.14,1,NORMAL
2026-01-01 21:30:00,LOT_00,W_01,2,6,ETCHER_B,PATH_0024,1.11,66.0,14.83,112.12,2.94,0.158,17.04,1,NORMAL
2026-01-01 21:35:00,LOT_00,W_01,3,6,ETCHER_B,PATH_0015,1.16,70.67,14.49,98.67,3.09,0.103,19.85,1,NORMAL
2026-01-01 21:40:00,LOT_00,W_01,4,6,ETCHER_B,PATH_0032,1.38,63.12,14.66,102.99,3.36,0.219,19.04,1,NORMAL
2026-01-01 21:45:00,LOT_00,W_01,5,6,ETCHER_B,PATH_0032,1.13,65.79,15.02,109.09,2.96,0.132,15.66,1,NORMAL
2026-01-01 21:50:00,LOT_00,W_01,6,6,ETCHER_B,PATH_0024,1.07,68.16,14.61,106.17,2.89,0.133,19.34,1,NORMAL
2026-01-01 21:55:00,LOT_00,W_01,7,6,ETCHER_B,PATH_0041,1.17,67.55,15.12,100.76,3.05,0.148,19.06,1,NORMAL
2026-01-01 22:00:00,LOT_00,W_01,8,6,ETCHER_B,PATH_0049,1.0,67.82,14.21,104.29,2.53,0.128,18.19,1,NORMAL
2026-01-01 22:05:00,LOT_00,W_01,9,6,ETCHER_B,PATH_0049,1.23,68.56,15.38,100.2,3.33,0.142,18.69,1,NORMAL
2026-01-01 22:10:00,LOT_00,W_01,0,7,ETCHER_B,PATH_0012,0.99,56.87,15.17,88.17,2.24,0.216,13.31,1,NORMAL
2026-01-01 22:15:00,LOT_00,W_01,1,7,ETCHER_B,PATH_0039,0.95,66.21,15.23,95.96,2.45,0.134,15.82,1,NORMAL
2026-01-01 22:20:00,LOT_00,W_01,2,7,ETCHER_B,PATH_0002,0.87,59.53,14.84,100.92,2.29,0.203,13.63,1,NORMAL
2026-01-01 22:25:00,LOT_00,W_01,3,7,ETCHER_B,PATH_0003,0.87,66.39,15.82,94.87,2.23,0.114,,1,NORMAL
2026-01-01 22:30:00,LOT_00,W_01,4,7,ETCHER_B,PATH_0049,1.32,61.99,14.35,105.0,3.35,0.216,20.09,1,NORMAL
2026-01-01 22:35:00,LOT_00,W_01,5,7,ETCHER_B,PATH_0037,0.85,63.21,15.0,100.2,1.93,0.152,17.5,1,NORMAL
2026-01-01 22:40:00,LOT_00,W_01,6,7,ETCHER_B,PATH_0049,1.34,68.62,14.78,92.66,3.4,0.154,18.35,1,NORMAL
2026-01-01 22:45:00,LOT_00,W_01,7,7,ETCHER_B,PATH_0017,1.28,58.52,15.43,96.34,3.27,0.251,14.16,1,NORMAL
2026-01-01 22:50:00,LOT_00,W_01,8,7,ETCHER_B,PATH_0049,0.71,63.45,14.82,99.92,1.95,0.132,14.79,1,NORMAL
2026-01-01 22:55:00,LOT_00,W_01,9,7,ETCHER_B,PATH_0002,1.16,61.6,14.81,111.65,3.14,0.199,16.11,1,NORMAL
2026-01-01 23:00:00,LOT_00,W_01,0,8,ETCHER_B,PATH_0002,0.77,64.12,14.96,112.26,1.91,0.144,13.15,1,NORMAL
2026-01-01 23:05:00,LOT_00,W_01,1,8,ETCHER_B,PATH_0028,1.18,70.63,16.13,101.91,3.01,0.127,20.27,1,NORMAL
2026-01-01 23:10:00,LOT_00,W_01,2,8,ETCHER_B,PATH_0023,0.93,63.21,14.98,99.13,2.32,0.158,14.95,1,NORMAL
2026-01-01 23:15:00,LOT_00,W_01,3,8,ETCHER_B,PATH_0037,1.19,68.33,14.99,101.8,3.05,0.147,19.04,1,NORMAL
2026-01-01 23:20:00,LOT_00,W_01,4,8,ETCHER_B,PATH_0032,0.82,67.34,14.68,98.75,2.43,0.121,15.5,1,NORMAL
2026-01-01 23:25:00,LOT_00,W_01,5,8,ETCHER_B,PATH_0033,1.3,66.71,14.32,92.9,3.28,0.159,18.93,1,NORMAL
2026-01-01 23:30:00,LOT_00,W_01,6,8,ETCHER_B,PATH_0001,1.25,61.12,15.27,104.25,3.2,0.194,16.86,1,NORMAL
2026-01-01 23:35:00,LOT_00,W_01,7,8,ETCHER_B,PATH_0019,1.22,68.47,15.21,102.14,3.06,0.127,18.39,1,NORMAL
2026-01-01 23:40:00,LOT_00,W_01,8,8,ETCHER_B,PATH_0002,1.28,61.96,15.04,102.65,3.1,0.206,17.29,1,NORMAL
2026-01-01 23:45:00,LOT_00,W_01,9,8,ETCHER_B,PATH_0044,1.33,65.44,15.52,106.48,3.42,0.178,17.82,1,NORMAL
2026-01-01 23:50:00,LOT_00,W_01,0,9,ETCHER_B,PATH_0026,1.04,67.22,14.73,96.49,2.5,0.127,16.51,1,NORMAL
2026-01-01 23:55:00,LOT_00,W_01,1,9,ETCHER_B,PATH_0032,1.24,67.42,14.7,96.31,3.18,0.127,19.32,1,NORMAL
2026-01-02 00:00:00,LOT_00,W_01,2,9,ETCHER_B,PATH_0006,0.75,67.48,14.82,102.67,1.9,0.11,16.49,1,NORMAL
2026-01-02 00:05:00,LOT_00,W_01,3,9,ETCHER_B,PATH_0032,0.92,69.81,15.08,94.85,2.32,0.089,18.67,1,NORMAL
2026-01-02 00:10:00,LOT_00,W_01,4,9,ETCHER_B,PATH_0004,0.83,65.04,14.41,97.33,2.19,0.117,15.8,1,NORMAL
2026-01-02 00:15:00,LOT_00,W_01,5,9,ETCHER_B,PATH_0011,1.29,71.77,14.86,98.96,3.39,0.107,20.85,1,NORMAL
2026-01-02 00:20:00,LOT_00,W_01,6,9,ETCHER_B,PATH_0017,1.25,64.12,14.99,105.21,3.17,0.166,16.48,1,NORMAL
2026-01-02 00:25:00,LOT_00,W_01,7,9,ETCHER_B,PATH_0038,0.88,71.69,15.34,95.66,2.2,0.061,18.83,1,NORMAL
2026-01-02 00:30:00,LOT_00,W_01,8,9,ETCHER_B,PATH_0024,0.95,69.79,15.65,101.22,2.23,0.096,19.54,1,NORMAL
2026-01-02 00:35:00,LOT_00,W_01,9,9,ETCHER_B,PATH_0005,0.9,63.78,15.35,92.54,2.52,0.151,17.21,1,NORMAL
2026-01-02 00:40:00,LOT_00,W_02,0,0,ETCHER_A,PATH_0034,0.77,63.16,14.63,99.03,1.86,0.145,14.15,1,NORMAL
2026-01-02 00:45:00,LOT_00,W_02,1,0,ETCHER_A,PATH_0006,0.85,62.53,14.91,100.26,2.09,0.161,14.33,1,NORMAL
2026-01-02 00:50:00,LOT_00,W_02,2,0,ETCHER_A,PATH_0022,1.19,65.48,15.57,100.6,2.98,0.17,17.71,1,NORMAL
2026-01-02 00:55:00,LOT_00,W_02,3,0,ETCHER_A,PATH_0011,0.83,66.55,15.07,100.95,1.96,0.127,15.82,1,NORMAL
2026-01-02 01:00:00,LOT_00,W_02,4,0,ETCHER_A,PATH_0048,0.91,64.83,14.52,101.82,2.44,0.149,15.43,1,NORMAL
2026-01-02 01:05:00,LOT_00,W_02,5,0,ETCHER_A,PATH_0016,1.01,66.33,14.19,98.52,2.49,0.146,17.19,1,NORMAL
2026-01-02 01:10:00,LOT_00,W_02,6,0,ETCHER_A,PATH_0033,0.73,65.8,14.24,100.66,1.73,0.12,13.39,1,NORMAL
2026-01-02 01:15:00,LOT_00,W_02,7,0,ETCHER_A,PATH_0009,1.27,63.18,14.69,100.44,2.88,0.188,17.46,1,NORMAL
2026-01-02 01:20:00,LOT_00,W_02,8,0,ETCHER_A,PATH_0006,0.87,66.12,14.57,98.12,2.01,0.111,15.79,1,NORMAL
2026-01-02 01:25:00,LOT_00,W_02,9,0,ETCHER_A,PATH_0016,1.08,67.89,15.23,101.99,2.77,0.137,17.27,1,NORMAL
2026-01-02 01:30:00,LOT_00,W_02,0,1,ETCHER_A,PATH_0029,1.35,62.77,14.6,99.95,3.27,0.199,17.09,1,NORMAL
2026-01-02 01:35:00,LOT_00,W_02,1,1,ETCHER_A,PATH_0003,0.71,63.42,15.9,100.51,1.86,0.126,16.03,1,NORMAL
2026-01-02 01:40:00,LOT_00,W_02,2,1,ETCHER_A,PATH_0020,0.79,66.27,15.06,97.56,1.97,0.131,16.51,1,NORMAL
2026-01-02 01:45:00,LOT_00,W_02,3,1,ETCHER_A,PATH_0036,0.95,65.3,14.95,97.06,2.49,0.145,18.67,1,NORMAL
2026-01-02 01:50:00,LOT_00,W_02,4,1,ETCHER_A,PATH_0019,1.18,64.7,15.81,100.48,2.94,0.165,16.84,1,NORMAL
2026-01-02 01:55:00,LOT_00,W_02,5,1,ETCHER_A,PATH_0026,0.74,66.25,14.73,100.57,1.81,0.123,15.67,1,NORMAL
2026-01-02 02:00:00,LOT_00,W_02,6,1,ETCHER_A,PATH_0003,0.82,67.49,15.6,100.02,2.21,0.106,18.94,1,NORMAL
2026-01-02 02:05:00,LOT_00,W_02,7,1,ETCHER_A,PATH_0019,0.74,64.61,14.01,98.99,1.79,0.129,13.9,1,NORMAL
2026-01-02 02:10:00,LOT_00,W_02,8,1,ETCHER_A,PATH_0020,0.76,65.39,15.64,102.8,1.95,0.106,15.58,1,NORMAL
2026-01-02 02:15:00,LOT_00,W_02,9,1,ETCHER_A,PATH_0032,1.13,61.39,14.52,99.45,2.83,0.204,17.58,1,NORMAL
2026-01-02 02:20:00,LOT_00,W_02,0,2,ETCHER_A,PATH_0007,1.04,65.13,15.03,97.5,2.61,0.154,18.23,1,NORMAL
2026-01-02 02:25:00,LOT_00,W_02,1,2,ETCHER_A,PATH_0041,1.27,60.98,15.34,99.52,3.35,0.194,15.72,1,NORMAL
2026-01-02 02:30:00,LOT_00,W_02,2,2,ETCHER_A,PATH_0033,1.2,63.88,14.96,99.73,3.11,0.175,16.09,1,NORMAL
2026-01-02 02:35:00,LOT_00,W_02,3,2,ETCHER_A,PATH_0040,1.1,66.05,15.09,101.85,2.79,0.15,18.5,1,NORMAL
2026-01-02 02:40:00,LOT_00,W_02,4,2,ETCHER_A,PATH_0039,0.85,65.06,15.55,99.35,2.21,0.128,16.72,1,NORMAL
2026-01-02 02:45:00,LOT_00,W_02,5,2,ETCHER_A,PATH_0018,0.76,64.85,14.84,99.78,1.85,0.133,14.91,1,NORMAL
2026-01-02 02:50:00,LOT_00,W_02,6,2,ETCHER_A,PATH_0040,1.19,65.35,14.7,96.85,3.09,0.16,18.7,1,NORMAL
2026-01-02 02:55:00,LOT_00,W_02,7,2,ETCHER_A,PATH_0001,1.29,64.41,15.03,99.5,3.09,0.18,18.44,1,NORMAL
2026-01-02 03:00:00,LOT_00,W_02,8,2,ETCHER_A,PATH_0011,1.16,64.28,15.39,100.79,2.9,0.168,16.54,1,NORMAL
2026-01-02 03:05:00,LOT_00,W_02,9,2,ETCHER_A,PATH_0028,1.09,68.28,15.13,100.92,2.62,0.127,20.7,1,NORMAL
2026-01-02 03:10:00,LOT_00,W_02,0,3,ETCHER_A,PATH_0025,0.89,66.44,14.83,99.51,2.18,0.121,16.71,1,NORMAL
2026-01-02 03:15:00,LOT_00,W_02,1,3,ETCHER_A,PATH_0023,0.7,64.45,15.04,100.36,1.78,0.142,15.39,1,NORMAL
2026-01-02 03:20:00,LOT_00,W_02,2,3,ETCHER_A,PATH_0031,0.7,69.42,14.78,100.53,1.89,0.087,16.92,1,NORMAL
2026-01-02 03:25:00,LOT_00,W_02,3,3,ETCHER_A,PATH_0030,1.27,64.99,15.8,99.63,3.09,0.166,16.63,1,NORMAL
2026-01-02 03:30:00,LOT_00,W_02,4,3,ETCHER_A,PATH_0042,0.85,63.49,14.99,100.53,2.06,0.147,16.2,1,NORMAL
2026-01-02 03:35:00,LOT_00,W_02,5,3,ETCHER_A,PATH_0035,0.71,63.01,15.4,101.4,1.86,0.139,13.59,1,NORMAL
2026-01-02 03:40:00,LOT_00,W_02,6,3,ETCHER_A,PATH_0007,1.2,64.55,14.09,101.53,2.95,0.171,16.49,1,NORMAL
2026-01-02 03:45:00,LOT_00,W_02,7,3,ETCHER_A,PATH_0016,1.14,65.45,14.72,99.44,2.8,0.156,17.29,1,NORMAL
2026-01-02 03:50:00,LOT_00,W_02,8,3,ETCHER_A,PATH_0026,1.39,62.8,15.13,99.75,3.5,0.235,19.21,1,NORMAL
2026-01-02 03:55:00,LOT_00,W_02,9,3,ETCHER_A,PATH_0048,1.21,62.38,15.07,97.05,2.84,0.184,17.16,1,NORMAL
2026-01-02 04:00:00,LOT_00,W_02,0,4,ETCHER_A,PATH_0049,1.35,64.12,14.1,99.92,3.33,0.19,18.75,1,NORMAL
2026-01-02 04:05:00,LOT_00,W_02,1,4,ETCHER_A,PATH_0002,0.81,68.88,14.8,97.09,1.85,0.079,18.55,1,NORMAL
2026-01-02 04:10:00,LOT_00,W_02,2,4,ETCHER_A,PATH_0001,1.05,65.51,14.73,101.19,2.62,0.16,16.67,1,NORMAL
2026-01-02 04:15:00,LOT_00,W_02,3,4,ETCHER_A,PATH_0048,0.89,66.43,14.05,99.18,2.21,0.127,16.72,1,NORMAL
2026-01-02 04:20:00,LOT_00,W_02,4,4,ETCHER_A,PATH_0012,1.34,71.19,14.39,97.8,3.43,0.123,20.11,1,NORMAL
2026-01-02 04:25:00,LOT_00,W_02,5,4,ETCHER_A,PATH_0005,1.01,62.24,14.36,101.61,2.58,0.178,17.12,1,NORMAL
2026-01-02 04:30:00,LOT_00,W_02,6,4,ETCHER_A,PATH_0037,1.3,65.93,15.36,95.43,3.26,0.157,18.64,1,NORMAL
2026-01-02 04:35:00,LOT_00,W_02,7,4,ETCHER_A,PATH_0032,0.72,65.94,14.13,101.97,1.68,0.11,16.22,1,NORMAL
2026-01-02 04:40:00,LOT_00,W_02,8,4,ETCHER_A,PATH_0009,1.23,70.93,15.42,101.61,2.99,0.115,19.14,1,NORMAL
2026-01-02 04:45:00,LOT_00,W_02,9,4,ETCHER_A,PATH_0041,1.02,65.28,15.13,99.0,2.59,0.134,16.54,1,NORMAL
2026-01-02 04:50:00,LOT_00,W_02,0,5,ETCHER_A,PATH_0035,1.19,66.28,15.29,99.62,3.05,0.153,18.12,1,NORMAL
2026-01-02 04:55:00,LOT_00,W_02,1,5,ETCHER_A,PATH_0019,1.31,63.58,15.0,100.45,3.31,0.212,17.98,1,NORMAL
2026-01-02 05:00:00,LOT_00,W_02,2,5,ETCHER_A,PATH_0048,0.88,63.53,14.4,96.97,2.32,0.156,15.57,1,NORMAL
2026-01-02 05:05:00,LOT_00,W_02,3,5,ETCHER_A,PATH_0016,1.11,69.93,15.23,100.49,2.99,0.118,20.62,1,NORMAL
2026-01-02 05:10:00,LOT_00,W_02,4,5,ETCHER_A,PATH_0003,0.98,64.52,15.29,100.43,2.43,0.14,16.77,1,NORMAL
2026-01-02 05:15:00,LOT_00,W_02,5,5,ETCHER_A,PATH_0020,1.29,61.44,14.18,100.51,3.18,0.23,17.99,1,NORMAL
2026-01-02 05:20:00,LOT_00,W_02,6,5,ETCHER_A,PATH_0024,1.23,62.76,14.45,101.47,3.19,0.2,16.57,1,NORMAL
2026-01-02 05:25:00,LOT_00,W_02,7,5,ETCHER_A,PATH_0033,1.24,62.41,14.18,98.23,3.2,0.199,17.39,1,NORMAL
2026-01-02 05:30:00,LOT_00,W_02,8,5,ETCHER_A,PATH_0024,0.71,64.93,14.95,103.09,1.81,0.122,15.06,1,NORMAL
2026-01-02 05:35:00,LOT_00,W_02,9,5,ETCHER_A,PATH_0011,1.13,66.26,14.65,99.05,2.91,0.146,18.16,1,NORMAL
2026-01-02 05:40:00,LOT_00,W_02,0,6,ETCHER_A,PATH_0049,1.33,76.98,14.59,93.72,3.4,0.074,21.55,1,NORMAL
2026-01-02 05:45:00,LOT_00,W_02,1,6,ETCHER_A,PATH_0008,0.88,66.76,14.92,99.98,2.33,0.124,16.9,1,NORMAL
2026-01-02 05:50:00,LOT_00,W_02,2,6,ETCHER_A,PATH_0036,1.18,65.98,15.12,98.1,2.8,0.144,,1,NORMAL
2026-01-02 05:55:00,LOT_00,W_02,3,6,ETCHER_A,PATH_0038,0.78,66.67,16.2,97.24,2.21,0.083,15.16,1,NORMAL
2026-01-02 06:00:00,LOT_00,W_02,4,6,ETCHER_A,PATH_0040,0.82,65.32,14.92,101.83,2.01,0.12,15.89,1,NORMAL
2026-01-02 06:05:00,LOT_00,W_02,5,6,ETCHER_A,PATH_0020,1.0,64.48,14.43,98.14,2.5,0.153,15.73,1,NORMAL
2026-01-02 06:10:00,LOT_00,W_02,6,6,ETCHER_A,PATH_0035,1.32,84.83,14.76,94.31,3.27,-0.022,25.64,0,ERR-T101
2026-01-02 06:15:00,LOT_00,W_02,7,6,ETCHER_A,PATH_0048,0.75,64.57,14.24,101.97,1.88,0.135,14.72,1,NORMAL
2026-01-02 06:20:00,LOT_00,W_02,8,6,ETCHER_A,PATH_0025,0.89,66.27,15.53,97.99,2.22,0.113,15.62,1,NORMAL
2026-01-02 06:25:00,LOT_00,W_02,9,6,ETCHER_A,PATH_0035,1.33,62.67,14.55,101.58,3.31,0.21,,1,NORMAL
2026-01-02 06:30:00,LOT_00,W_02,0,7,ETCHER_A,PATH_0025,0.87,66.64,15.87,100.24,2.08,0.114,17.08,1,NORMAL
2026-01-02 06:35:00,LOT_00,W_02,1,7,ETCHER_A,PATH_0029,1.25,65.15,14.26,99.79,3.13,0.169,17.64,1,NORMAL
2026-01-02 06:40:00,LOT_00,W_02,2,7,ETCHER_A,PATH_0018,1.33,62.08,15.93,97.28,3.35,0.217,18.77,1,NORMAL
2026-01-02 06:45:00,LOT_00,W_02,3,7,ETCHER_A,PATH_0046,1.13,63.4,14.63,98.41,2.82,0.197,17.0,1,NORMAL
2026-01-02 06:50:00,LOT_00,W_02,4,7,ETCHER_A,PATH_0018,1.3,61.61,15.05,101.04,3.22,0.198,16.02,1,NORMAL
2026-01-02 06:55:00,LOT_00,W_02,5,7,ETCHER_A,PATH_0002,0.81,66.18,15.17,101.3,2.0,0.119,16.21,1,NORMAL
2026-01-02 07:00:00,LOT_00,W_02,6,7,ETCHER_A,PATH_0035,1.14,64.22,14.49,97.41,2.79,0.165,17.98,1,NORMAL
2026-01-02 07:05:00,LOT_00,W_02,7,7,ETCHER_A,PATH_0016,1.07,65.66,14.51,100.21,2.87,0.145,18.24,1,NORMAL
2026-01-02 07:10:00,LOT_00,W_02,8,7,ETCHER_A,PATH_0041,0.75,62.69,14.6,99.37,1.67,0.165,16.66,1,NORMAL
2026-01-02 07:15:00,LOT_00,W_02,9,7,ETCHER_A,PATH_0036,0.74,65.08,15.06,99.29,1.82,0.128,15.99,1,NORMAL
2026-01-02 07:20:00,LOT_00,W_02,0,8,ETCHER_A,PATH_0033,1.33,62.87,15.35,99.75,3.29,0.218,18.61,1,NORMAL
2026-01-02 07:25:00,LOT_00,W_02,1,8,ETCHER_A,PATH_0004,1.04,63.59,14.93,98.81,2.73,0.174,16.82,1,NORMAL
2026-01-02 07:30:00,LOT_00,W_02,2,8,ETCHER_A,PATH_0033,0.83,62.66,14.96,99.78,2.14,0.155,14.95,1,NORMAL
2026-01-02 07:35:00,LOT_00,W_02,3,8,ETCHER_A,PATH_0014,1.14,64.35,14.81,99.88,2.95,0.189,16.9,1,NORMAL
2026-01-02 07:40:00,LOT_00,W_02,4,8,ETCHER_A,PATH_0021,1.06,64.64,14.56,97.23,2.62,0.158,17.07,1,NORMAL
2026-01-02 07:45:00,LOT_00,W_02,5,8,ETCHER_A,PATH_0048,1.14,65.3,15.22,100.02,2.9,0.167,17.64,1,NORMAL
2026-01-02 07:50:00,LOT_00,W_02,6,8,ETCHER_A,PATH_0020,1.39,62.89,14.86,101.6,3.57,0.218,19.36,1,NORMAL
2026-01-02 07:55:00,LOT_00,W_02,7,8,ETCHER_A,PATH_0008,0.79,65.62,15.13,98.67,2.07,0.111,16.28,1,NORMAL
2026-01-02 08:00:00,LOT_00,W_02,8,8,ETCHER_A,PATH_0007,0.85,65.48,14.46,99.13,2.26,0.139,15.9,1,NORMAL
2026-01-02 08:05:00,LOT_00,W_02,9,8,ETCHER_A,PATH_0003,1.08,61.05,15.11,101.63,2.68,0.197,14.09,1,NORMAL
2026-01-02 08:10:00,LOT_00,W_02,0,9,ETCHER_A,PATH_0017,1.17,61.64,15.43,101.58,2.98,0.193,16.83,1,NORMAL
2026-01-02 08:15:00,LOT_00,W_02,1,9,ETCHER_A,PATH_0033,0.85,66.97,15.57,99.18,2.13,0.114,16.28,1,NORMAL
2026-01-02 08:20:00,LOT_00,W_02,2,9,ETCHER_A,PATH_0048,1.35,65.95,15.14,102.2,3.3,0.167,19.82,1,NORMAL
2026-01-02 08:25:00,LOT_00,W_02,3,9,ETCHER_A,PATH_0012,0.91,69.12,14.71,100.38,2.35,0.103,18.3,1,NORMAL
2026-01-02 08:30:00,LOT_00,W_02,4,9,ETCHER_A,PATH_0022,1.37,63.14,15.02,99.82,3.42,0.212,18.41,1,NORMAL
2026-01-02 08:35:00,LOT_00,W_02,5,9,ETCHER_A,PATH_0022,0.97,63.15,15.35,98.26,2.49,0.163,,1,NORMAL
2026-01-02 08:40:00,LOT_00,W_02,6,9,ETCHER_A,PATH_0046,1.11,62.98,15.58,99.81,2.75,0.174,14.51,1,NORMAL
2026-01-02 08:45:00,LOT_00,W_02,7,9,ETCHER_A,PATH_0030,1.26,69.96,14.7,101.29,3.27,0.127,19.86,1,NORMAL
2026-01-02 08:50:00,LOT_00,W_02,8,9,ETCHER_A,PATH_0038,1.34,66.36,15.2,100.21,3.36,0.193,19.86,1,NORMAL
2026-01-02 08:55:00,LOT_00,W_02,9,9,ETCHER_A,PATH_0038,0.85,65.44,14.9,99.53,1.99,0.135,17.15,1,NORMAL
2026-01-02 09:00:00,LOT_00,W_03,0,0,ETCHER_A,PATH_0045,0.89,64.53,14.4,99.26,2.36,0.134,16.27,1,NORMAL
2026-01-02 09:05:00,LOT_00,W_03,1,0,ETCHER_A,PATH_0008,1.04,64.33,14.41,100.27,2.68,0.154,17.95,1,NORMAL
2026-01-02 09:10:00,LOT_00,W_03,2,0,ETCHER_A,PATH_0027,1.18,65.32,15.66,101.18,2.93,0.157,18.48,1,NORMAL
2026-01-02 09:15:00,LOT_00,W_03,3,0,ETCHER_A,PATH_0027,0.86,63.8,15.07,98.71,1.99,0.154,17.41,1,NORMAL
2026-01-02 09:20:00,LOT_00,W_03,4,0,ETCHER_A,PATH_0034,1.21,64.97,14.73,101.3,3.02,0.174,16.61,1,NORMAL
2026-01-02 09:25:00,LOT_00,W_03,5,0,ETCHER_A,PATH_0021,1.21,67.2,15.14,99.43,3.12,0.139,19.14,1,NORMAL
2026-01-02 09:30:00,LOT_00,W_03,6,0,ETCHER_A,PATH_0030,1.13,65.57,14.7,99.66,2.74,0.169,19.3,1,NORMAL
2026-01-02 09:35:00,LOT_00,W_03,7,0,ETCHER_A,PATH_0033,1.22,65.22,15.19,101.78,3.04,0.164,18.5,1,NORMAL
2026-01-02 09:40:00,LOT_00,W_03,8,0,ETCHER_A,PATH_0028,1.21,64.85,14.51,99.44,3.07,0.175,20.0,1,NORMAL
2026-01-02 09:45:00,LOT_00,W_03,9,0,ETCHER_A,PATH_0047,0.74,64.83,15.27,103.15,1.89,0.122,14.24,1,NORMAL
2026-01-02 09:50:00,LOT_00,W_03,0,1,ETCHER_A,PATH_0033,0.96,62.33,14.12,101.52,2.36,0.185,13.88,1,NORMAL
2026-01-02 09:55:00,LOT_00,W_03,1,1,ETCHER_A,PATH_0005,0.87,64.07,14.87,106.08,2.08,0.143,15.75,1,NORMAL
2026-01-02 10:00:00,LOT_00,W_03,2,1,ETCHER_A,PATH_0048,1.34,64.96,14.52,99.96,3.4,0.197,18.76,1,NORMAL
2026-01-02 10:05:00,LOT_00,W_03,3,1,ETCHER_A,PATH_0019,1.32,61.03,15.33,99.74,3.41,0.228,15.96,1,NORMAL
2026-01-02 10:10:00,LOT_00,W_03,4,1,ETCHER_A,PATH_0004,0.71,64.4,16.35,99.24,1.86,0.133,14.71,1,NORMAL
2026-01-02 10:15:00,LOT_00,W_03,5,1,ETCHER_A,PATH_0035,1.05,64.07,15.02,101.79,2.39,0.162,16.85,1,NORMAL
2026-01-02 10:20:00,LOT_00,W_03,6,1,ETCHER_A,PATH_0049,0.85,62.97,15.8,97.25,2.02,0.143,16.17,1,NORMAL
2026-01-02 10:25:00,LOT_00,W_03,7,1,ETCHER_A,PATH_0017,1.32,62.61,15.06,99.54,3.22,0.194,16.69,1,NORMAL
2026-01-02 10:30:00,LOT_00,W_03,8,1,ETCHER_A,PATH_0044,1.39,64.14,15.12,99.84,3.54,0.208,18.55,1,NORMAL
2026-01-02 10:35:00,LOT_00,W_03,9,1,ETCHER_A,PATH_0028,1.33,64.67,14.81,97.95,3.41,0.192,18.69,1,NORMAL
2026-01-02 10:40:00,LOT_00,W_03,0,2,ETCHER_A,PATH_0030,1.29,67.47,15.7,99.74,3.4,0.153,20.85,1,NORMAL
2026-01-02 10:45:00,LOT_00,W_03,1,2,ETCHER_A,PATH_0029,0.77,64.68,14.44,99.09,1.91,0.134,14.88,1,NORMAL
2026-01-02 10:50:00,LOT_00,W_03,2,2,ETCHER_A,PATH_0046,0.96,62.85,15.61,101.55,2.5,0.163,15.99,1,NORMAL
2026-01-02 10:55:00,LOT_00,W_03,3,2,ETCHER_A,PATH_0006,1.32,65.34,15.54,104.27,3.34,0.175,20.51,1,NORMAL
2026-01-02 11:00:00,LOT_00,W_03,4,2,ETCHER_A,PATH_0035,0.76,62.83,14.08,99.16,1.96,0.162,16.07,1,NORMAL
2026-01-02 11:05:00,LOT_00,W_03,5,2,ETCHER_A,PATH_0041,0.92,64.73,15.96,98.85,2.24,0.144,17.28,1,NORMAL
2026-01-02 11:10:00,LOT_00,W_03,6,2,ETCHER_A,PATH_0037,0.77,64.88,14.73,100.37,1.76,0.119,15.56,1,NORMAL
2026-01-02 11:15:00,LOT_00,W_03,7,2,ETCHER_A,PATH_0024,1.14,65.58,15.15,101.05,2.79,0.163,,1,NORMAL
2026-01-02 11:20:00,LOT_00,W_03,8,2,ETCHER_A,PATH_0029,1.01,68.36,15.21,98.9,2.48,0.116,19.0,1,NORMAL
2026-01-02 11:25:00,LOT_00,W_03,9,2,ETCHER_A,PATH_0049,0.88,62.97,16.09,99.01,2.27,0.165,16.11,1,NORMAL
2026-01-02 11:30:00,LOT_00,W_03,0,3,ETCHER_A,PATH_0046,1.07,62.57,15.81,100.68,2.77,0.193,16.98,1,NORMAL
2026-01-02 11:35:00,LOT_00,W_03,1,3,ETCHER_A,PATH_0031,1.21,66.07,15.4,98.63,3.06,0.159,18.75,1,NORMAL
2026-01-02 11:40:00,LOT_00,W_03,2,3,ETCHER_A,PATH_0035,1.14,64.47,15.65,101.81,2.94,0.155,17.33,1,NORMAL
2026-01-02 11:45:00,LOT_00,W_03,3,3,ETCHER_A,PATH_0033,1.08,64.62,14.94,101.74,2.79,0.176,17.65,1,NORMAL
2026-01-02 11:50:00,LOT_00,W_03,4,3,ETCHER_A,PATH_0021,0.91,65.6,14.97,103.15,2.24,0.142,16.0,1,NORMAL
2026-01-02 11:55:00,LOT_00,W_03,5,3,ETCHER_A,PATH_0032,1.24,64.49,15.35,99.68,3.07,0.184,18.83,1,NORMAL
2026-01-02 12:00:00,LOT_00,W_03,6,3,ETCHER_A,PATH_0023,0.97,66.87,15.15,97.36,2.38,0.143,17.56,1,NORMAL
2026-01-02 12:05:00,LOT_00,W_03,7,3,ETCHER_A,PATH_0033,1.13,63.21,14.6,101.27,2.83,0.198,15.83,1,NORMAL
2026-01-02 12:10:00,LOT_00,W_03,8,3,ETCHER_A,PATH_0003,1.16,65.77,14.51,101.03,2.98,0.157,17.7,1,NORMAL
2026-01-02 12:15:00,LOT_00,W_03,9,3,ETCHER_A,PATH_0018,0.73,62.79,15.38,102.94,1.68,0.143,17.32,1,NORMAL
2026-01-02 12:20:00,LOT_00,W_03,0,4,ETCHER_A,PATH_0025,1.36,63.14,15.35,101.14,3.44,0.202,19.97,1,NORMAL
2026-01-02 12:25:00,LOT_00,W_03,1,4,ETCHER_A,PATH_0042,1.26,62.38,14.87,98.82,3.0,0.209,19.29,1,NORMAL
2026-01-02 12:30:00,LOT_00,W_03,2,4,ETCHER_A,PATH_0031,1.14,66.46,15.42,103.32,2.94,0.13,17.12,1,NORMAL
2026-01-02 12:35:00,LOT_00,W_03,3,4,ETCHER_A,PATH_0003,0.81,64.34,15.63,99.18,2.03,0.133,15.54,1,NORMAL
2026-01-02 12:40:00,LOT_00,W_03,4,4,ETCHER_A,PATH_0040,0.99,63.82,15.48,97.93,2.46,0.147,16.55,1,NORMAL
2026-01-02 12:45:00,LOT_00,W_03,5,4,ETCHER_A,PATH_0046,1.09,65.38,14.36,100.06,2.82,0.145,16.72,1,NORMAL
2026-01-02 12:50:00,LOT_00,W_03,6,4,ETCHER_A,PATH_0024,1.22,65.71,15.18,99.58,3.16,0.15,18.58,1,NORMAL
2026-01-02 12:55:00,LOT_00,W_03,7,4,ETCHER_A,PATH_0032,1.34,63.99,15.04,103.39,3.36,0.202,19.2,1,NORMAL
2026-01-02 13:00:00,LOT_00,W_03,8,4,ETCHER_A,PATH_0047,0.93,66.9,14.79,99.44,2.29,0.136,17.4,1,NORMAL
2026-01-02 13:05:00,LOT_00,W_03,9,4,ETCHER_A,PATH_0022,0.94,66.67,15.03,102.18,2.38,0.127,17.75,1,NORMAL
2026-01-02 13:10:00,LOT_00,W_03,0,5,ETCHER_A,PATH_0023,0.92,62.7,15.43,101.14,2.39,0.162,13.81,1,NORMAL
2026-01-02 13:15:00,LOT_00,W_03,1,5,ETCHER_A,PATH_0002,0.98,66.26,15.85,99.46,2.6,0.137,16.4,1,NORMAL
2026-01-02 13:20:00,LOT_00,W_03,2,5,ETCHER_A,PATH_0027,1.08,65.66,15.61,98.79,2.63,0.147,16.43,1,NORMAL
2026-01-02 13:25:00,LOT_00,W_03,3,5,ETCHER_A,PATH_0042,1.16,64.68,15.0,99.13,2.99,0.17,14.8,1,NORMAL
2026-01-02 13:30:00,LOT_00,W_03,4,5,ETCHER_A,PATH_0002,0.82,63.04,14.63,101.51,1.93,0.169,16.25,1,NORMAL
2026-01-02 13:35:00,LOT_00,W_03,5,5,ETCHER_A,PATH_0026,1.09,66.57,14.94,99.68,2.8,0.164,15.47,1,NORMAL
2026-01-02 13:40:00,LOT_00,W_03,6,5,ETCHER_A,PATH_0017,0.74,63.73,15.1,100.88,1.77,0.156,15.55,1,NORMAL
2026-01-02 13:45:00,LOT_00,W_03,7,5,ETCHER_A,PATH_0040,1.07,61.88,14.68,102.73,2.57,0.196,17.27,1,NORMAL
2026-01-02 13:50:00,LOT_00,W_03,8,5,ETCHER_A,PATH_0033,1.27,64.59,14.8,99.14,3.34,0.183,18.95,1,NORMAL
2026-01-02 13:55:00,LOT_00,W_03,9,5,ETCHER_A,PATH_0009,0.98,64.85,14.28,98.87,2.53,0.161,15.77,1,NORMAL
2026-01-02 14:00:00,LOT_00,W_03,0,6,ETCHER_A,PATH_0043,1.21,63.89,14.14,100.4,3.02,0.183,16.24,1,NORMAL
2026-01-02 14:05:00,LOT_00,W_03,1,6,ETCHER_A,PATH_0048,0.8,62.03,15.32,97.14,2.27,0.156,14.96,1,NORMAL
2026-01-02 14:10:00,LOT_00,W_03,2,6,ETCHER_A,PATH_0039,0.91,67.27,15.63,99.22,2.24,0.111,18.77,1,NORMAL
2026-01-02 14:15:00,LOT_00,W_03,3,6,ETCHER_A,PATH_0029,1.07,66.75,15.97,100.51,2.79,0.131,18.61,1,NORMAL
2026-01-02 14:20:00,LOT_00,W_03,4,6,ETCHER_A,PATH_0042,0.91,65.03,13.8,99.44,2.34,0.153,15.51,1,NORMAL
2026-01-02 14:25:00,LOT_00,W_03,5,6,ETCHER_A,PATH_0026,1.04,64.27,14.5,101.97,2.49,0.177,16.02,1,NORMAL
2026-01-02 14:30:00,LOT_00,W_03,6,6,ETCHER_A,PATH_0035,1.3,61.96,14.76,98.63,3.1,0.219,16.62,1,NORMAL
2026-01-02 14:35:00,LOT_00,W_03,7,6,ETCHER_A,PATH_0025,0.85,63.63,13.55,98.25,2.12,0.148,16.19,1,NORMAL
2026-01-02 14:40:00,LOT_00,W_03,8,6,ETCHER_A,PATH_0024,0.71,69.85,15.7,98.75,1.82,0.071,18.63,1,NORMAL
2026-01-02 14:45:00,LOT_00,W_03,9,6,ETCHER_A,PATH_0013,0.82,62.72,15.62,99.59,2.16,0.162,15.07,1,NORMAL
2026-01-02 14:50:00,LOT_00,W_03,0,7,ETCHER_A,PATH_0007,1.22,66.46,15.49,101.0,3.08,0.165,18.49,1,NORMAL
2026-01-02 14:55:00,LOT_00,W_03,1,7,ETCHER_A,PATH_0036,1.37,65.1,14.39,98.48,3.47,0.185,18.49,1,NORMAL
2026-01-02 15:00:00,LOT_00,W_03,2,7,ETCHER_A,PATH_0045,0.75,63.55,15.81,99.91,2.02,0.14,,1,NORMAL
2026-01-02 15:05:00,LOT_00,W_03,3,7,ETCHER_A,PATH_0020,1.06,69.81,14.55,100.65,2.54,0.114,20.46,1,NORMAL
2026-01-02 15:10:00,LOT_00,W_03,4,7,ETCHER_A,PATH_0001,1.12,62.89,15.76,100.39,2.58,0.164,16.07,1,NORMAL
2026-01-02 15:15:00,LOT_00,W_03,5,7,ETCHER_A,PATH_0008,0.77,61.0,14.59,102.15,1.9,0.178,13.17,1,NORMAL
2026-01-02 15:20:00,LOT_00,W_03,6,7,ETCHER_A,PATH_0046,1.25,68.72,15.29,101.74,2.91,0.149,20.0,1,NORMAL
2026-01-02 15:25:00,LOT_00,W_03,7,7,ETCHER_A,PATH_0016,1.07,67.1,14.66,100.85,2.69,0.145,18.36,1,NORMAL
2026-01-02 15:30:00,LOT_00,W_03,8,7,ETCHER_A,PATH_0014,1.37,66.51,14.47,101.23,3.44,0.17,20.23,1,NORMAL
2026-01-02 15:35:00,LOT_00,W_03,9,7,ETCHER_A,PATH_0012,0.77,65.93,14.36,99.72,1.78,0.131,15.03,1,NORMAL
2026-01-02 15:40:00,LOT_00,W_03,0,8,ETCHER_A,PATH_0023,0.93,68.19,15.05,101.0,2.5,0.12,17.44,1,NORMAL
2026-01-02 15:45:00,LOT_00,W_03,1,8,ETCHER_A,PATH_0015,1.18,67.13,14.01,99.56,2.84,0.154,17.88,1,NORMAL
2026-01-02 15:50:00,LOT_00,W_03,2,8,ETCHER_A,PATH_0028,1.27,62.16,15.22,102.12,3.14,0.198,16.51,1,NORMAL
2026-01-02 15:55:00,LOT_00,W_03,3,8,ETCHER_A,PATH_0034,1.0,62.72,14.77,98.36,2.43,0.186,15.22,1,NORMAL
2026-01-02 16:00:00,LOT_00,W_03,4,8,ETCHER_A,PATH_0002,1.19,64.63,14.97,97.27,2.85,0.165,17.88,1,NORMAL
2026-01-02 16:05:00,LOT_00,W_03,5,8,ETCHER_A,PATH_0032,1.28,69.24,13.43,99.66,3.36,0.16,20.01,1,NORMAL
2026-01-02 16:10:00,LOT_00,W_03,6,8,ETCHER_A,PATH_0023,1.18,65.37,14.13,99.64,3.22,0.178,18.38,1,NORMAL
2026-01-02 16:15:00,LOT_00,W_03,7,8,ETCHER_A,PATH_0022,0.96,63.65,15.43,101.87,2.35,0.173,15.04,1,NORMAL
2026-01-02 16:20:00,LOT_00,W_03,8,8,ETCHER_A,PATH_0025,1.3,65.73,14.91,103.02,3.26,0.183,18.9,1,NORMAL
2026-01-02 16:25:00,LOT_00,W_03,9,8,ETCHER_A,PATH_0022,1.16,62.05,15.34,98.81,2.94,0.194,15.37,1,NORMAL
2026-01-02 16:30:00,LOT_00,W_03,0,9,ETCHER_A,PATH_0022,1.23,63.77,14.02,99.89,3.19,0.174,,1,NORMAL
2026-01-02 16:35:00,LOT_00,W_03,1,9,ETCHER_A,PATH_0049,1.38,66.3,15.23,99.47,3.38,0.182,18.76,1,NORMAL
2026-01-02 16:40:00,LOT_00,W_03,2,9,ETCHER_A,PATH_0042,0.99,64.86,15.15,98.65,2.56,0.135,16.01,1,NORMAL
2026-01-02 16:45:00,LOT_00,W_03,3,9,ETCHER_A,PATH_0006,0.75,68.48,14.53,98.93,1.86,0.103,19.02,1,NORMAL
2026-01-02 16:50:00,LOT_00,W_03,4,9,ETCHER_A,PATH_0015,0.79,63.33,14.24,99.22,1.86,0.17,15.4,1,NORMAL
2026-01-02 16:55:00,LOT_00,W_03,5,9,ETCHER_A,PATH_0043,0.73,62.29,15.53,98.28,1.81,0.159,14.05,1,NORMAL
2026-01-02 17:00:00,LOT_00,W_03,6,9,ETCHER_A,PATH_0037,1.33,63.88,14.57,101.68,3.37,0.173,17.14,1,NORMAL
2026-01-02 17:05:00,LOT_00,W_03,7,9,ETCHER_A,PATH_0033,0.96,63.91,14.46,101.0,2.56,0.175,15.43,1,NORMAL
2026-01-02 17:10:00,LOT_00,W_03,8,9,ETCHER_A,PATH_0008,0.71,62.71,15.77,101.2,1.87,0.132,15.41,1,NORMAL
2026-01-02 17:15:00,LOT_00,W_03,9,9,ETCHER_A,PATH_0044,1.21,65.86,14.64,101.16,3.02,0.151,19.17,1,NORMAL
2026-01-02 17:20:00,LOT_00,W_04,0,0,ETCHER_A,PATH_0044,0.71,64.17,15.08,100.97,2.04,0.136,16.26,1,NORMAL
2026-01-02 17:25:00,LOT_00,W_04,1,0,ETCHER_A,PATH_0005,1.03,64.69,14.74,98.36,2.66,0.14,16.73,1,NORMAL
2026-01-02 17:30:00,LOT_00,W_04,2,0,ETCHER_A,PATH_0039,0.71,69.35,14.52,97.38,1.55,0.063,16.79,1,NORMAL
2026-01-02 17:35:00,LOT_00,W_04,3,0,ETCHER_A,PATH_0004,1.35,61.03,14.3,99.08,3.31,0.228,16.82,1,NORMAL
2026-01-02 17:40:00,LOT_00,W_04,4,0,ETCHER_A,PATH_0006,1.02,78.48,14.71,95.05,2.4,0.044,23.17,1,NORMAL
2026-01-02 17:45:00,LOT_00,W_04,5,0,ETCHER_A,PATH_0045,0.92,68.26,14.71,99.83,2.29,0.106,18.8,1,NORMAL
2026-01-02 17:50:00,LOT_00,W_04,6,0,ETCHER_A,PATH_0032,1.38,64.71,15.18,97.04,3.65,0.197,17.89,1,NORMAL
2026-01-02 17:55:00,LOT_00,W_04,7,0,ETCHER_A,PATH_0030,0.93,63.25,14.66,100.72,2.42,0.158,16.22,1,NORMAL
2026-01-02 18:00:00,LOT_00,W_04,8,0,ETCHER_A,PATH_0047,0.75,65.82,15.05,102.08,1.86,0.116,14.78,1,NORMAL
2026-01-02 18:05:00,LOT_00,W_04,9,0,ETCHER_A,PATH_0035,0.7,65.22,15.79,101.28,1.78,0.126,16.28,1,NORMAL
2026-01-02 18:10:00,LOT_00,W_04,0,1,ETCHER_A,PATH_0040,1.32,63.85,15.73,100.14,3.45,0.19,17.34,1,NORMAL
2026-01-02 18:15:00,LOT_00,W_04,1,1,ETCHER_A,PATH_0016,1.11,62.57,15.41,101.09,2.72,0.184,14.57,1,NORMAL
2026-01-02 18:20:00,LOT_00,W_04,2,1,ETCHER_A,PATH_0013,1.13,67.0,13.55,98.65,2.82,0.153,17.49,1,NORMAL
2026-01-02 18:25:00,LOT_00,W_04,3,1,ETCHER_A,PATH_0042,1.27,65.97,14.74,99.6,3.27,0.165,17.95,1,NORMAL
2026-01-02 18:30:00,LOT_00,W_04,4,1,ETCHER_A,PATH_0030,1.39,63.82,14.18,103.09,3.37,0.197,18.06,1,NORMAL
2026-01-02 18:35:00,LOT_00,W_04,5,1,ETCHER_A,PATH_0019,0.88,59.86,14.85,97.04,2.17,0.198,15.13,1,NORMAL
2026-01-02 18:40:00,LOT_00,W_04,6,1,ETCHER_A,PATH_0017,0.89,64.35,14.9,100.8,2.06,0.159,16.95,1,NORMAL
2026-01-02 18:45:00,LOT_00,W_04,7,1,ETCHER_A,PATH_0019,0.99,64.83,15.77,97.18,2.45,0.152,17.3,1,NORMAL
2026-01-02 18:50:00,LOT_00,W_04,8,1,ETCHER_A,PATH_0028,1.08,65.05,14.97,99.6,2.74,0.169,17.56,1,NORMAL
2026-01-02 18:55:00,LOT_00,W_04,9,1,ETCHER_A,PATH_0026,0.96,66.52,15.3,97.09,2.36,0.121,17.83,1,NORMAL
2026-01-02 19:00:00,LOT_00,W_04,0,2,ETCHER_A,PATH_0037,0.82,68.23,16.38,101.24,1.89,0.074,16.75,1,NORMAL
2026-01-02 19:05:00,LOT_00,W_04,1,2,ETCHER_A,PATH_0026,1.39,65.38,14.27,100.95,3.41,0.199,18.43,1,NORMAL
2026-01-02 19:10:00,LOT_00,W_04,2,2,ETCHER_A,PATH_0023,0.73,61.57,14.86,98.65,1.85,0.139,12.31,1,NORMAL
2026-01-02 19:15:00,LOT_00,W_04,3,2,ETCHER_A,PATH_0009,1.39,65.42,15.75,99.16,3.45,0.183,18.73,1,NORMAL
2026-01-02 19:20:00,LOT_00,W_04,4,2,ETCHER_A,PATH_0012,1.35,65.15,15.14,101.55,3.4,0.189,18.88,1,NORMAL
2026-01-02 19:25:00,LOT_00,W_04,5,2,ETCHER_A,PATH_0001,1.11,65.11,15.09,100.81,2.72,0.167,17.89,1,NORMAL
2026-01-02 19:30:00,LOT_00,W_04,6,2,ETCHER_A,PATH_0001,0.75,62.14,15.74,101.35,1.77,0.14,15.48,1,NORMAL
2026-01-02 19:35:00,LOT_00,W_04,7,2,ETCHER_A,PATH_0047,0.88,62.81,15.75,99.54,2.18,0.16,15.63,1,NORMAL
2026-01-02 19:40:00,LOT_00,W_04,8,2,ETCHER_A,PATH_0034,0.98,66.61,15.28,99.41,2.32,0.125,,1,NORMAL
2026-01-02 19:45:00,LOT_00,W_04,9,2,ETCHER_A,PATH_0032,1.09,62.64,15.08,101.09,2.63,0.17,16.52,1,NORMAL
2026-01-02 19:50:00,LOT_00,W_04,0,3,ETCHER_A,PATH_0048,1.24,63.13,15.76,97.2,3.21,0.197,19.48,1,NORMAL
2026-01-02 19:55:00,LOT_00,W_04,1,3,ETCHER_A,PATH_0025,1.19,79.67,15.28,93.94,2.9,0.012,23.06,1,NORMAL
2026-01-02 20:00:00,LOT_00,W_04,2,3,ETCHER_A,PATH_0040,1.3,62.53,14.64,99.33,3.3,0.207,16.53,1,NORMAL
2026-01-02 20:05:00,LOT_00,W_04,3,3,ETCHER_A,PATH_0045,0.88,61.22,14.14,100.27,2.14,0.17,14.48,1,NORMAL
2026-01-02 20:10:00,LOT_00,W_04,4,3,ETCHER_A,PATH_0001,1.29,67.29,15.77,101.71,3.22,0.165,21.22,1,NORMAL
2026-01-02 20:15:00,LOT_00,W_04,5,3,ETCHER_A,PATH_0016,1.22,67.6,15.69,98.67,3.25,0.144,18.87,1,NORMAL
2026-01-02 20:20:00,LOT_00,W_04,6,3,ETCHER_A,PATH_0039,1.03,75.64,14.49,97.14,2.61,0.05,24.05,1,NORMAL
2026-01-02 20:25:00,LOT_00,W_04,7,3,ETCHER_A,PATH_0005,1.06,60.82,14.03,99.92,2.56,0.192,16.72,1,NORMAL
2026-01-02 20:30:00,LOT_00,W_04,8,3,ETCHER_A,PATH_0022,1.01,63.14,15.14,99.09,2.44,0.158,16.84,1,NORMAL
2026-01-02 20:35:00,LOT_00,W_04,9,3,ETCHER_A,PATH_0029,0.85,67.6,15.17,103.9,2.19,0.095,17.02,1,NORMAL
2026-01-02 20:40:00,LOT_00,W_04,0,4,ETCHER_A,PATH_0003,1.23,65.15,14.87,101.83,3.22,0.178,18.67,1,NORMAL
2026-01-02 20:45:00,LOT_00,W_04,1,4,ETCHER_A,PATH_0012,1.17,64.14,14.95,100.7,3.03,0.176,16.61,1,NORMAL
2026-01-02 20:50:00,LOT_00,W_04,2,4,ETCHER_A,PATH_0026,1.28,65.69,15.54,101.62,3.23,0.177,19.21,1,NORMAL
2026-01-02 20:55:00,LOT_00,W_04,3,4,ETCHER_A,PATH_0016,1.19,62.48,15.03,98.39,2.94,0.194,16.72,1,NORMAL
2026-01-02 21:00:00,LOT_00,W_04,4,4,ETCHER_A,PATH_0037,0.87,65.05,15.11,99.92,2.14,0.139,16.57,1,NORMAL
2026-01-02 21:05:00,LOT_00,W_04,5,4,ETCHER_A,PATH_0022,0.85,65.86,14.73,101.19,2.05,0.153,16.68,1,NORMAL
2026-01-02 21:10:00,LOT_00,W_04,6,4,ETCHER_A,PATH_0029,0.89,64.77,15.24,100.82,2.23,0.147,15.73,1,NORMAL
2026-01-02 21:15:00,LOT_00,W_04,7,4,ETCHER_A,PATH_0014,0.86,66.02,14.34,99.51,2.17,0.129,17.26,1,NORMAL
2026-01-02 21:20:00,LOT_00,W_04,8,4,ETCHER_A,PATH_0028,1.25,60.77,15.81,99.77,3.15,0.204,17.74,1,NORMAL
2026-01-02 21:25:00,LOT_00,W_04,9,4,ETCHER_A,PATH_0005,1.0,66.37,15.37,101.33,2.45,0.12,16.8,1,NORMAL
2026-01-02 21:30:00,LOT_00,W_04,0,5,ETCHER_A,PATH_0047,0.84,64.71,14.72,98.25,2.09,0.142,16.45,1,NORMAL
2026-01-02 21:35:00,LOT_00,W_04,1,5,ETCHER_A,PATH_0049,1.37,65.65,15.76,100.67,3.38,0.174,17.55,1,NORMAL
2026-01-02 21:40:00,LOT_00,W_04,2,5,ETCHER_A,PATH_0030,1.3,63.26,15.01,100.34,3.53,0.199,16.13,1,NORMAL
2026-01-02 21:45:00,LOT_00,W_04,3,5,ETCHER_A,PATH_0046,0.72,61.9,15.63,100.37,1.83,0.162,12.91,1,NORMAL
2026-01-02 21:50:00,LOT_00,W_04,4,5,ETCHER_A,PATH_0005,1.21,61.76,14.74,98.35,3.11,0.214,18.24,1,NORMAL
2026-01-02 21:55:00,LOT_00,W_04,5,5,ETCHER_A,PATH_0012,1.14,62.19,14.99,99.33,2.93,0.206,15.82,1,NORMAL
2026-01-02 22:00:00,LOT_00,W_04,6,5,ETCHER_A,PATH_0016,0.86,67.38,13.8,101.53,2.12,0.129,17.62,1,NORMAL
2026-01-02 22:05:00,LOT_00,W_04,7,5,ETCHER_A,PATH_0026,1.21,65.22,14.35,100.21,2.97,0.167,17.26,1,NORMAL
2026-01-02 22:10:00,LOT_00,W_04,8,5,ETCHER_A,PATH_0026,1.24,66.12,15.12,99.62,3.12,0.165,18.84,1,NORMAL
2026-01-02 22:15:00,LOT_00,W_04,9,5,ETCHER_A,PATH_0048,0.73,66.28,14.95,99.49,1.94,0.112,15.68,1,NORMAL
2026-01-02 22:20:00,LOT_00,W_04,0,6,ETCHER_A,PATH_0021,1.18,63.74,14.57,100.41,3.07,0.179,16.38,1,NORMAL
2026-01-02 22:25:00,LOT_00,W_04,1,6,ETCHER_A,PATH_0039,1.32,65.38,15.02,98.57,3.24,0.168,18.92,1,NORMAL
2026-01-02 22:30:00,LOT_00,W_04,2,6,ETCHER_A,PATH_0036,0.78,62.62,15.35,99.1,2.09,0.149,16.95,1,NORMAL
2026-01-02 22:35:00,LOT_00,W_04,3,6,ETCHER_A,PATH_0033,0.78,67.61,14.74,100.44,1.99,0.108,16.18,1,NORMAL
2026-01-02 22:40:00,LOT_00,W_04,4,6,ETCHER_A,PATH_0030,1.17,66.49,14.47,100.74,2.81,0.166,18.15,1,NORMAL
2026-01-02 22:45:00,LOT_00,W_04,5,6,ETCHER_A,PATH_0037,1.07,63.95,15.37,98.56,2.67,0.156,15.89,1,NORMAL
2026-01-02 22:50:00,LOT_00,W_04,6,6,ETCHER_A,PATH_0023,1.05,65.59,15.82,98.17,2.66,0.14,16.71,1,NORMAL
2026-01-02 22:55:00,LOT_00,W_04,7,6,ETCHER_A,PATH_0010,1.32,66.07,14.68,102.52,3.34,0.175,18.0,1,NORMAL
2026-01-02 23:00:00,LOT_00,W_04,8,6,ETCHER_A,PATH_0005,1.26,66.81,15.9,98.49,3.2,0.153,18.65,1,NORMAL
2026-01-02 23:05:00,LOT_00,W_04,9,6,ETCHER_A,PATH_0036,0.74,63.64,15.3,97.18,1.68,0.128,15.59,1,NORMAL
2026-01-02 23:10:00,LOT_00,W_04,0,7,ETCHER_A,PATH_0034,0.78,64.0,14.39,100.24,1.91,0.142,16.23,1,NORMAL
2026-01-02 23:15:00,LOT_00,W_04,1,7,ETCHER_A,PATH_0031,0.83,68.37,15.69,99.04,2.05,0.1,17.37,1,NORMAL
2026-01-02 23:20:00,LOT_00,W_04,2,7,ETCHER_A,PATH_0010,1.11,65.35,15.88,101.55,2.78,0.143,18.15,1,NORMAL
2026-01-02 23:25:00,LOT_00,W_04,3,7,ETCHER_A,PATH_0019,1.32,63.12,15.66,96.87,3.28,0.206,20.57,1,NORMAL
2026-01-02 23:30:00,LOT_00,W_04,4,7,ETCHER_A,PATH_0032,0.76,65.21,14.85,100.69,1.9,0.126,16.55,1,NORMAL
2026-01-02 23:35:00,LOT_00,W_04,5,7,ETCHER_A,PATH_0001,1.15,65.04,15.26,100.55,2.93,0.143,17.4,1,NORMAL
2026-01-02 23:40:00,LOT_00,W_04,6,7,ETCHER_A,PATH_0005,1.14,65.91,15.38,99.68,2.77,0.169,17.67,1,NORMAL
2026-01-02 23:45:00,LOT_00,W_04,7,7,ETCHER_A,PATH_0045,0.91,62.17,14.31,101.33,2.35,0.169,16.47,1,NORMAL
2026-01-02 23:50:00,LOT_00,W_04,8,7,ETCHER_A,PATH_0004,0.84,63.07,15.33,102.4,2.12,0.158,14.45,1,NORMAL
2026-01-02 23:55:00,LOT_00,W_04,9,7,ETCHER_A,PATH_0016,0.97,64.57,14.39,102.09,2.53,0.154,17.88,1,NORMAL
2026-01-03 00:00:00,LOT_00,W_04,0,8,ETCHER_A,PATH_0024,0.95,68.6,13.59,98.01,2.25,0.129,20.0,1,NORMAL
2026-01-03 00:05:00,LOT_00,W_04,1,8,ETCHER_A,PATH_0016,1.2,65.38,15.03,99.06,3.06,0.168,19.29,1,NORMAL
2026-01-03 00:10:00,LOT_00,W_04,2,8,ETCHER_A,PATH_0002,0.79,64.48,14.26,98.05,1.8,0.141,17.81,1,NORMAL
2026-01-03 00:15:00,LOT_00,W_04,3,8,ETCHER_A,PATH_0049,0.79,60.07,15.39,98.8,1.89,0.181,14.89,1,NORMAL
2026-01-03 00:20:00,LOT_00,W_04,4,8,ETCHER_A,PATH_0028,0.79,62.44,15.02,101.12,2.11,0.17,13.04,1,NORMAL
2026-01-03 00:25:00,LOT_00,W_04,5,8,ETCHER_A,PATH_0032,0.96,64.55,14.06,101.44,2.55,0.143,16.35,1,NORMAL
2026-01-03 00:30:00,LOT_00,W_04,6,8,ETCHER_A,PATH_0027,0.93,66.58,15.36,97.6,2.41,0.128,18.25,1,NORMAL
2026-01-03 00:35:00,LOT_00,W_04,7,8,ETCHER_A,PATH_0020,1.22,74.59,14.32,94.32,2.88,0.071,21.98,1,NORMAL
2026-01-03 00:40:00,LOT_00,W_04,8,8,ETCHER_A,PATH_0024,1.04,68.5,15.28,99.93,2.58,0.12,19.83,1,NORMAL
2026-01-03 00:45:00,LOT_00,W_04,9,8,ETCHER_A,PATH_0012,1.39,65.41,15.48,99.36,3.47,0.165,17.62,1,NORMAL
2026-01-03 00:50:00,LOT_00,W_04,0,9,ETCHER_A,PATH_0035,0.73,67.17,14.93,98.98,1.99,0.091,15.41,1,NORMAL
2026-01-03 00:55:00,LOT_00,W_04,1,9,ETCHER_A,PATH_0033,1.13,67.41,15.92,101.31,2.75,0.149,18.29,1,NORMAL
2026-01-03 01:00:00,LOT_00,W_04,2,9,ETCHER_A,PATH_0033,0.73,63.4,15.22,100.44,1.81,0.126,13.85,1,NORMAL
2026-01-03 01:05:00,LOT_00,W_04,3,9,ETCHER_A,PATH_0043,1.38,65.54,14.55,98.77,3.58,0.18,19.07,1,NORMAL
2026-01-03 01:10:00,LOT_00,W_04,4,9,ETCHER_A,PATH_0037,1.33,68.92,14.77,101.26,3.3,0.156,20.86,1,NORMAL
2026-01-03 01:15:00,LOT_00,W_04,5,9,ETCHER_A,PATH_0012,1.11,67.02,15.4,101.03,2.7,0.14,19.01,1,NORMAL
2026-01-03 01:20:00,LOT_00,W_04,6,9,ETCHER_A,PATH_0003,0.99,64.6,14.88,99.48,2.54,0.166,17.24,1,NORMAL
2026-01-03 01:25:00,LOT_00,W_04,7,9,ETCHER_A,PATH_0001,1.29,61.28,13.99,99.23,3.2,0.208,17.96,1,NORMAL
2026-01-03 01:30:00,LOT_00,W_04,8,9,ETCHER_A,PATH_0033,1.37,66.14,15.57,100.39,3.64,0.18,17.94,1,NORMAL
2026-01-03 01:35:00,LOT_00,W_04,9,9,ETCHER_A,PATH_0040,1.39,67.07,14.49,101.35,3.35,0.163,19.59,1,NORMAL
2026-01-03 01:40:00,LOT_01,W_00,0,0,ETCHER_B,PATH_0010,1.29,68.09,15.08,95.81,3.18,0.123,20.22,1,NORMAL
2026-01-03 01:45:00,LOT_01,W_00,1,0,ETCHER_B,PATH_0043,1.21,60.55,14.68,95.02,3.1,0.209,15.59,1,NORMAL
2026-01-03 01:50:00,LOT_01,W_00,2,0,ETCHER_B,PATH_0044,0.85,70.81,15.82,90.27,2.09,0.087,17.01,1,NORMAL
2026-01-03 01:55:00,LOT_01,W_00,3,0,ETCHER_B,PATH_0029,0.89,68.41,15.21,100.36,2.27,0.117,17.95,1,NORMAL
2026-01-03 02:00:00,LOT_01,W_00,4,0,ETCHER_B,PATH_0013,1.26,66.77,15.14,95.74,3.12,0.141,18.81,1,NORMAL
2026-01-03 02:05:00,LOT_01,W_00,5,0,ETCHER_B,PATH_0012,1.34,65.01,15.17,107.7,3.28,0.19,19.89,1,NORMAL
2026-01-03 02:10:00,LOT_01,W_00,6,0,ETCHER_B,PATH_0031,1.3,62.61,14.31,96.52,3.37,0.197,17.38,1,NORMAL
2026-01-03 02:15:00,LOT_01,W_00,7,0,ETCHER_B,PATH_0046,0.85,69.55,15.34,98.24,2.06,0.084,17.53,1,NORMAL
2026-01-03 02:20:00,LOT_01,W_00,8,0,ETCHER_B,PATH_0002,1.09,65.65,14.39,99.85,2.63,0.173,17.95,1,NORMAL
2026-01-03 02:25:00,LOT_01,W_00,9,0,ETCHER_B,PATH_0035,1.01,71.98,15.25,95.9,2.56,0.089,17.39,1,NORMAL
2026-01-03 02:30:00,LOT_01,W_00,0,1,ETCHER_B,PATH_0023,0.86,65.33,14.68,101.75,2.02,0.136,15.36,1,NORMAL
2026-01-03 02:35:00,LOT_01,W_00,1,1,ETCHER_B,PATH_0017,0.78,69.4,15.75,97.7,1.89,0.074,18.4,1,NORMAL
2026-01-03 02:40:00,LOT_01,W_00,2,1,ETCHER_B,PATH_0026,0.84,64.68,14.96,105.82,2.15,0.147,17.54,1,NORMAL
2026-01-03 02:45:00,LOT_01,W_00,3,1,ETCHER_B,PATH_0008,0.93,68.23,14.99,97.05,2.29,0.122,17.08,1,NORMAL
2026-01-03 02:50:00,LOT_01,W_00,4,1,ETCHER_B,PATH_0029,0.78,68.44,14.98,104.93,1.93,0.088,17.97,1,NORMAL
2026-01-03 02:55:00,LOT_01,W_00,5,1,ETCHER_B,PATH_0026,1.03,67.15,15.88,96.41,2.77,0.131,17.62,1,NORMAL
2026-01-03 03:00:00,LOT_01,W_00,6,1,ETCHER_B,PATH_0010,1.31,70.82,14.59,91.28,3.45,0.11,19.13,1,NORMAL
2026-01-03 03:05:00,LOT_01,W_00,7,1,ETCHER_B,PATH_0026,0.91,67.3,14.68,96.35,2.32,0.132,16.9,1,NORMAL
2026-01-03 03:10:00,LOT_01,W_00,8,1,ETCHER_B,PATH_0034,0.77,70.13,15.04,93.22,1.93,0.095,17.92,1,NORMAL
2026-01-03 03:15:00,LOT_01,W_00,9,1,ETCHER_B,PATH_0041,1.21,70.01,14.3,108.03,2.69,0.136,21.57,1,NORMAL
2026-01-03 03:20:00,LOT_01,W_00,0,2,ETCHER_B,PATH_0007,1.39,64.58,15.33,95.34,3.5,0.188,18.42,1,NORMAL
2026-01-03 03:25:00,LOT_01,W_00,1,2,ETCHER_B,PATH_0004,0.84,64.4,15.01,93.15,2.13,0.128,14.74,1,NORMAL
2026-01-03 03:30:00,LOT_01,W_00,2,2,ETCHER_B,PATH_0045,1.23,64.26,14.66,100.77,2.95,0.19,19.58,1,NORMAL
2026-01-03 03:35:00,LOT_01,W_00,3,2,ETCHER_B,PATH_0011,1.24,74.38,14.89,102.28,3.01,0.08,22.58,1,NORMAL
2026-01-03 03:40:00,LOT_01,W_00,4,2,ETCHER_B,PATH_0029,0.77,71.34,14.61,98.49,2.07,0.068,18.72,1,NORMAL
2026-01-03 03:45:00,LOT_01,W_00,5,2,ETCHER_B,PATH_0036,0.82,65.26,14.61,101.03,1.92,0.132,16.56,1,NORMAL
2026-01-03 03:50:00,LOT_01,W_00,6,2,ETCHER_B,PATH_0025,0.78,65.35,13.99,106.43,1.97,0.126,14.42,1,NORMAL
2026-01-03 03:55:00,LOT_01,W_00,7,2,ETCHER_B,PATH_0021,1.18,71.85,14.83,92.59,3.12,0.089,22.03,1,NORMAL
2026-01-03 04:00:00,LOT_01,W_00,8,2,ETCHER_B,PATH_0036,1.2,66.67,15.3,96.62,3.06,0.144,18.02,1,NORMAL
2026-01-03 04:05:00,LOT_01,W_00,9,2,ETCHER_B,PATH_0010,1.05,66.2,14.46,97.96,2.56,0.145,18.65,1,NORMAL
2026-01-03 04:10:00,LOT_01,W_00,0,3,ETCHER_B,PATH_0037,1.04,66.99,15.82,98.5,2.74,0.143,17.95,1,NORMAL
2026-01-03 04:15:00,LOT_01,W_00,1,3,ETCHER_B,PATH_0009,0.86,63.08,14.41,101.18,2.19,0.164,16.06,1,NORMAL
2026-01-03 04:20:00,LOT_01,W_00,2,3,ETCHER_B,PATH_0024,1.25,69.91,13.97,100.44,2.95,0.122,20.25,1,NORMAL
2026-01-03 04:25:00,LOT_01,W_00,3,3,ETCHER_B,PATH_0035,0.85,68.49,15.03,100.67,2.13,0.095,17.61,1,NORMAL
2026-01-03 04:30:00,LOT_01,W_00,4,3,ETCHER_B,PATH_0049,1.23,60.68,15.11,99.36,2.99,0.229,16.95,1,NORMAL
2026-01-03 04:35:00,LOT_01,W_00,5,3,ETCHER_B,PATH_0035,1.08,66.42,14.73,102.19,2.6,0.152,17.04,1,NORMAL
2026-01-03 04:40:00,LOT_01,W_00,6,3,ETCHER_B,PATH_0048,0.78,71.98,15.45,104.03,1.96,0.043,18.4,1,NORMAL
2026-01-03 04:45:00,LOT_01,W_00,7,3,ETCHER_B,PATH_0036,0.82,67.88,14.22,93.75,1.97,0.091,18.31,1,NORMAL
2026-01-03 04:50:00,LOT_01,W_00,8,3,ETCHER_B,PATH_0018,1.28,62.39,15.26,100.26,3.2,0.203,18.98,1,NORMAL
2026-01-03 04:55:00,LOT_01,W_00,9,3,ETCHER_B,PATH_0049,1.07,65.31,14.96,104.0,2.77,0.163,18.93,1,NORMAL
2026-01-03 05:00:00,LOT_01,W_00,0,4,ETCHER_B,PATH_0039,0.74,68.15,14.92,99.32,1.97,0.091,18.93,1,NORMAL
2026-01-03 05:05:00,LOT_01,W_00,1,4,ETCHER_B,PATH_0032,0.89,70.41,14.08,110.37,2.21,0.09,17.39,1,NORMAL
2026-01-03 05:10:00,LOT_01,W_00,2,4,ETCHER_B,PATH_0024,1.28,62.05,14.66,93.12,3.22,0.216,19.11,1,NORMAL
2026-01-03 05:15:00,LOT_01,W_00,3,4,ETCHER_B,PATH_0023,1.24,62.96,15.3,104.05,3.09,0.203,15.5,1,NORMAL
2026-01-03 05:20:00,LOT_01,W_00,4,4,ETCHER_B,PATH_0032,1.29,70.55,14.28,95.83,3.13,0.138,20.28,1,NORMAL
2026-01-03 05:25:00,LOT_01,W_00,5,4,ETCHER_B,PATH_0037,0.7,68.25,14.65,100.18,1.74,0.093,14.68,1,NORMAL
2026-01-03 05:30:00,LOT_01,W_00,6,4,ETCHER_B,PATH_0012,0.96,65.85,15.26,102.47,2.34,0.132,19.42,1,NORMAL
2026-01-03 05:35:00,LOT_01,W_00,7,4,ETCHER_B,PATH_0049,1.19,66.52,14.65,103.12,3.06,0.154,15.85,1,NORMAL
2026-01-03 05:40:00,LOT_01,W_00,8,4,ETCHER_B,PATH_0013,0.75,64.93,15.45,93.65,2.0,0.127,14.05,1,NORMAL
2026-01-03 05:45:00,LOT_01,W_00,9,4,ETCHER_B,PATH_0023,1.33,61.02,14.6,101.74,3.22,0.233,18.41,1,NORMAL
2026-01-03 05:50:00,LOT_01,W_00,0,5,ETCHER_B,PATH_0025,1.22,64.0,14.8,102.07,3.1,0.191,18.79,1,NORMAL
2026-01-03 05:55:00,LOT_01,W_00,1,5,ETCHER_B,PATH_0035,1.37,75.93,15.45,101.47,3.28,0.081,23.51,1,NORMAL
2026-01-03 06:00:00,LOT_01,W_00,2,5,ETCHER_B,PATH_0041,0.97,68.23,14.74,108.96,2.48,0.116,17.17,1,NORMAL
2026-01-03 06:05:00,LOT_01,W_00,3,5,ETCHER_B,PATH_0030,1.36,60.21,15.04,95.05,3.4,0.241,16.47,1,NORMAL
2026-01-03 06:10:00,LOT_01,W_00,4,5,ETCHER_B,PATH_0017,1.13,63.98,15.08,89.7,2.92,0.178,,1,NORMAL
2026-01-03 06:15:00,LOT_01,W_00,5,5,ETCHER_B,PATH_0049,1.38,71.28,14.85,102.27,3.36,0.124,22.54,1,NORMAL
2026-01-03 06:20:00,LOT_01,W_00,6,5,ETCHER_B,PATH_0020,0.81,65.22,14.6,85.93,1.9,0.131,17.62,1,ERR-G202
2026-01-03 06:25:00,LOT_01,W_00,7,5,ETCHER_B,PATH_0048,1.07,64.23,15.96,100.43,2.67,0.146,18.63,1,NORMAL
2026-01-03 06:30:00,LOT_01,W_00,8,5,ETCHER_B,PATH_0025,0.82,61.46,14.43,90.39,2.08,0.183,15.56,1,NORMAL
2026-01-03 06:35:00,LOT_01,W_00,9,5,ETCHER_B,PATH_0022,0.93,66.33,15.14,99.85,2.44,0.135,,1,NORMAL
2026-01-03 06:40:00,LOT_01,W_00,0,6,ETCHER_B,PATH_0013,0.9,64.96,14.01,97.94,2.34,0.133,17.31,1,NORMAL
2026-01-03 06:45:00,LOT_01,W_00,1,6,ETCHER_B,PATH_0019,0.9,69.12,15.52,98.47,2.33,0.088,18.15,1,NORMAL
2026-01-03 06:50:00,LOT_01,W_00,2,6,ETCHER_B,PATH_0049,0.82,63.21,14.96,95.73,2.12,0.142,14.76,1,NORMAL
2026-01-03 06:55:00,LOT_01,W_00,3,6,ETCHER_B,PATH_0036,0.81,72.0,14.52,92.49,1.96,0.06,18.19,1,NORMAL
2026-01-03 07:00:00,LOT_01,W_00,4,6,ETCHER_B,PATH_0012,0.92,68.74,15.09,96.44,2.43,0.097,18.52,1,NORMAL
2026-01-03 07:05:00,LOT_01,W_00,5,6,ETCHER_B,PATH_0041,0.98,73.93,14.91,104.31,2.4,0.058,20.48,1,NORMAL
2026-01-03 07:10:00,LOT_01,W_00,6,6,ETCHER_B,PATH_0019,1.14,70.06,14.98,101.61,2.96,0.105,19.71,1,NORMAL
2026-01-03 07:15:00,LOT_01,W_00,7,6,ETCHER_B,PATH_0012,1.1,65.71,14.59,93.71,2.57,0.163,17.57,1,NORMAL
2026-01-03 07:20:00,LOT_01,W_00,8,6,ETCHER_B,PATH_0009,1.15,76.16,15.12,99.75,2.87,0.057,22.63,1,NORMAL
2026-01-03 07:25:00,LOT_01,W_00,9,6,ETCHER_B,PATH_0007,0.87,62.24,14.42,94.82,1.92,0.177,15.34,1,NORMAL
2026-01-03 07:30:00,LOT_01,W_00,0,7,ETCHER_B,PATH_0028,0.95,69.84,15.51,99.26,2.38,0.076,17.45,1,NORMAL
2026-01-03 07:35:00,LOT_01,W_00,1,7,ETCHER_B,PATH_0014,1.35,75.71,14.03,108.04,3.37,0.099,21.35,1,NORMAL
2026-01-03 07:40:00,LOT_01,W_00,2,7,ETCHER_B,PATH_0031,0.78,72.14,15.0,102.28,2.0,0.029,17.79,1,NORMAL
2026-01-03 07:45:00,LOT_01,W_00,3,7,ETCHER_B,PATH_0019,1.38,66.38,14.99,103.14,3.52,0.175,19.37,1,NORMAL
2026-01-03 07:50:00,LOT_01,W_00,4,7,ETCHER_B,PATH_0047,0.8,79.14,16.29,102.86,2.01,-0.02,22.5,0,ERR-T101
2026-01-03 07:55:00,LOT_01,W_00,5,7,ETCHER_B,PATH_0016,1.15,66.27,14.61,103.51,3.06,0.139,19.17,1,NORMAL
2026-01-03 08:00:00,LOT_01,W_00,6,7,ETCHER_B,PATH_0005,1.34,65.54,14.7,98.96,3.33,0.157,17.79,1,NORMAL
2026-01-03 08:05:00,LOT_01,W_00,7,7,ETCHER_B,PATH_0035,1.22,72.31,15.31,91.49,3.18,0.104,19.96,1,NORMAL
2026-01-03 08:10:00,LOT_01,W_00,8,7,ETCHER_B,PATH_0012,1.22,67.71,15.4,110.18,3.1,0.153,20.34,1,NORMAL
2026-01-03 08:15:00,LOT_01,W_00,9,7,ETCHER_B,PATH_0025,1.17,67.84,15.2,99.18,3.03,0.126,19.6,1,NORMAL
2026-01-03 08:20:00,LOT_01,W_00,0,8,ETCHER_B,PATH_0021,1.38,62.75,15.02,97.6,3.6,0.193,17.86,1,NORMAL
2026-01-03 08:25:00,LOT_01,W_00,1,8,ETCHER_B,PATH_0036,0.81,63.23,14.16,98.14,1.97,0.145,14.41,1,NORMAL
2026-01-03 08:30:00,LOT_01,W_00,2,8,ETCHER_B,PATH_0023,1.2,72.78,15.38,101.91,2.99,0.096,20.32,1,NORMAL
2026-01-03 08:35:00,LOT_01,W_00,3,8,ETCHER_B,PATH_0016,0.97,69.67,14.4,101.27,2.37,0.119,18.18,1,NORMAL
2026-01-03 08:40:00,LOT_01,W_00,4,8,ETCHER_B,PATH_0039,0.87,65.2,14.69,100.47,2.26,0.138,15.75,1,NORMAL
2026-01-03 08:45:00,LOT_01,W_00,5,8,ETCHER_B,PATH_0045,0.73,70.9,14.98,99.25,1.94,0.067,19.84,1,NORMAL
2026-01-03 08:50:00,LOT_01,W_00,6,8,ETCHER_B,PATH_0042,0.95,64.28,15.46,97.24,2.29,0.159,15.87,1,NORMAL
2026-01-03 08:55:00,LOT_01,W_00,7,8,ETCHER_B,PATH_0039,0.78,66.43,14.83,92.78,1.95,0.114,16.4,1,NORMAL
2026-01-03 09:00:00,LOT_01,W_00,8,8,ETCHER_B,PATH_0014,0.95,68.38,16.16,98.39,2.39,0.106,14.4,1,NORMAL
2026-01-03 09:05:00,LOT_01,W_00,9,8,ETCHER_B,PATH_0031,0.8,69.22,13.94,95.81,2.0,0.097,19.29,1,NORMAL
2026-01-03 09:10:00,LOT_01,W_00,0,9,ETCHER_B,PATH_0005,1.17,63.67,14.39,95.25,2.92,0.185,16.53,1,NORMAL
2026-01-03 09:15:00,LOT_01,W_00,1,9,ETCHER_B,PATH_0035,1.23,67.78,14.75,96.8,3.05,0.127,18.85,1,NORMAL
2026-01-03 09:20:00,LOT_01,W_00,2,9,ETCHER_B,PATH_0023,0.99,69.92,14.63,92.22,2.52,0.079,19.61,1,NORMAL
2026-01-03 09:25:00,LOT_01,W_00,3,9,ETCHER_B,PATH_0029,0.71,68.5,15.09,104.57,1.71,0.096,17.6,1,NORMAL
2026-01-03 09:30:00,LOT_01,W_00,4,9,ETCHER_B,PATH_0043,0.95,62.93,15.3,93.69,2.43,0.146,16.44,1,NORMAL
2026-01-03 09:35:00,LOT_01,W_00,5,9,ETCHER_B,PATH_0011,1.16,66.6,15.12,97.65,2.89,0.142,18.46,1,NORMAL
2026-01-03 09:40:00,LOT_01,W_00,6,9,ETCHER_B,PATH_0018,1.4,62.72,14.94,98.75,3.57,0.199,19.91,1,NORMAL
2026-01-03 09:45:00,LOT_01,W_00,7,9,ETCHER_B,PATH_0047,1.25,66.95,15.32,94.06,3.07,0.162,19.58,1,NORMAL
2026-01-03 09:50:00,LOT_01,W_00,8,9,ETCHER_B,PATH_0012,1.15,65.61,15.93,101.28,2.82,0.161,17.04,1,NORMAL
2026-01-03 09:55:00,LOT_01,W_00,9,9,ETCHER_B,PATH_0009,1.35,62.71,15.2,99.82,3.34,0.214,15.77,1,NORMAL
2026-01-03 10:00:00,LOT_01,W_01,0,0,ETCHER_A,PATH_0010,0.98,78.67,14.39,93.65,2.4,0.011,22.67,1,NORMAL
2026-01-03 10:05:00,LOT_01,W_01,1,0,ETCHER_A,PATH_0044,0.81,65.15,13.99,103.82,2.06,0.113,16.62,1,NORMAL
2026-01-03 10:10:00,LOT_01,W_01,2,0,ETCHER_A,PATH_0017,0.84,63.61,14.89,100.5,1.98,0.155,17.12,1,NORMAL
2026-01-03 10:15:00,LOT_01,W_01,3,0,ETCHER_A,PATH_0038,1.21,65.24,15.02,100.19,3.23,0.178,17.71,1,NORMAL
2026-01-03 10:20:00,LOT_01,W_01,4,0,ETCHER_A,PATH_0007,0.8,68.23,14.92,99.16,1.99,0.113,16.28,1,NORMAL
2026-01-03 10:25:00,LOT_01,W_01,5,0,ETCHER_A,PATH_0046,1.28,66.96,14.57,99.12,3.12,0.163,19.2,1,NORMAL
2026-01-03 10:30:00,LOT_01,W_01,6,0,ETCHER_A,PATH_0013,1.31,62.67,15.38,99.46,3.35,0.198,17.69,1,NORMAL
2026-01-03 10:35:00,LOT_01,W_01,7,0,ETCHER_A,PATH_0040,1.16,67.28,15.26,99.04,2.78,0.156,18.85,1,NORMAL
2026-01-03 10:40:00,LOT_01,W_01,8,0,ETCHER_A,PATH_0042,0.98,67.91,15.48,96.72,2.6,0.111,17.3,1,NORMAL
2026-01-03 10:45:00,LOT_01,W_01,9,0,ETCHER_A,PATH_0009,1.23,67.73,14.31,101.59,3.01,0.165,19.0,1,NORMAL
2026-01-03 10:50:00,LOT_01,W_01,0,1,ETCHER_A,PATH_0027,1.06,67.92,15.25,98.63,2.74,0.119,20.58,1,NORMAL
2026-01-03 10:55:00,LOT_01,W_01,1,1,ETCHER_A,PATH_0002,1.09,69.11,14.73,101.45,2.86,0.109,19.94,1,NORMAL
2026-01-03 11:00:00,LOT_01,W_01,2,1,ETCHER_A,PATH_0005,0.78,67.7,14.43,103.73,1.92,0.099,19.03,1,NORMAL
2026-01-03 11:05:00,LOT_01,W_01,3,1,ETCHER_A,PATH_0029,0.9,65.3,15.7,99.66,2.43,0.14,17.67,1,NORMAL
2026-01-03 11:10:00,LOT_01,W_01,4,1,ETCHER_A,PATH_0037,1.27,63.12,15.01,100.12,3.27,0.192,16.67,1,NORMAL
2026-01-03 11:15:00,LOT_01,W_01,5,1,ETCHER_A,PATH_0038,1.06,63.09,14.81,98.77,2.67,0.158,17.89,1,NORMAL
2026-01-03 11:20:00,LOT_01,W_01,6,1,ETCHER_A,PATH_0019,1.16,64.58,14.09,98.37,2.75,0.157,20.75,1,NORMAL
2026-01-03 11:25:00,LOT_01,W_01,7,1,ETCHER_A,PATH_0008,1.36,63.64,14.53,99.5,3.26,0.212,17.24,1,NORMAL
2026-01-03 11:30:00,LOT_01,W_01,8,1,ETCHER_A,PATH_0048,0.89,66.75,15.21,101.34,2.19,0.127,16.97,1,NORMAL
2026-01-03 11:35:00,LOT_01,W_01,9,1,ETCHER_A,PATH_0045,1.29,65.22,15.15,97.39,3.14,0.194,18.7,1,NORMAL
2026-01-03 11:40:00,LOT_01,W_01,0,2,ETCHER_A,PATH_0001,1.22,65.35,15.39,100.55,3.12,0.163,19.91,1,NORMAL
2026-01-03 11:45:00,LOT_01,W_01,1,2,ETCHER_A,PATH_0022,0.72,65.69,14.94,100.61,1.77,0.107,16.12,1,NORMAL
2026-01-03 11:50:00,LOT_01,W_01,2,2,ETCHER_A,PATH_0017,1.07,64.74,15.78,98.47,2.68,0.144,16.7,1,NORMAL
2026-01-03 11:55:00,LOT_01,W_01,3,2,ETCHER_A,PATH_0007,1.19,64.39,14.13,102.04,2.98,0.187,17.1,1,NORMAL
2026-01-03 12:00:00,LOT_01,W_01,4,2,ETCHER_A,PATH_0025,1.09,67.04,15.85,103.03,2.6,0.119,17.65,1,NORMAL
2026-01-03 12:05:00,LOT_01,W_01,5,2,ETCHER_A,PATH_0045,1.36,65.63,15.86,100.85,3.47,0.159,19.27,1,NORMAL
2026-01-03 12:10:00,LOT_01,W_01,6,2,ETCHER_A,PATH_0004,1.03,62.73,15.67,101.23,2.62,0.184,15.69,1,NORMAL
2026-01-03 12:15:00,LOT_01,W_01,7,2,ETCHER_A,PATH_0036,1.06,69.76,14.44,101.26,2.82,0.116,18.58,1,NORMAL
2026-01-03 12:20:00,LOT_01,W_01,8,2,ETCHER_A,PATH_0006,0.85,65.97,15.54,101.65,1.99,0.115,15.52,1,NORMAL
2026-01-03 12:25:00,LOT_01,W_01,9,2,ETCHER_A,PATH_0031,1.07,62.75,14.1,99.0,2.68,0.181,15.59,1,NORMAL
2026-01-03 12:30:00,LOT_01,W_01,0,3,ETCHER_A,PATH_0019,1.12,64.08,15.3,99.91,2.93,0.181,19.49,1,NORMAL
2026-01-03 12:35:00,LOT_01,W_01,1,3,ETCHER_A,PATH_0044,1.02,64.09,15.27,99.36,2.45,0.173,16.63,1,NORMAL
2026-01-03 12:40:00,LOT_01,W_01,2,3,ETCHER_A,PATH_0039,1.08,64.86,15.26,101.83,2.64,0.146,17.35,1,NORMAL
2026-01-03 12:45:00,LOT_01,W_01,3,3,ETCHER_A,PATH_0027,1.19,65.07,14.43,101.61,2.94,0.178,,1,NORMAL
2026-01-03 12:50:00,LOT_01,W_01,4,3,ETCHER_A,PATH_0010,1.02,67.8,14.17,100.39,2.63,0.121,18.97,1,NORMAL
2026-01-03 12:55:00,LOT_01,W_01,5,3,ETCHER_A,PATH_0026,1.02,60.32,15.43,101.07,2.48,0.199,18.77,1,NORMAL
2026-01-03 13:00:00,LOT_01,W_01,6,3,ETCHER_A,PATH_0019,0.86,63.92,15.12,99.48,2.1,0.135,16.23,1,NORMAL
2026-01-03 13:05:00,LOT_01,W_01,7,3,ETCHER_A,PATH_0039,0.87,64.54,14.43,98.49,2.17,0.142,14.81,1,NORMAL
2026-01-03 13:10:00,LOT_01,W_01,8,3,ETCHER_A,PATH_0003,1.31,67.52,15.78,100.2,3.21,0.146,20.2,1,NORMAL
2026-01-03 13:15:00,LOT_01,W_01,9,3,ETCHER_A,PATH_0045,0.93,63.22,14.82,98.71,2.48,0.155,16.49,1,NORMAL
2026-01-03 13:20:00,LOT_01,W_01,0,4,ETCHER_A,PATH_0013,1.17,66.11,14.47,100.12,2.87,0.166,17.54,1,NORMAL
2026-01-03 13:25:00,LOT_01,W_01,1,4,ETCHER_A,PATH_0028,1.27,62.33,15.65,101.3,3.18,0.217,,1,NORMAL
2026-01-03 13:30:00,LOT_01,W_01,2,4,ETCHER_A,PATH_0020,1.1,67.45,14.98,100.79,2.8,0.129,,1,NORMAL
2026-01-03 13:35:00,LOT_01,W_01,3,4,ETCHER_A,PATH_0028,0.94,65.06,14.66,99.46,2.43,0.161,16.68,1,NORMAL
2026-01-03 13:40:00,LOT_01,W_01,4,4,ETCHER_A,PATH_0008,1.09,61.98,15.65,98.99,2.63,0.194,16.44,1,NORMAL
2026-01-03 13:45:00,LOT_01,W_01,5,4,ETCHER_A,PATH_0041,1.39,62.43,14.99,98.89,3.72,0.214,,1,NORMAL
2026-01-03 13:50:00,LOT_01,W_01,6,4,ETCHER_A,PATH_0039,0.96,64.33,14.86,100.54,2.48,0.163,16.62,1,NORMAL
2026-01-03 13:55:00,LOT_01,W_01,7,4,ETCHER_A,PATH_0001,1.19,67.8,15.17,98.76,2.85,0.129,20.36,1,NORMAL
2026-01-03 14:00:00,LOT_01,W_01,8,4,ETCHER_A,PATH_0003,1.32,60.36,15.3,99.17,3.14,0.21,15.76,1,NORMAL
2026-01-03 14:05:00,LOT_01,W_01,9,4,ETCHER_A,PATH_0013,1.19,62.01,14.72,100.5,3.07,0.205,19.39,1,NORMAL
2026-01-03 14:10:00,LOT_01,W_01,0,5,ETCHER_A,PATH_0028,1.2,63.41,15.06,100.9,2.89,0.191,17.89,1,NORMAL
2026-01-03 14:15:00,LOT_01,W_01,1,5,ETCHER_A,PATH_0049,0.76,62.94,15.48,103.14,1.92,0.159,14.92,1,NORMAL
2026-01-03 14:20:00,LOT_01,W_01,2,5,ETCHER_A,PATH_0025,0.73,66.22,15.4,100.33,1.98,0.111,16.32,1,NORMAL
2026-01-03 14:25:00,LOT_01,W_01,3,5,ETCHER_A,PATH_0033,0.77,63.9,15.82,99.69,1.97,0.142,13.99,1,NORMAL
2026-01-03 14:30:00,LOT_01,W_01,4,5,ETCHER_A,PATH_0038,0.83,62.85,13.8,100.17,2.13,0.154,14.99,1,NORMAL
2026-01-03 14:35:00,LOT_01,W_01,5,5,ETCHER_A,PATH_0006,0.74,63.42,14.88,100.28,1.87,0.137,15.71,1,NORMAL
2026-01-03 14:40:00,LOT_01,W_01,6,5,ETCHER_A,PATH_0044,0.96,63.95,15.26,100.59,2.28,0.156,15.71,1,NORMAL
2026-01-03 14:45:00,LOT_01,W_01,7,5,ETCHER_A,PATH_0045,1.19,64.57,15.26,100.93,2.81,0.169,17.52,1,NORMAL
2026-01-03 14:50:00,LOT_01,W_01,8,5,ETCHER_A,PATH_0032,1.09,68.0,15.02,98.8,2.72,0.131,18.94,1,NORMAL
2026-01-03 14:55:00,LOT_01,W_01,9,5,ETCHER_A,PATH_0045,1.28,61.05,15.11,98.73,3.14,0.211,17.03,1,NORMAL
2026-01-03 15:00:00,LOT_01,W_01,0,6,ETCHER_A,PATH_0047,1.21,61.49,15.44,96.68,2.91,0.198,17.42,1,NORMAL
2026-01-03 15:05:00,LOT_01,W_01,1,6,ETCHER_A,PATH_0021,1.12,63.78,14.74,100.54,2.7,0.192,15.91,1,NORMAL
2026-01-03 15:10:00,LOT_01,W_01,2,6,ETCHER_A,PATH_0016,0.71,67.95,14.53,98.52,1.81,0.096,16.27,1,NORMAL
2026-01-03 15:15:00,LOT_01,W_01,3,6,ETCHER_A,PATH_0021,0.82,69.54,15.52,100.08,1.94,0.096,18.17,1,NORMAL
2026-01-03 15:20:00,LOT_01,W_01,4,6,ETCHER_A,PATH_0011,1.37,69.56,15.02,98.96,3.45,0.136,20.74,1,NORMAL
2026-01-03 15:25:00,LOT_01,W_01,5,6,ETCHER_A,PATH_0037,1.15,66.82,14.65,99.17,2.8,0.141,17.58,1,NORMAL
2026-01-03 15:30:00,LOT_01,W_01,6,6,ETCHER_A,PATH_0036,0.95,66.06,14.74,99.98,2.47,0.136,17.6,1,NORMAL
2026-01-03 15:35:00,LOT_01,W_01,7,6,ETCHER_A,PATH_0035,0.71,67.67,14.64,98.76,1.72,0.107,18.27,1,NORMAL
2026-01-03 15:40:00,LOT_01,W_01,8,6,ETCHER_A,PATH_0019,0.73,63.64,14.74,98.59,1.87,0.12,13.69,1,NORMAL
2026-01-03 15:45:00,LOT_01,W_01,9,6,ETCHER_A,PATH_0020,0.87,62.99,15.22,101.9,2.17,0.165,14.22,1,NORMAL
2026-01-03 15:50:00,LOT_01,W_01,0,7,ETCHER_A,PATH_0018,0.87,65.69,15.14,100.39,2.3,0.14,17.91,1,NORMAL
2026-01-03 15:55:00,LOT_01,W_01,1,7,ETCHER_A,PATH_0047,1.31,82.55,14.01,94.58,3.26,0.006,25.16,1,NORMAL
2026-01-03 16:00:00,LOT_01,W_01,2,7,ETCHER_A,PATH_0041,0.81,67.67,14.76,98.62,1.96,0.111,17.0,1,NORMAL
2026-01-03 16:05:00,LOT_01,W_01,3,7,ETCHER_A,PATH_0049,1.24,63.58,13.5,99.8,3.16,0.215,16.95,1,NORMAL
2026-01-03 16:10:00,LOT_01,W_01,4,7,ETCHER_A,PATH_0014,0.86,66.88,15.74,101.54,2.16,0.112,14.81,1,NORMAL
2026-01-03 16:15:00,LOT_01,W_01,5,7,ETCHER_A,PATH_0015,1.01,65.07,13.8,99.95,2.46,0.167,16.06,1,NORMAL
2026-01-03 16:20:00,LOT_01,W_01,6,7,ETCHER_A,PATH_0031,1.34,64.72,14.88,101.16,3.18,0.167,19.73,1,NORMAL
2026-01-03 16:25:00,LOT_01,W_01,7,7,ETCHER_A,PATH_0001,0.91,62.03,15.24,99.39,2.35,0.174,15.11,1,NORMAL
2026-01-03 16:30:00,LOT_01,W_01,8,7,ETCHER_A,PATH_0003,0.84,65.37,15.29,101.12,2.15,0.131,15.66,1,NORMAL
2026-01-03 16:35:00,LOT_01,W_01,9,7,ETCHER_A,PATH_0016,1.06,64.42,15.17,98.25,2.45,0.167,17.03,1,NORMAL
2026-01-03 16:40:00,LOT_01,W_01,0,8,ETCHER_A,PATH_0023,0.98,64.59,14.93,101.02,2.48,0.162,16.39,1,NORMAL
2026-01-03 16:45:00,LOT_01,W_01,1,8,ETCHER_A,PATH_0011,1.06,68.21,15.68,97.32,2.46,0.134,19.66,1,NORMAL
2026-01-03 16:50:00,LOT_01,W_01,2,8,ETCHER_A,PATH_0012,1.03,62.82,16.3,99.66,2.62,0.159,17.49,1,NORMAL
2026-01-03 16:55:00,LOT_01,W_01,3,8,ETCHER_A,PATH_0010,0.71,64.91,14.24,100.82,1.71,0.122,14.94,1,NORMAL
2026-01-03 17:00:00,LOT_01,W_01,4,8,ETCHER_A,PATH_0032,1.07,67.19,15.07,98.89,2.65,0.125,17.97,1,NORMAL
2026-01-03 17:05:00,LOT_01,W_01,5,8,ETCHER_A,PATH_0016,1.05,65.06,15.31,97.86,2.65,0.164,17.28,1,NORMAL
2026-01-03 17:10:00,LOT_01,W_01,6,8,ETCHER_A,PATH_0008,1.04,66.25,14.44,98.21,2.56,0.137,17.87,1,NORMAL
2026-01-03 17:15:00,LOT_01,W_01,7,8,ETCHER_A,PATH_0038,0.81,65.11,14.64,98.34,2.12,0.113,16.77,1,NORMAL
2026-01-03 17:20:00,LOT_01,W_01,8,8,ETCHER_A,PATH_0012,0.92,64.75,15.36,98.38,2.25,0.154,16.25,1,NORMAL
2026-01-03 17:25:00,LOT_01,W_01,9,8,ETCHER_A,PATH_0024,1.0,69.73,15.69,100.29,2.44,0.07,20.07,1,NORMAL
2026-01-03 17:30:00,LOT_01,W_01,0,9,ETCHER_A,PATH_0028,1.35,62.5,15.58,101.98,3.52,0.217,18.19,1,NORMAL
2026-01-03 17:35:00,LOT_01,W_01,1,9,ETCHER_A,PATH_0008,0.7,65.77,15.27,102.14,1.77,0.124,16.7,1,NORMAL
2026-01-03 17:40:00,LOT_01,W_01,2,9,ETCHER_A,PATH_0028,1.28,67.16,14.91,99.27,3.02,0.15,18.43,1,NORMAL
2026-01-03 17:45:00,LOT_01,W_01,3,9,ETCHER_A,PATH_0036,1.33,67.56,14.55,104.46,3.31,0.155,19.62,1,NORMAL
2026-01-03 17:50:00,LOT_01,W_01,4,9,ETCHER_A,PATH_0026,0.7,65.55,14.86,98.95,1.76,0.114,15.81,1,NORMAL
2026-01-03 17:55:00,LOT_01,W_01,5,9,ETCHER_A,PATH_0008,1.35,64.97,15.35,99.16,3.42,0.18,17.92,1,NORMAL
2026-01-03 18:00:00,LOT_01,W_01,6,9,ETCHER_A,PATH_0028,0.88,61.2,14.12,99.51,2.13,0.181,14.65,1,NORMAL
2026-01-03 18:05:00,LOT_01,W_01,7,9,ETCHER_A,PATH_0028,1.31,64.62,14.88,100.1,3.24,0.186,16.63,1,NORMAL
2026-01-03 18:10:00,LOT_01,W_01,8,9,ETCHER_A,PATH_0037,1.39,66.37,15.1,100.63,3.46,0.184,19.67,1,NORMAL
2026-01-03 18:15:00,LOT_01,W_01,9,9,ETCHER_A,PATH_0041,0.74,66.68,15.38,98.56,1.86,0.1,16.76,1,NORMAL
2026-01-03 18:20:00,LOT_01,W_02,0,0,ETCHER_A,PATH_0036,1.25,64.14,15.27,102.03,3.23,0.185,19.63,1,NORMAL
2026-01-03 18:25:00,LOT_01,W_02,1,0,ETCHER_A,PATH_0027,0.96,60.81,14.84,99.68,2.28,0.195,17.03,1,NORMAL
2026-01-03 18:30:00,LOT_01,W_02,2,0,ETCHER_A,PATH_0017,0.9,66.67,14.9,101.99,2.25,0.13,16.47,1,NORMAL
2026-01-03 18:35:00,LOT_01,W_02,3,0,ETCHER_A,PATH_0009,0.99,62.57,14.99,100.44,2.31,0.182,16.72,1,NORMAL
2026-01-03 18:40:00,LOT_01,W_02,4,0,ETCHER_A,PATH_0033,0.9,65.5,14.57,101.91,2.38,0.124,16.89,1,NORMAL
2026-01-03 18:45:00,LOT_01,W_02,5,0,ETCHER_A,PATH_0020,1.3,66.26,14.28,101.15,3.3,0.187,18.48,1,NORMAL
2026-01-03 18:50:00,LOT_01,W_02,6,0,ETCHER_A,PATH_0013,1.34,66.41,15.14,99.78,3.33,0.187,20.39,1,NORMAL
2026-01-03 18:55:00,LOT_01,W_02,7,0,ETCHER_A,PATH_0028,1.36,64.64,14.77,102.44,3.34,0.189,19.42,1,NORMAL
2026-01-03 19:00:00,LOT_01,W_02,8,0,ETCHER_A,PATH_0048,0.86,64.23,16.12,100.05,2.2,0.148,17.86,1,NORMAL
2026-01-03 19:05:00,LOT_01,W_02,9,0,ETCHER_A,PATH_0029,1.33,63.57,15.16,101.57,3.33,0.201,17.94,1,NORMAL
2026-01-03 19:10:00,LOT_01,W_02,0,1,ETCHER_A,PATH_0013,0.84,63.56,15.26,100.31,2.19,0.145,14.55,1,NORMAL
2026-01-03 19:15:00,LOT_01,W_02,1,1,ETCHER_A,PATH_0046,0.95,70.06,15.03,98.37,2.45,0.108,18.49,1,NORMAL
2026-01-03 19:20:00,LOT_01,W_02,2,1,ETCHER_A,PATH_0035,1.3,66.72,15.34,100.96,3.32,0.176,19.82,1,NORMAL
2026-01-03 19:25:00,LOT_01,W_02,3,1,ETCHER_A,PATH_0006,1.35,62.9,15.61,98.11,3.41,0.208,18.58,1,NORMAL
2026-01-03 19:30:00,LOT_01,W_02,4,1,ETCHER_A,PATH_0018,1.11,61.97,14.53,97.67,2.79,0.212,15.61,1,NORMAL
2026-01-03 19:35:00,LOT_01,W_02,5,1,ETCHER_A,PATH_0005,0.93,62.33,16.01,100.77,2.29,0.157,15.72,1,NORMAL
2026-01-03 19:40:00,LOT_01,W_02,6,1,ETCHER_A,PATH_0047,1.2,66.82,14.88,99.95,3.01,0.148,17.13,1,NORMAL
2026-01-03 19:45:00,LOT_01,W_02,7,1,ETCHER_A,PATH_0025,1.35,63.51,15.09,100.85,3.41,0.198,18.58,1,NORMAL
2026-01-03 19:50:00,LOT_01,W_02,8,1,ETCHER_A,PATH_0002,1.14,66.55,14.74,102.41,2.84,0.129,19.78,1,NORMAL
2026-01-03 19:55:00,LOT_01,W_02,9,1,ETCHER_A,PATH_0010,0.72,65.19,14.92,100.63,1.81,0.131,14.64,1,NORMAL
2026-01-03 20:00:00,LOT_01,W_02,0,2,ETCHER_A,PATH_0030,1.13,63.7,15.22,98.73,2.83,0.165,16.48,1,NORMAL
2026-01-03 20:05:00,LOT_01,W_02,1,2,ETCHER_A,PATH_0045,1.03,65.12,15.45,101.66,2.42,0.141,16.89,1,NORMAL
2026-01-03 20:10:00,LOT_01,W_02,2,2,ETCHER_A,PATH_0005,1.03,81.39,15.17,95.58,2.63,-0.012,22.56,0,ERR-T101
2026-01-03 20:15:00,LOT_01,W_02,3,2,ETCHER_A,PATH_0033,1.21,65.95,15.04,99.31,3.11,0.152,18.7,1,NORMAL
2026-01-03 20:20:00,LOT_01,W_02,4,2,ETCHER_A,PATH_0001,1.33,61.83,15.18,99.56,3.38,0.21,16.54,1,NORMAL
2026-01-03 20:25:00,LOT_01,W_02,5,2,ETCHER_A,PATH_0018,0.71,67.2,15.2,102.8,1.76,0.089,17.76,1,NORMAL
2026-01-03 20:30:00,LOT_01,W_02,6,2,ETCHER_A,PATH_0032,0.78,64.45,14.7,99.93,1.96,0.145,14.32,1,NORMAL
2026-01-03 20:35:00,LOT_01,W_02,7,2,ETCHER_A,PATH_0047,0.89,65.83,14.96,99.98,2.26,0.121,15.69,1,NORMAL
2026-01-03 20:40:00,LOT_01,W_02,8,2,ETCHER_A,PATH_0049,1.04,64.48,14.33,103.7,2.55,0.142,17.52,1,NORMAL
2026-01-03 20:45:00,LOT_01,W_02,9,2,ETCHER_A,PATH_0011,0.72,63.77,14.13,103.27,1.84,0.145,13.72,1,NORMAL
2026-01-03 20:50:00,LOT_01,W_02,0,3,ETCHER_A,PATH_0021,0.84,65.63,14.56,100.28,2.3,0.12,16.31,1,NORMAL
2026-01-03 20:55:00,LOT_01,W_02,1,3,ETCHER_A,PATH_0026,0.75,69.67,15.26,99.62,1.96,0.067,16.49,1,NORMAL
2026-01-03 21:00:00,LOT_01,W_02,2,3,ETCHER_A,PATH_0025,0.82,64.34,14.97,101.41,2.18,0.105,15.04,1,NORMAL
2026-01-03 21:05:00,LOT_01,W_02,3,3,ETCHER_A,PATH_0022,0.79,61.67,14.51,100.4,1.78,0.163,15.98,1,NORMAL
2026-01-03 21:10:00,LOT_01,W_02,4,3,ETCHER_A,PATH_0027,0.98,66.09,15.02,96.16,2.45,0.136,18.4,1,NORMAL
2026-01-03 21:15:00,LOT_01,W_02,5,3,ETCHER_A,PATH_0049,1.18,59.84,15.07,98.75,3.07,0.207,13.33,1,NORMAL
2026-01-03 21:20:00,LOT_01,W_02,6,3,ETCHER_A,PATH_0013,0.93,67.04,15.23,96.48,2.3,0.119,17.44,1,NORMAL
2026-01-03 21:25:00,LOT_01,W_02,7,3,ETCHER_A,PATH_0033,1.02,65.03,14.71,99.38,2.58,0.161,15.95,1,NORMAL
2026-01-03 21:30:00,LOT_01,W_02,8,3,ETCHER_A,PATH_0034,1.37,62.33,14.88,100.68,3.55,0.228,18.67,1,NORMAL
2026-01-03 21:35:00,LOT_01,W_02,9,3,ETCHER_A,PATH_0041,1.33,66.63,15.22,94.86,3.41,0.184,19.32,1,NORMAL
2026-01-03 21:40:00,LOT_01,W_02,0,4,ETCHER_A,PATH_0035,1.31,62.91,14.52,101.54,3.2,0.214,18.06,1,NORMAL
2026-01-03 21:45:00,LOT_01,W_02,1,4,ETCHER_A,PATH_0001,0.97,67.01,14.09,102.42,2.29,0.142,19.41,1,NORMAL
2026-01-03 21:50:00,LOT_01,W_02,2,4,ETCHER_A,PATH_0021,0.94,63.07,15.02,97.27,2.16,0.18,15.98,1,NORMAL
2026-01-03 21:55:00,LOT_01,W_02,3,4,ETCHER_A,PATH_0048,1.26,64.19,15.26,100.38,3.12,0.188,18.18,1,NORMAL
2026-01-03 22:00:00,LOT_01,W_02,4,4,ETCHER_A,PATH_0006,1.2,63.61,15.07,98.7,2.81,0.178,17.29,1,NORMAL
2026-01-03 22:05:00,LOT_01,W_02,5,4,ETCHER_A,PATH_0028,0.73,67.65,14.99,100.79,2.0,0.098,16.13,1,NORMAL
2026-01-03 22:10:00,LOT_01,W_02,6,4,ETCHER_A,PATH_0017,1.22,65.75,15.0,101.98,3.07,0.17,17.61,1,NORMAL
2026-01-03 22:15:00,LOT_01,W_02,7,4,ETCHER_A,PATH_0005,1.1,64.09,15.4,100.26,2.79,0.163,18.23,1,NORMAL
2026-01-03 22:20:00,LOT_01,W_02,8,4,ETCHER_A,PATH_0031,1.26,62.62,15.42,100.23,3.07,0.184,16.53,1,NORMAL
2026-01-03 22:25:00,LOT_01,W_02,9,4,ETCHER_A,PATH_0005,0.83,62.93,15.26,102.73,2.06,0.151,15.95,1,NORMAL
2026-01-03 22:30:00,LOT_01,W_02,0,5,ETCHER_A,PATH_0038,1.26,63.38,14.82,100.16,3.29,0.178,17.17,1,NORMAL
2026-01-03 22:35:00,LOT_01,W_02,1,5,ETCHER_A,PATH_0003,1.13,63.82,14.11,101.38,2.87,0.167,15.82,1,NORMAL
2026-01-03 22:40:00,LOT_01,W_02,2,5,ETCHER_A,PATH_0023,1.38,63.55,15.63,97.63,3.44,0.204,18.0,1,NORMAL
2026-01-03 22:45:00,LOT_01,W_02,3,5,ETCHER_A,PATH_0037,1.24,88.63,14.68,93.38,3.0,-0.064,25.66,0,ERR-T101
2026-01-03 22:50:00,LOT_01,W_02,4,5,ETCHER_A,PATH_0037,1.12,67.41,15.24,101.02,2.73,0.126,17.01,1,NORMAL
2026-01-03 22:55:00,LOT_01,W_02,5,5,ETCHER_A,PATH_0010,1.38,62.4,14.87,98.14,3.47,0.217,16.55,1,NORMAL
2026-01-03 23:00:00,LOT_01,W_02,6,5,ETCHER_A,PATH_0010,1.0,68.5,15.2,101.81,2.6,0.117,18.15,1,NORMAL
2026-01-03 23:05:00,LOT_01,W_02,7,5,ETCHER_A,PATH_0019,1.03,61.91,15.69,100.63,2.57,0.164,14.91,1,NORMAL
2026-01-03 23:10:00,LOT_01,W_02,8,5,ETCHER_A,PATH_0017,0.98,62.12,15.04,101.28,2.49,0.193,14.56,1,NORMAL
2026-01-03 23:15:00,LOT_01,W_02,9,5,ETCHER_A,PATH_0021,1.09,63.9,15.12,100.12,2.71,0.164,16.11,1,NORMAL
2026-01-03 23:20:00,LOT_01,W_02,0,6,ETCHER_A,PATH_0014,0.89,62.85,15.27,99.45,2.45,0.158,17.28,1,NORMAL
2026-01-03 23:25:00,LOT_01,W_02,1,6,ETCHER_A,PATH_0009,0.96,63.06,15.33,98.04,2.46,0.161,16.68,1,NORMAL
2026-01-03 23:30:00,LOT_01,W_02,2,6,ETCHER_A,PATH_0046,0.8,67.49,14.4,101.28,1.8,0.12,15.49,1,NORMAL
2026-01-03 23:35:00,LOT_01,W_02,3,6,ETCHER_A,PATH_0001,0.73,63.2,15.28,98.71,1.85,0.136,15.59,1,NORMAL
2026-01-03 23:40:00,LOT_01,W_02,4,6,ETCHER_A,PATH_0045,0.82,62.97,15.13,98.61,1.93,0.128,14.05,1,NORMAL
2026-01-03 23:45:00,LOT_01,W_02,5,6,ETCHER_A,PATH_0013,0.83,79.05,15.17,94.27,2.08,-0.019,23.75,0,ERR-T101
2026-01-03 23:50:00,LOT_01,W_02,6,6,ETCHER_A,PATH_0004,0.93,62.93,15.44,100.97,2.31,0.161,16.4,1,NORMAL
2026-01-03 23:55:00,LOT_01,W_02,7,6,ETCHER_A,PATH_0001,1.12,63.31,14.61,101.27,2.8,0.195,17.09,1,NORMAL
2026-01-04 00:00:00,LOT_01,W_02,8,6,ETCHER_A,PATH_0049,1.22,68.15,15.05,101.12,2.86,0.132,21.7,1,NORMAL
2026-01-04 00:05:00,LOT_01,W_02,9,6,ETCHER_A,PATH_0040,1.32,63.56,15.39,100.08,3.39,0.196,17.42,1,NORMAL
2026-01-04 00:10:00,LOT_01,W_02,0,7,ETCHER_A,PATH_0032,0.93,64.08,15.5,100.64,2.4,0.131,16.9,1,NORMAL
2026-01-04 00:15:00,LOT_01,W_02,1,7,ETCHER_A,PATH_0034,1.31,65.43,15.88,100.29,3.22,0.167,18.8,1,NORMAL
2026-01-04 00:20:00,LOT_01,W_02,2,7,ETCHER_A,PATH_0028,0.7,61.8,14.7,98.76,1.86,0.159,14.33,1,NORMAL
2026-01-04 00:25:00,LOT_01,W_02,3,7,ETCHER_A,PATH_0031,1.14,63.95,15.57,98.63,2.71,0.171,15.78,1,NORMAL
2026-01-04 00:30:00,LOT_01,W_02,4,7,ETCHER_A,PATH_0008,0.75,61.47,15.17,103.61,1.79,0.151,15.81,1,NORMAL
2026-01-04 00:35:00,LOT_01,W_02,5,7,ETCHER_A,PATH_0039,1.4,73.41,15.02,96.58,3.57,0.121,24.99,1,NORMAL
2026-01-04 00:40:00,LOT_01,W_02,6,7,ETCHER_A,PATH_0026,0.83,62.82,14.74,98.75,1.88,0.148,14.56,1,NORMAL
2026-01-04 00:45:00,LOT_01,W_02,7,7,ETCHER_A,PATH_0034,0.97,66.86,14.57,100.6,2.35,0.15,17.31,1,NORMAL
2026-01-04 00:50:00,LOT_01,W_02,8,7,ETCHER_A,PATH_0003,1.09,62.82,14.97,98.94,2.84,0.193,18.33,1,NORMAL
2026-01-04 00:55:00,LOT_01,W_02,9,7,ETCHER_A,PATH_0012,0.85,66.12,15.05,98.53,2.05,0.127,16.54,1,NORMAL
2026-01-04 01:00:00,LOT_01,W_02,0,8,ETCHER_A,PATH_0001,1.32,64.71,15.53,101.13,3.18,0.182,18.68,1,NORMAL
2026-01-04 01:05:00,LOT_01,W_02,1,8,ETCHER_A,PATH_0044,0.7,64.13,15.0,101.91,1.84,0.12,15.35,1,NORMAL
2026-01-04 01:10:00,LOT_01,W_02,2,8,ETCHER_A,PATH_0005,1.04,74.21,14.9,93.33,2.62,0.075,22.76,1,NORMAL
2026-01-04 01:15:00,LOT_01,W_02,3,8,ETCHER_A,PATH_0030,1.35,67.16,15.23,98.27,3.46,0.17,20.58,1,NORMAL
2026-01-04 01:20:00,LOT_01,W_02,4,8,ETCHER_A,PATH_0030,0.9,64.02,15.1,96.03,2.09,0.169,15.82,1,NORMAL
2026-01-04 01:25:00,LOT_01,W_02,5,8,ETCHER_A,PATH_0017,1.33,64.92,14.29,100.28,3.21,0.186,21.13,1,NORMAL
2026-01-04 01:30:00,LOT_01,W_02,6,8,ETCHER_A,PATH_0048,1.2,61.52,15.38,100.47,3.05,0.22,16.71,1,NORMAL
2026-01-04 01:35:00,LOT_01,W_02,7,8,ETCHER_A,PATH_0047,0.99,68.7,14.9,98.58,2.46,0.11,16.77,1,NORMAL
2026-01-04 01:40:00,LOT_01,W_02,8,8,ETCHER_A,PATH_0023,1.37,64.2,15.29,102.38,3.59,0.194,18.31,1,NORMAL
2026-01-04 01:45:00,LOT_01,W_02,9,8,ETCHER_A,PATH_0015,0.92,64.52,15.28,98.73,2.25,0.141,16.06,1,NORMAL
2026-01-04 01:50:00,LOT_01,W_02,0,9,ETCHER_A,PATH_0037,0.93,64.65,15.54,99.86,2.28,0.146,,1,NORMAL
2026-01-04 01:55:00,LOT_01,W_02,1,9,ETCHER_A,PATH_0021,1.37,67.23,14.64,98.77,3.29,0.177,17.85,1,NORMAL
2026-01-04 02:00:00,LOT_01,W_02,2,9,ETCHER_A,PATH_0014,1.21,63.68,14.88,99.58,3.06,0.185,17.92,1,NORMAL
2026-01-04 02:05:00,LOT_01,W_02,3,9,ETCHER_A,PATH_0002,1.3,65.14,15.18,99.51,3.21,0.177,20.06,1,NORMAL
2026-01-04 02:10:00,LOT_01,W_02,4,9,ETCHER_A,PATH_0011,1.23,60.04,14.75,99.72,3.08,0.217,16.38,1,NORMAL
2026-01-04 02:15:00,LOT_01,W_02,5,9,ETCHER_A,PATH_0039,1.21,77.86,14.14,95.77,3.03,0.037,24.34,1,NORMAL
2026-01-04 02:20:00,LOT_01,W_02,6,9,ETCHER_A,PATH_0038,0.88,64.98,14.56,97.26,2.29,0.144,15.57,1,NORMAL
2026-01-04 02:25:00,LOT_01,W_02,7,9,ETCHER_A,PATH_0034,1.26,68.13,15.44,99.96,3.04,0.131,19.36,1,NORMAL
2026-01-04 02:30:00,LOT_01,W_02,8,9,ETCHER_A,PATH_0038,1.17,64.62,14.46,97.05,2.78,0.18,16.4,1,NORMAL
2026-01-04 02:35:00,LOT_01,W_02,9,9,ETCHER_A,PATH_0034,1.2,65.06,14.01,101.7,2.88,0.18,16.95,1,NORMAL
2026-01-04 02:40:00,LOT_01,W_03,0,0,ETCHER_A,PATH_0018,1.36,66.98,15.36,102.04,3.16,0.175,21.32,1,NORMAL
2026-01-04 02:45:00,LOT_01,W_03,1,0,ETCHER_A,PATH_0030,0.92,63.97,15.76,98.71,2.33,0.141,14.91,1,NORMAL
2026-01-04 02:50:00,LOT_01,W_03,2,0,ETCHER_A,PATH_0015,1.21,65.29,15.24,100.73,2.94,0.17,17.29,1,NORMAL
2026-01-04 02:55:00,LOT_01,W_03,3,0,ETCHER_A,PATH_0027,0.77,65.2,14.47,103.24,1.88,0.13,17.36,1,NORMAL
2026-01-04 03:00:00,LOT_01,W_03,4,0,ETCHER_A,PATH_0034,1.07,61.03,15.65,101.96,2.62,0.194,14.83,1,NORMAL
2026-01-04 03:05:00,LOT_01,W_03,5,0,ETCHER_A,PATH_0038,0.77,67.35,15.58,101.78,1.93,0.097,15.04,1,NORMAL
2026-01-04 03:10:00,LOT_01,W_03,6,0,ETCHER_A,PATH_0033,1.02,65.13,13.95,102.4,2.69,0.149,17.5,1,NORMAL
2026-01-04 03:15:00,LOT_01,W_03,7,0,ETCHER_A,PATH_0024,1.29,64.0,15.29,100.78,3.11,0.186,19.82,1,NORMAL
2026-01-04 03:20:00,LOT_01,W_03,8,0,ETCHER_A,PATH_0015,1.37,63.25,14.83,101.24,3.55,0.198,18.04,1,NORMAL
2026-01-04 03:25:00,LOT_01,W_03,9,0,ETCHER_A,PATH_0030,1.15,62.32,15.73,99.34,2.93,0.179,17.46,1,NORMAL
2026-01-04 03:30:00,LOT_01,W_03,0,1,ETCHER_A,PATH_0042,1.07,66.08,14.97,98.62,2.8,0.127,17.74,1,NORMAL
2026-01-04 03:35:00,LOT_01,W_03,1,1,ETCHER_A,PATH_0017,0.91,65.92,14.99,103.02,2.42,0.122,17.35,1,NORMAL
2026-01-04 03:40:00,LOT_01,W_03,2,1,ETCHER_A,PATH_0005,0.91,64.34,15.67,99.47,2.24,0.13,16.95,1,NORMAL
2026-01-04 03:45:00,LOT_01,W_03,3,1,ETCHER_A,PATH_0029,0.99,63.95,14.99,103.22,2.45,0.166,15.93,1,NORMAL
2026-01-04 03:50:00,LOT_01,W_03,4,1,ETCHER_A,PATH_0004,1.04,61.7,15.53,102.65,2.62,0.184,15.97,1,NORMAL
2026-01-04 03:55:00,LOT_01,W_03,5,1,ETCHER_A,PATH_0010,0.83,66.43,15.16,99.61,1.91,0.115,17.91,1,NORMAL
2026-01-04 04:00:00,LOT_01,W_03,6,1,ETCHER_A,PATH_0017,1.34,67.92,14.44,99.06,3.31,0.153,20.12,1,NORMAL
2026-01-04 04:05:00,LOT_01,W_03,7,1,ETCHER_A,PATH_0010,1.19,62.19,14.83,97.37,3.06,0.19,17.68,1,NORMAL
2026-01-04 04:10:00,LOT_01,W_03,8,1,ETCHER_A,PATH_0017,0.79,63.4,15.3,97.59,2.01,0.148,13.75,1,NORMAL
2026-01-04 04:15:00,LOT_01,W_03,9,1,ETCHER_A,PATH_0020,1.28,65.4,15.18,99.31,3.09,0.182,19.4,1,NORMAL
2026-01-04 04:20:00,LOT_01,W_03,0,2,ETCHER_A,PATH_0024,1.05,65.41,15.05,101.38,2.72,0.136,17.68,1,NORMAL
2026-01-04 04:25:00,LOT_01,W_03,1,2,ETCHER_A,PATH_0005,0.98,65.77,15.24,101.21,2.41,0.138,18.32,1,NORMAL
2026-01-04 04:30:00,LOT_01,W_03,2,2,ETCHER_A,PATH_0034,0.75,65.22,15.07,99.87,1.84,0.135,15.72,1,NORMAL
2026-01-04 04:35:00,LOT_01,W_03,3,2,ETCHER_A,PATH_0006,0.77,64.81,14.6,102.81,1.9,0.117,16.53,1,NORMAL
2026-01-04 04:40:00,LOT_01,W_03,4,2,ETCHER_A,PATH_0002,1.04,64.36,14.04,100.77,2.57,0.17,16.36,1,NORMAL
2026-01-04 04:45:00,LOT_01,W_03,5,2,ETCHER_A,PATH_0013,1.0,65.52,14.42,102.45,2.71,0.134,16.48,1,NORMAL
2026-01-04 04:50:00,LOT_01,W_03,6,2,ETCHER_A,PATH_0043,0.76,63.3,14.41,98.61,1.96,0.138,14.1,1,NORMAL
2026-01-04 04:55:00,LOT_01,W_03,7,2,ETCHER_A,PATH_0043,1.26,65.61,14.97,99.86,3.19,0.167,18.56,1,NORMAL
2026-01-04 05:00:00,LOT_01,W_03,8,2,ETCHER_A,PATH_0048,1.01,64.6,13.8,98.23,2.53,0.159,18.44,1,NORMAL
2026-01-04 05:05:00,LOT_01,W_03,9,2,ETCHER_A,PATH_0011,1.03,66.49,15.44,101.59,2.66,0.121,17.93,1,NORMAL
2026-01-04 05:10:00,LOT_01,W_03,0,3,ETCHER_A,PATH_0047,0.92,64.69,15.12,100.04,2.3,0.133,18.26,1,NORMAL
2026-01-04 05:15:00,LOT_01,W_03,1,3,ETCHER_A,PATH_0023,1.37,79.14,15.57,96.91,3.41,0.04,23.27,1,NORMAL
2026-01-04 05:20:00,LOT_01,W_03,2,3,ETCHER_A,PATH_0016,1.15,66.32,14.94,99.78,2.92,0.166,19.65,1,NORMAL
2026-01-04 05:25:00,LOT_01,W_03,3,3,ETCHER_A,PATH_0031,1.36,59.78,15.2,100.37,3.47,0.244,16.58,1,NORMAL
2026-01-04 05:30:00,LOT_01,W_03,4,3,ETCHER_A,PATH_0011,0.79,66.61,15.61,98.16,1.9,0.106,16.35,1,NORMAL
2026-01-04 05:35:00,LOT_01,W_03,5,3,ETCHER_A,PATH_0016,0.81,62.95,15.31,100.52,2.09,0.166,14.8,1,NORMAL
2026-01-04 05:40:00,LOT_01,W_03,6,3,ETCHER_A,PATH_0008,0.71,62.71,15.44,100.65,1.79,0.141,12.43,1,NORMAL
2026-01-04 05:45:00,LOT_01,W_03,7,3,ETCHER_A,PATH_0004,0.94,62.59,14.37,102.74,2.4,0.184,17.76,1,NORMAL
2026-01-04 05:50:00,LOT_01,W_03,8,3,ETCHER_A,PATH_0040,0.84,63.05,14.74,98.58,2.0,0.174,16.42,1,NORMAL
2026-01-04 05:55:00,LOT_01,W_03,9,3,ETCHER_A,PATH_0004,1.18,62.73,15.41,98.87,2.96,0.194,17.69,1,NORMAL
2026-01-04 06:00:00,LOT_01,W_03,0,4,ETCHER_A,PATH_0025,1.22,65.34,15.15,99.1,2.91,0.178,17.53,1,NORMAL
2026-01-04 06:05:00,LOT_01,W_03,1,4,ETCHER_A,PATH_0003,0.88,67.31,14.99,100.66,2.18,0.123,16.81,1,NORMAL
2026-01-04 06:10:00,LOT_01,W_03,2,4,ETCHER_A,PATH_0032,1.0,64.8,14.91,99.07,2.53,0.143,16.9,1,NORMAL
2026-01-04 06:15:00,LOT_01,W_03,3,4,ETCHER_A,PATH_0003,0.91,63.14,14.37,98.43,2.43,0.167,16.79,1,NORMAL
2026-01-04 06:20:00,LOT_01,W_03,4,4,ETCHER_A,PATH_0027,1.17,64.92,16.12,99.26,2.73,0.158,17.82,1,NORMAL
2026-01-04 06:25:00,LOT_01,W_03,5,4,ETCHER_A,PATH_0029,1.37,67.58,14.64,98.2,3.33,0.151,18.6,1,NORMAL
2026-01-04 06:30:00,LOT_01,W_03,6,4,ETCHER_A,PATH_0032,0.98,65.31,15.54,101.34,2.41,0.148,15.02,1,NORMAL
2026-01-04 06:35:00,LOT_01,W_03,7,4,ETCHER_A,PATH_0019,1.32,62.34,15.55,100.64,3.15,0.208,19.12,1,NORMAL
2026-01-04 06:40:00,LOT_01,W_03,8,4,ETCHER_A,PATH_0021,0.73,62.62,14.91,101.15,1.93,0.14,15.5,1,NORMAL
2026-01-04 06:45:00,LOT_01,W_03,9,4,ETCHER_A,PATH_0005,0.86,65.9,15.14,98.78,2.22,0.12,16.78,1,NORMAL
2026-01-04 06:50:00,LOT_01,W_03,0,5,ETCHER_A,PATH_0018,0.86,62.33,14.97,100.82,2.23,0.169,14.77,1,NORMAL
2026-01-04 06:55:00,LOT_01,W_03,1,5,ETCHER_A,PATH_0028,0.78,63.99,14.12,101.33,1.85,0.152,14.16,1,NORMAL
2026-01-04 07:00:00,LOT_01,W_03,2,5,ETCHER_A,PATH_0042,0.74,67.81,14.55,99.81,1.96,0.096,17.0,1,NORMAL
2026-01-04 07:05:00,LOT_01,W_03,3,5,ETCHER_A,PATH_0022,1.3,63.32,15.62,100.56,3.32,0.198,16.85,1,NORMAL
2026-01-04 07:10:00,LOT_01,W_03,4,5,ETCHER_A,PATH_0021,1.05,66.75,14.89,98.34,2.69,0.137,16.75,1,NORMAL
2026-01-04 07:15:00,LOT_01,W_03,5,5,ETCHER_A,PATH_0006,1.2,65.65,15.02,100.28,3.13,0.178,18.25,1,NORMAL
2026-01-04 07:20:00,LOT_01,W_03,6,5,ETCHER_A,PATH_0001,0.83,67.37,15.78,99.68,2.14,0.11,17.0,1,NORMAL
2026-01-04 07:25:00,LOT_01,W_03,7,5,ETCHER_A,PATH_0005,1.36,64.69,15.3,99.91,3.32,0.179,18.77,1,NORMAL
2026-01-04 07:30:00,LOT_01,W_03,8,5,ETCHER_A,PATH_0041,1.0,64.27,14.65,99.29,2.52,0.153,16.32,1,NORMAL
2026-01-04 07:35:00,LOT_01,W_03,9,5,ETCHER_A,PATH_0012,0.92,65.71,14.85,100.98,2.4,0.135,16.71,1,NORMAL
2026-01-04 07:40:00,LOT_01,W_03,0,6,ETCHER_A,PATH_0026,1.39,62.33,14.34,98.39,3.67,0.203,19.11,1,NORMAL
2026-01-04 07:45:00,LOT_01,W_03,1,6,ETCHER_A,PATH_0046,1.21,64.95,14.55,100.34,3.07,0.157,17.67,1,NORMAL
2026-01-04 07:50:00,LOT_01,W_03,2,6,ETCHER_A,PATH_0034,1.04,64.86,15.19,100.65,2.71,0.148,18.11,1,NORMAL
2026-01-04 07:55:00,LOT_01,W_03,3,6,ETCHER_A,PATH_0049,1.11,66.06,15.13,101.46,2.71,0.157,16.35,1,NORMAL
2026-01-04 08:00:00,LOT_01,W_03,4,6,ETCHER_A,PATH_0014,0.76,63.43,15.92,101.27,1.84,0.154,16.74,1,NORMAL
2026-01-04 08:05:00,LOT_01,W_03,5,6,ETCHER_A,PATH_0026,0.79,63.35,15.52,96.85,1.92,0.147,15.4,1,NORMAL
2026-01-04 08:10:00,LOT_01,W_03,6,6,ETCHER_A,PATH_0045,1.37,61.33,14.82,98.79,3.36,0.245,18.23,1,NORMAL
2026-01-04 08:15:00,LOT_01,W_03,7,6,ETCHER_A,PATH_0027,0.89,67.98,15.58,99.28,2.18,0.088,17.81,1,NORMAL
2026-01-04 08:20:00,LOT_01,W_03,8,6,ETCHER_A,PATH_0009,1.09,62.42,14.91,102.11,2.58,0.174,16.61,1,NORMAL
2026-01-04 08:25:00,LOT_01,W_03,9,6,ETCHER_A,PATH_0026,0.88,61.97,15.1,98.89,2.26,0.172,16.18,1,NORMAL
2026-01-04 08:30:00,LOT_01,W_03,0,7,ETCHER_A,PATH_0047,0.86,64.38,15.08,100.44,2.27,0.141,16.19,1,NORMAL
2026-01-04 08:35:00,LOT_01,W_03,1,7,ETCHER_A,PATH_0022,0.75,63.06,14.22,100.28,1.82,0.149,15.96,1,NORMAL
2026-01-04 08:40:00,LOT_01,W_03,2,7,ETCHER_A,PATH_0047,1.18,65.91,15.04,97.68,2.97,0.15,17.9,1,NORMAL
2026-01-04 08:45:00,LOT_01,W_03,3,7,ETCHER_A,PATH_0030,1.4,62.99,15.93,99.96,3.46,0.185,18.35,1,NORMAL
2026-01-04 08:50:00,LOT_01,W_03,4,7,ETCHER_A,PATH_0043,1.05,63.4,14.99,99.56,2.7,0.177,16.43,1,NORMAL
2026-01-04 08:55:00,LOT_01,W_03,5,7,ETCHER_A,PATH_0048,1.36,64.16,15.28,98.31,3.44,0.185,20.04,1,NORMAL
2026-01-04 09:00:00,LOT_01,W_03,6,7,ETCHER_A,PATH_0017,0.88,66.25,14.28,101.34,2.07,0.13,17.37,1,NORMAL
2026-01-04 09:05:00,LOT_01,W_03,7,7,ETCHER_A,PATH_0026,1.15,63.75,14.68,101.77,2.76,0.182,18.9,1,NORMAL
2026-01-04 09:10:00,LOT_01,W_03,8,7,ETCHER_A,PATH_0036,0.91,63.13,14.97,99.83,2.2,0.161,15.33,1,NORMAL
2026-01-04 09:15:00,LOT_01,W_03,9,7,ETCHER_A,PATH_0001,1.02,65.39,15.4,101.61,2.61,0.163,17.43,1,NORMAL
2026-01-04 09:20:00,LOT_01,W_03,0,8,ETCHER_A,PATH_0008,0.94,64.75,14.44,96.83,2.22,0.132,17.61,1,NORMAL
2026-01-04 09:25:00,LOT_01,W_03,1,8,ETCHER_A,PATH_0049,0.96,65.23,15.89,100.22,2.41,0.145,15.12,1,NORMAL
2026-01-04 09:30:00,LOT_01,W_03,2,8,ETCHER_A,PATH_0035,1.06,64.13,15.65,100.0,2.56,0.149,16.17,1,NORMAL
2026-01-04 09:35:00,LOT_01,W_03,3,8,ETCHER_A,PATH_0015,1.04,69.77,14.96,103.22,2.61,0.113,19.67,1,NORMAL
2026-01-04 09:40:00,LOT_01,W_03,4,8,ETCHER_A,PATH_0047,0.79,65.93,15.14,98.79,1.96,0.118,15.96,1,NORMAL
2026-01-04 09:45:00,LOT_01,W_03,5,8,ETCHER_A,PATH_0022,1.26,65.57,15.12,101.23,3.17,0.164,17.3,1,NORMAL
2026-01-04 09:50:00,LOT_01,W_03,6,8,ETCHER_A,PATH_0014,1.27,63.3,14.46,97.58,3.29,0.216,19.06,1,NORMAL
2026-01-04 09:55:00,LOT_01,W_03,7,8,ETCHER_A,PATH_0026,0.9,64.43,16.1,97.36,2.11,0.148,16.7,1,NORMAL
2026-01-04 10:00:00,LOT_01,W_03,8,8,ETCHER_A,PATH_0028,1.07,65.04,14.97,101.99,2.64,0.166,16.18,1,NORMAL
2026-01-04 10:05:00,LOT_01,W_03,9,8,ETCHER_A,PATH_0023,0.82,65.04,14.68,96.4,2.03,0.131,17.44,1,NORMAL
2026-01-04 10:10:00,LOT_01,W_03,0,9,ETCHER_A,PATH_0014,1.19,66.95,14.97,100.14,2.95,0.132,17.26,1,NORMAL
2026-01-04 10:15:00,LOT_01,W_03,1,9,ETCHER_A,PATH_0024,1.32,65.4,14.66,98.55,3.28,0.172,19.39,1,NORMAL
2026-01-04 10:20:00,LOT_01,W_03,2,9,ETCHER_A,PATH_0002,1.01,64.65,14.82,100.22,2.56,0.161,16.16,1,NORMAL
2026-01-04 10:25:00,LOT_01,W_03,3,9,ETCHER_A,PATH_0045,1.03,64.88,15.03,99.89,2.62,0.157,17.13,1,NORMAL
2026-01-04 10:30:00,LOT_01,W_03,4,9,ETCHER_A,PATH_0026,0.88,62.82,14.65,97.68,2.21,0.176,17.91,1,NORMAL
2026-01-04 10:35:00,LOT_01,W_03,5,9,ETCHER_A,PATH_0014,1.24,66.69,15.03,98.07,2.98,0.15,19.37,1,NORMAL
2026-01-04 10:40:00,LOT_01,W_03,6,9,ETCHER_A,PATH_0007,1.05,65.49,14.69,101.91,2.58,0.144,19.08,1,NORMAL
2026-01-04 10:45:00,LOT_01,W_03,7,9,ETCHER_A,PATH_0003,1.24,63.75,14.96,101.27,3.17,0.195,16.02,1,NORMAL
2026-01-04 10:50:00,LOT_01,W_03,8,9,ETCHER_A,PATH_0047,1.23,65.68,14.96,100.91,3.02,0.168,19.09,1,NORMAL
2026-01-04 10:55:00,LOT_01,W_03,9,9,ETCHER_A,PATH_0023,0.75,63.77,15.01,99.63,1.95,0.14,15.53,1,NORMAL
2026-01-04 11:00:00,LOT_01,W_04,0,0,ETCHER_B,PATH_0046,1.33,65.5,15.63,108.5,3.41,0.18,18.84,1,NORMAL
2026-01-04 11:05:00,LOT_01,W_04,1,0,ETCHER_B,PATH_0043,0.91,67.54,14.35,99.81,2.23,0.122,17.05,1,NORMAL
2026-01-04 11:10:00,LOT_01,W_04,2,0,ETCHER_B,PATH_0047,1.0,72.26,14.41,102.63,2.56,0.089,20.34,1,NORMAL
2026-01-04 11:15:00,LOT_01,W_04,3,0,ETCHER_B,PATH_0045,0.75,70.96,15.78,106.02,1.84,0.071,17.41,1,NORMAL
2026-01-04 11:20:00,LOT_01,W_04,4,0,ETCHER_B,PATH_0018,1.07,72.3,15.09,92.07,2.76,0.076,20.77,1,NORMAL
2026-01-04 11:25:00,LOT_01,W_04,5,0,ETCHER_B,PATH_0038,1.27,72.76,15.87,94.16,2.98,0.084,20.8,1,NORMAL
2026-01-04 11:30:00,LOT_01,W_04,6,0,ETCHER_B,PATH_0035,1.11,70.13,14.93,105.51,2.69,0.113,19.29,1,NORMAL
2026-01-04 11:35:00,LOT_01,W_04,7,0,ETCHER_B,PATH_0015,1.25,65.44,14.88,94.19,3.16,0.178,18.93,1,NORMAL
2026-01-04 11:40:00,LOT_01,W_04,8,0,ETCHER_B,PATH_0025,0.77,69.96,14.76,102.77,1.99,0.099,16.7,1,NORMAL
2026-01-04 11:45:00,LOT_01,W_04,9,0,ETCHER_B,PATH_0037,0.72,72.36,15.67,85.38,1.66,0.051,18.37,1,ERR-G202
2026-01-04 11:50:00,LOT_01,W_04,0,1,ETCHER_B,PATH_0028,0.99,71.08,15.05,98.39,2.48,0.09,20.76,1,NORMAL
2026-01-04 11:55:00,LOT_01,W_04,1,1,ETCHER_B,PATH_0010,1.04,71.79,15.27,91.11,2.67,0.085,20.07,1,NORMAL
2026-01-04 12:00:00,LOT_01,W_04,2,1,ETCHER_B,PATH_0039,1.2,73.98,15.47,100.55,3.11,0.052,20.12,1,NORMAL
2026-01-04 12:05:00,LOT_01,W_04,3,1,ETCHER_B,PATH_0017,1.32,66.59,14.69,98.0,3.26,0.163,18.56,1,NORMAL
2026-01-04 12:10:00,LOT_01,W_04,4,1,ETCHER_B,PATH_0039,0.78,70.11,14.99,94.72,1.94,0.083,,1,NORMAL
2026-01-04 12:15:00,LOT_01,W_04,5,1,ETCHER_B,PATH_0022,0.75,73.31,14.63,106.59,1.66,0.051,18.4,1,NORMAL
2026-01-04 12:20:00,LOT_01,W_04,6,1,ETCHER_B,PATH_0026,1.18,63.17,15.65,84.17,2.99,0.204,17.53,1,ERR-G202
2026-01-04 12:25:00,LOT_01,W_04,7,1,ETCHER_B,PATH_0044,0.77,67.86,14.56,93.99,2.0,0.098,18.08,1,NORMAL
2026-01-04 12:30:00,LOT_01,W_04,8,1,ETCHER_B,PATH_0025,0.78,71.07,14.52,99.9,1.98,0.064,18.42,1,NORMAL
2026-01-04 12:35:00,LOT_01,W_04,9,1,ETCHER_B,PATH_0017,0.82,71.92,14.44,93.71,2.17,0.061,19.17,1,NORMAL
2026-01-04 12:40:00,LOT_01,W_04,0,2,ETCHER_B,PATH_0013,1.06,60.96,15.14,95.45,2.76,0.202,16.45,1,NORMAL
2026-01-04 12:45:00,LOT_01,W_04,1,2,ETCHER_B,PATH_0020,1.06,66.31,15.66,107.38,2.6,0.143,18.46,1,NORMAL
2026-01-04 12:50:00,LOT_01,W_04,2,2,ETCHER_B,PATH_0025,1.23,67.78,14.7,100.29,2.99,0.142,18.14,1,NORMAL
2026-01-04 12:55:00,LOT_01,W_04,3,2,ETCHER_B,PATH_0004,0.76,67.53,14.77,94.79,2.0,0.116,15.88,1,NORMAL
2026-01-04 13:00:00,LOT_01,W_04,4,2,ETCHER_B,PATH_0010,1.08,69.73,15.06,92.91,2.72,0.098,21.18,1,NORMAL
2026-01-04 13:05:00,LOT_01,W_04,5,2,ETCHER_B,PATH_0003,0.96,62.38,15.39,96.4,2.44,0.182,15.52,1,NORMAL
2026-01-04 13:10:00,LOT_01,W_04,6,2,ETCHER_B,PATH_0041,1.16,67.2,15.48,97.75,2.97,0.156,16.8,1,NORMAL
2026-01-04 13:15:00,LOT_01,W_04,7,2,ETCHER_B,PATH_0045,0.71,70.57,14.69,97.79,1.94,0.075,18.3,1,NORMAL
2026-01-04 13:20:00,LOT_01,W_04,8,2,ETCHER_B,PATH_0018,1.08,67.06,14.62,97.73,2.71,0.146,18.54,1,NORMAL
2026-01-04 13:25:00,LOT_01,W_04,9,2,ETCHER_B,PATH_0047,1.25,66.95,15.03,99.31,3.23,0.162,18.52,1,NORMAL
2026-01-04 13:30:00,LOT_01,W_04,0,3,ETCHER_B,PATH_0036,1.34,67.23,14.67,101.09,3.26,0.169,19.33,1,NORMAL
2026-01-04 13:35:00,LOT_01,W_04,1,3,ETCHER_B,PATH_0047,1.06,72.8,14.69,104.1,2.74,0.07,21.89,1,NORMAL
2026-01-04 13:40:00,LOT_01,W_04,2,3,ETCHER_B,PATH_0022,0.84,72.54,14.61,94.68,2.16,0.081,18.58,1,NORMAL
2026-01-04 13:45:00,LOT_01,W_04,3,3,ETCHER_B,PATH_0034,1.15,74.64,14.81,101.67,2.85,0.07,22.54,1,NORMAL
2026-01-04 13:50:00,LOT_01,W_04,4,3,ETCHER_B,PATH_0047,0.86,69.04,14.2,107.01,1.98,0.096,17.96,1,NORMAL
2026-01-04 13:55:00,LOT_01,W_04,5,3,ETCHER_B,PATH_0008,0.72,66.2,14.89,94.99,1.78,0.127,15.15,1,NORMAL
2026-01-04 14:00:00,LOT_01,W_04,6,3,ETCHER_B,PATH_0040,1.03,76.75,14.25,102.62,2.54,0.044,22.07,1,NORMAL
2026-01-04 14:05:00,LOT_01,W_04,7,3,ETCHER_B,PATH_0049,1.11,65.93,14.94,107.83,2.78,0.159,15.92,1,NORMAL
2026-01-04 14:10:00,LOT_01,W_04,8,3,ETCHER_B,PATH_0044,1.22,71.01,14.2,95.39,3.02,0.122,21.78,1,NORMAL
2026-01-04 14:15:00,LOT_01,W_04,9,3,ETCHER_B,PATH_0019,0.94,73.41,14.81,93.88,2.43,0.057,19.22,1,NORMAL
2026-01-04 14:20:00,LOT_01,W_04,0,4,ETCHER_B,PATH_0042,1.01,75.96,15.39,94.81,2.47,0.042,22.01,1,NORMAL
2026-01-04 14:25:00,LOT_01,W_04,1,4,ETCHER_B,PATH_0041,1.29,65.92,14.77,92.06,3.37,0.178,18.43,1,NORMAL
2026-01-04 14:30:00,LOT_01,W_04,2,4,ETCHER_B,PATH_0037,0.86,67.4,15.11,99.71,1.94,0.129,18.98,1,NORMAL
2026-01-04 14:35:00,LOT_01,W_04,3,4,ETCHER_B,PATH_0006,0.86,71.2,14.28,95.1,2.26,0.09,19.26,1,NORMAL
2026-01-04 14:40:00,LOT_01,W_04,4,4,ETCHER_B,PATH_0026,0.85,69.54,15.75,93.72,2.09,0.084,16.85,1,NORMAL
2026-01-04 14:45:00,LOT_01,W_04,5,4,ETCHER_B,PATH_0034,0.75,72.32,15.38,103.61,1.86,0.056,18.1,1,NORMAL
2026-01-04 14:50:00,LOT_01,W_04,6,4,ETCHER_B,PATH_0045,1.11,69.68,15.27,87.98,2.82,0.111,20.0,1,ERR-G202
2026-01-04 14:55:00,LOT_01,W_04,7,4,ETCHER_B,PATH_0006,0.7,71.77,14.22,94.99,1.89,0.052,16.49,1,NORMAL
2026-01-04 15:00:00,LOT_01,W_04,8,4,ETCHER_B,PATH_0037,1.0,73.51,14.81,90.26,2.53,0.041,20.7,1,NORMAL
2026-01-04 15:05:00,LOT_01,W_04,9,4,ETCHER_B,PATH_0033,1.12,69.73,15.03,104.82,2.93,0.112,20.77,1,NORMAL
2026-01-04 15:10:00,LOT_01,W_04,0,5,ETCHER_B,PATH_0022,1.38,69.64,15.4,101.31,3.44,0.14,19.43,1,NORMAL
2026-01-04 15:15:00,LOT_01,W_04,1,5,ETCHER_B,PATH_0021,1.07,71.74,15.37,102.74,2.52,0.099,20.0,1,NORMAL
2026-01-04 15:20:00,LOT_01,W_04,2,5,ETCHER_B,PATH_0006,1.03,70.96,14.52,107.7,2.52,0.088,19.23,1,NORMAL
2026-01-04 15:25:00,LOT_01,W_04,3,5,ETCHER_B,PATH_0006,1.3,66.24,14.16,86.79,3.21,0.165,17.74,1,ERR-G202
2026-01-04 15:30:00,LOT_01,W_04,4,5,ETCHER_B,PATH_0048,1.07,66.7,15.8,93.27,2.82,0.14,17.21,1,NORMAL
2026-01-04 15:35:00,LOT_01,W_04,5,5,ETCHER_B,PATH_0004,0.71,68.94,15.1,103.33,1.69,0.093,17.76,1,NORMAL
2026-01-04 15:40:00,LOT_01,W_04,6,5,ETCHER_B,PATH_0030,1.37,66.64,15.37,91.82,3.24,0.175,18.19,1,NORMAL
2026-01-04 15:45:00,LOT_01,W_04,7,5,ETCHER_B,PATH_0011,0.82,75.3,14.63,95.96,2.04,0.042,20.8,1,NORMAL
2026-01-04 15:50:00,LOT_01,W_04,8,5,ETCHER_B,PATH_0030,1.13,63.96,15.04,99.36,2.84,0.178,17.41,1,NORMAL
2026-01-04 15:55:00,LOT_01,W_04,9,5,ETCHER_B,PATH_0031,1.25,71.66,15.23,93.7,2.98,0.092,19.75,1,NORMAL
2026-01-04 16:00:00,LOT_01,W_04,0,6,ETCHER_B,PATH_0024,0.85,67.93,15.43,102.68,2.14,0.102,14.6,1,NORMAL
2026-01-04 16:05:00,LOT_01,W_04,1,6,ETCHER_B,PATH_0009,1.39,64.35,14.86,92.57,3.3,0.204,18.37,1,NORMAL
2026-01-04 16:10:00,LOT_01,W_04,2,6,ETCHER_B,PATH_0003,0.71,76.08,14.66,93.96,1.55,-0.011,19.07,0,ERR-T101
2026-01-04 16:15:00,LOT_01,W_04,3,6,ETCHER_B,PATH_0031,1.16,68.27,15.85,96.69,2.96,0.119,19.65,1,NORMAL
2026-01-04 16:20:00,LOT_01,W_04,4,6,ETCHER_B,PATH_0040,1.38,67.55,14.51,103.99,3.52,0.161,20.9,1,NORMAL
2026-01-04 16:25:00,LOT_01,W_04,5,6,ETCHER_B,PATH_0037,1.08,69.63,14.93,95.28,2.73,0.118,19.26,1,NORMAL
2026-01-04 16:30:00,LOT_01,W_04,6,6,ETCHER_B,PATH_0036,1.25,67.32,14.94,85.83,3.27,0.148,17.6,1,ERR-G202
2026-01-04 16:35:00,LOT_01,W_04,7,6,ETCHER_B,PATH_0024,1.27,66.63,14.41,96.92,3.17,0.159,20.47,1,NORMAL
2026-01-04 16:40:00,LOT_01,W_04,8,6,ETCHER_B,PATH_0031,0.71,69.23,15.48,101.05,1.92,0.079,16.88,1,NORMAL
2026-01-04 16:45:00,LOT_01,W_04,9,6,ETCHER_B,PATH_0006,1.28,70.29,14.84,89.82,3.19,0.133,20.86,1,NORMAL
2026-01-04 16:50:00,LOT_01,W_04,0,7,ETCHER_B,PATH_0002,0.79,71.1,15.18,98.31,1.92,0.049,19.69,1,NORMAL
2026-01-04 16:55:00,LOT_01,W_04,1,7,ETCHER_B,PATH_0020,0.91,69.96,16.09,89.66,2.33,0.088,17.19,1,NORMAL
2026-01-04 17:00:00,LOT_01,W_04,2,7,ETCHER_B,PATH_0028,0.79,70.15,14.63,91.62,2.0,0.084,16.34,1,NORMAL
2026-01-04 17:05:00,LOT_01,W_04,3,7,ETCHER_B,PATH_0011,1.18,62.88,15.23,89.91,3.03,0.193,18.9,1,NORMAL
2026-01-04 17:10:00,LOT_01,W_04,4,7,ETCHER_B,PATH_0004,1.01,69.65,15.24,100.53,2.36,0.131,19.78,1,NORMAL
2026-01-04 17:15:00,LOT_01,W_04,5,7,ETCHER_B,PATH_0015,0.92,70.46,14.86,102.65,2.3,0.074,17.42,1,NORMAL
2026-01-04 17:20:00,LOT_01,W_04,6,7,ETCHER_B,PATH_0006,1.13,66.46,14.39,96.11,2.83,0.14,18.5,1,NORMAL
2026-01-04 17:25:00,LOT_01,W_04,7,7,ETCHER_B,PATH_0049,1.1,64.32,14.92,86.23,2.89,0.181,17.51,1,ERR-G202
2026-01-04 17:30:00,LOT_01,W_04,8,7,ETCHER_B,PATH_0030,1.38,66.15,15.31,96.86,3.49,0.181,20.56,1,NORMAL
2026-01-04 17:35:00,LOT_01,W_04,9,7,ETCHER_B,PATH_0038,1.23,76.76,14.34,91.01,2.96,0.056,21.4,1,NORMAL
2026-01-04 17:40:00,LOT_01,W_04,0,8,ETCHER_B,PATH_0002,0.98,70.54,15.25,96.36,2.65,0.09,18.46,1,NORMAL
2026-01-04 17:45:00,LOT_01,W_04,1,8,ETCHER_B,PATH_0015,0.71,74.6,14.23,96.96,1.63,0.029,18.96,1,NORMAL
2026-01-04 17:50:00,LOT_01,W_04,2,8,ETCHER_B,PATH_0011,0.93,70.0,15.14,111.96,2.43,0.093,20.54,1,NORMAL
2026-01-04 17:55:00,LOT_01,W_04,3,8,ETCHER_B,PATH_0008,1.14,69.86,14.88,94.13,2.9,0.129,19.69,1,NORMAL
2026-01-04 18:00:00,LOT_01,W_04,4,8,ETCHER_B,PATH_0026,1.19,65.05,15.53,103.63,2.86,0.164,16.34,1,NORMAL
2026-01-04 18:05:00,LOT_01,W_04,5,8,ETCHER_B,PATH_0045,0.91,68.25,14.29,94.27,2.19,0.121,18.16,1,NORMAL
2026-01-04 18:10:00,LOT_01,W_04,6,8,ETCHER_B,PATH_0044,0.89,67.7,15.48,101.86,2.22,0.098,16.8,1,NORMAL
2026-01-04 18:15:00,LOT_01,W_04,7,8,ETCHER_B,PATH_0005,0.98,68.46,14.0,99.7,2.58,0.104,18.44,1,NORMAL
2026-01-04 18:20:00,LOT_01,W_04,8,8,ETCHER_B,PATH_0006,0.91,70.23,15.76,101.79,2.41,0.081,19.96,1,NORMAL
2026-01-04 18:25:00,LOT_01,W_04,9,8,ETCHER_B,PATH_0026,0.78,67.77,15.39,88.46,1.7,0.117,18.12,1,NORMAL
2026-01-04 18:30:00,LOT_01,W_04,0,9,ETCHER_B,PATH_0004,0.99,66.18,14.68,102.82,2.61,0.145,18.5,1,NORMAL
2026-01-04 18:35:00,LOT_01,W_04,1,9,ETCHER_B,PATH_0019,0.79,71.76,15.27,99.48,1.95,0.08,19.26,1,NORMAL
2026-01-04 18:40:00,LOT_01,W_04,2,9,ETCHER_B,PATH_0020,0.96,61.08,14.37,97.74,2.4,0.179,15.39,1,NORMAL
2026-01-04 18:45:00,LOT_01,W_04,3,9,ETCHER_B,PATH_0033,1.18,68.12,15.1,94.31,2.88,0.14,21.18,1,NORMAL
2026-01-04 18:50:00,LOT_01,W_04,4,9,ETCHER_B,PATH_0020,1.14,68.73,14.61,90.09,2.82,0.128,17.39,1,NORMAL
2026-01-04 18:55:00,LOT_01,W_04,5,9,ETCHER_B,PATH_0049,1.03,75.11,15.28,97.28,2.68,0.063,19.28,1,NORMAL
2026-01-04 19:00:00,LOT_01,W_04,6,9,ETCHER_B,PATH_0012,1.36,67.82,16.2,93.26,3.46,0.156,19.37,1,NORMAL
2026-01-04 19:05:00,LOT_01,W_04,7,9,ETCHER_B,PATH_0047,1.28,72.55,15.01,103.15,3.23,0.104,22.43,1,NORMAL
2026-01-04 19:10:00,LOT_01,W_04,8,9,ETCHER_B,PATH_0001,0.99,72.47,15.84,104.73,2.53,0.065,22.43,1,NORMAL
2026-01-04 19:15:00,LOT_01,W_04,9,9,ETCHER_B,PATH_0026,0.89,68.13,15.33,95.86,2.05,0.103,18.07,1,NORMAL
2026-01-04 19:20:00,LOT_02,W_00,0,0,ETCHER_A,PATH_0014,0.76,66.08,15.39,102.56,1.79,0.109,16.82,1,NORMAL
2026-01-04 19:25:00,LOT_02,W_00,1,0,ETCHER_A,PATH_0038,0.87,65.37,15.01,100.28,2.26,0.127,18.08,1,NORMAL
2026-01-04 19:30:00,LOT_02,W_00,2,0,ETCHER_A,PATH_0037,1.04,67.65,14.95,96.36,2.61,0.114,18.74,1,NORMAL
2026-01-04 19:35:00,LOT_02,W_00,3,0,ETCHER_A,PATH_0011,0.81,66.96,15.63,99.51,2.1,0.104,,1,NORMAL
2026-01-04 19:40:00,LOT_02,W_00,4,0,ETCHER_A,PATH_0036,1.13,64.38,15.52,100.73,2.79,0.174,16.63,1,NORMAL
2026-01-04 19:45:00,LOT_02,W_00,5,0,ETCHER_A,PATH_0013,0.8,68.62,14.83,100.83,1.94,0.087,15.92,1,NORMAL
2026-01-04 19:50:00,LOT_02,W_00,6,0,ETCHER_A,PATH_0043,1.03,65.58,15.34,99.33,2.66,0.141,17.53,1,NORMAL
2026-01-04 19:55:00,LOT_02,W_00,7,0,ETCHER_A,PATH_0003,1.34,67.14,14.57,97.91,3.34,0.165,18.71,1,NORMAL
2026-01-04 20:00:00,LOT_02,W_00,8,0,ETCHER_A,PATH_0033,0.78,62.71,15.87,100.59,1.97,0.136,14.32,1,NORMAL
2026-01-04 20:05:00,LOT_02,W_00,9,0,ETCHER_A,PATH_0006,1.35,67.27,15.04,96.89,3.38,0.167,21.29,1,NORMAL
2026-01-04 20:10:00,LOT_02,W_00,0,1,ETCHER_A,PATH_0010,1.08,65.12,14.67,99.32,2.83,0.159,16.54,1,NORMAL
2026-01-04 20:15:00,LOT_02,W_00,1,1,ETCHER_A,PATH_0005,1.26,65.91,15.32,100.64,3.22,0.177,19.84,1,NORMAL
2026-01-04 20:20:00,LOT_02,W_00,2,1,ETCHER_A,PATH_0023,1.08,60.48,14.54,100.35,2.81,0.201,13.92,1,NORMAL
2026-01-04 20:25:00,LOT_02,W_00,3,1,ETCHER_A,PATH_0010,1.11,63.27,15.18,98.36,2.74,0.182,18.03,1,NORMAL
2026-01-04 20:30:00,LOT_02,W_00,4,1,ETCHER_A,PATH_0044,0.84,63.91,15.36,99.17,2.26,0.141,15.74,1,NORMAL
2026-01-04 20:35:00,LOT_02,W_00,5,1,ETCHER_A,PATH_0002,1.38,63.73,15.11,102.65,3.65,0.189,18.75,1,NORMAL
2026-01-04 20:40:00,LOT_02,W_00,6,1,ETCHER_A,PATH_0013,0.96,66.23,14.62,98.87,2.26,0.12,16.89,1,NORMAL
2026-01-04 20:45:00,LOT_02,W_00,7,1,ETCHER_A,PATH_0040,1.33,66.68,15.15,101.16,3.2,0.155,19.24,1,NORMAL
2026-01-04 20:50:00,LOT_02,W_00,8,1,ETCHER_A,PATH_0002,1.4,63.33,15.09,100.35,3.24,0.201,17.1,1,NORMAL
2026-01-04 20:55:00,LOT_02,W_00,9,1,ETCHER_A,PATH_0020,1.4,62.42,15.38,100.77,3.45,0.209,17.1,1,NORMAL
2026-01-04 21:00:00,LOT_02,W_00,0,2,ETCHER_A,PATH_0001,1.09,63.29,14.43,100.32,2.91,0.169,17.44,1,NORMAL
2026-01-04 21:05:00,LOT_02,W_00,1,2,ETCHER_A,PATH_0037,1.38,67.97,15.21,95.97,3.42,0.172,20.3,1,NORMAL
2026-01-04 21:10:00,LOT_02,W_00,2,2,ETCHER_A,PATH_0009,1.26,64.85,14.66,98.19,3.47,0.183,17.44,1,NORMAL
2026-01-04 21:15:00,LOT_02,W_00,3,2,ETCHER_A,PATH_0017,1.16,66.55,14.67,97.14,2.86,0.145,19.93,1,NORMAL
2026-01-04 21:20:00,LOT_02,W_00,4,2,ETCHER_A,PATH_0009,0.82,64.44,15.05,101.84,1.98,0.143,,1,NORMAL
2026-01-04 21:25:00,LOT_02,W_00,5,2,ETCHER_A,PATH_0011,1.05,65.47,14.46,101.15,2.52,0.157,17.75,1,NORMAL
2026-01-04 21:30:00,LOT_02,W_00,6,2,ETCHER_A,PATH_0015,0.8,64.69,15.08,99.57,1.97,0.124,16.01,1,NORMAL
2026-01-04 21:35:00,LOT_02,W_00,7,2,ETCHER_A,PATH_0024,1.31,64.78,14.12,102.75,3.1,0.177,16.83,1,NORMAL
2026-01-04 21:40:00,LOT_02,W_00,8,2,ETCHER_A,PATH_0038,1.25,65.74,15.27,99.53,3.1,0.175,,1,NORMAL
2026-01-04 21:45:00,LOT_02,W_00,9,2,ETCHER_A,PATH_0035,0.87,61.59,15.71,100.91,2.12,0.178,14.6,1,NORMAL
2026-01-04 21:50:00,LOT_02,W_00,0,3,ETCHER_A,PATH_0030,1.34,65.32,15.67,100.59,3.45,0.164,19.48,1,NORMAL
2026-01-04 21:55:00,LOT_02,W_00,1,3,ETCHER_A,PATH_0031,1.09,66.38,15.12,97.21,2.75,0.14,17.79,1,NORMAL
2026-01-04 22:00:00,LOT_02,W_00,2,3,ETCHER_A,PATH_0049,1.19,63.77,15.46,100.26,2.99,0.19,18.11,1,NORMAL
2026-01-04 22:05:00,LOT_02,W_00,3,3,ETCHER_A,PATH_0005,0.72,66.34,15.21,102.61,1.68,0.101,15.79,1,NORMAL
2026-01-04 22:10:00,LOT_02,W_00,4,3,ETCHER_A,PATH_0044,1.38,66.02,13.8,102.48,3.63,0.188,18.41,1,NORMAL
2026-01-04 22:15:00,LOT_02,W_00,5,3,ETCHER_A,PATH_0014,1.2,65.88,15.16,100.1,2.92,0.15,18.78,1,NORMAL
2026-01-04 22:20:00,LOT_02,W_00,6,3,ETCHER_A,PATH_0011,0.75,65.91,15.58,99.67,1.87,0.111,16.89,1,NORMAL
2026-01-04 22:25:00,LOT_02,W_00,7,3,ETCHER_A,PATH_0009,0.78,67.08,15.63,98.94,1.96,0.107,16.71,1,NORMAL
2026-01-04 22:30:00,LOT_02,W_00,8,3,ETCHER_A,PATH_0034,0.87,67.55,14.74,100.77,2.22,0.114,17.49,1,NORMAL
2026-01-04 22:35:00,LOT_02,W_00,9,3,ETCHER_A,PATH_0012,0.92,66.02,14.76,99.37,2.3,0.125,16.1,1,NORMAL
2026-01-04 22:40:00,LOT_02,W_00,0,4,ETCHER_A,PATH_0035,0.87,66.19,16.01,101.13,2.27,0.116,15.24,1,NORMAL
2026-01-04 22:45:00,LOT_02,W_00,1,4,ETCHER_A,PATH_0035,0.91,65.67,14.91,98.92,2.1,0.126,15.66,1,NORMAL
2026-01-04 22:50:00,LOT_02,W_00,2,4,ETCHER_A,PATH_0001,1.08,67.76,16.05,98.77,2.51,0.127,18.45,1,NORMAL
2026-01-04 22:55:00,LOT_02,W_00,3,4,ETCHER_A,PATH_0040,1.35,64.48,14.53,100.37,3.41,0.199,,1,NORMAL
2026-01-04 23:00:00,LOT_02,W_00,4,4,ETCHER_A,PATH_0022,1.1,67.88,14.3,98.64,2.7,0.132,17.49,1,NORMAL
2026-01-04 23:05:00,LOT_02,W_00,5,4,ETCHER_A,PATH_0029,1.05,66.49,14.89,98.91,2.56,0.124,18.09,1,NORMAL
2026-01-04 23:10:00,LOT_02,W_00,6,4,ETCHER_A,PATH_0008,0.83,66.84,14.62,98.36,1.96,0.111,17.78,1,NORMAL
2026-01-04 23:15:00,LOT_02,W_00,7,4,ETCHER_A,PATH_0011,0.88,65.47,14.22,99.45,2.26,0.139,16.3,1,NORMAL
2026-01-04 23:20:00,LOT_02,W_00,8,4,ETCHER_A,PATH_0041,1.24,64.7,15.63,99.31,3.06,0.154,19.11,1,NORMAL
2026-01-04 23:25:00,LOT_02,W_00,9,4,ETCHER_A,PATH_0037,1.21,64.74,14.98,99.43,2.94,0.177,16.6,1,NORMAL
2026-01-04 23:30:00,LOT_02,W_00,0,5,ETCHER_A,PATH_0014,1.34,65.91,15.22,100.29,3.26,0.174,16.79,1,NORMAL
2026-01-04 23:35:00,LOT_02,W_00,1,5,ETCHER_A,PATH_0030,0.72,64.42,15.57,101.5,1.61,0.115,16.26,1,NORMAL
2026-01-04 23:40:00,LOT_02,W_00,2,5,ETCHER_A,PATH_0035,1.03,67.23,14.89,99.21,2.42,0.13,18.41,1,NORMAL
2026-01-04 23:45:00,LOT_02,W_00,3,5,ETCHER_A,PATH_0021,1.17,66.64,14.8,104.59,2.82,0.134,17.93,1,NORMAL
2026-01-04 23:50:00,LOT_02,W_00,4,5,ETCHER_A,PATH_0037,1.15,64.86,14.15,98.58,2.9,0.181,16.64,1,NORMAL
2026-01-04 23:55:00,LOT_02,W_00,5,5,ETCHER_A,PATH_0005,1.34,65.43,15.08,97.86,3.48,0.173,18.98,1,NORMAL
2026-01-05 00:00:00,LOT_02,W_00,6,5,ETCHER_A,PATH_0019,0.9,66.98,15.44,100.71,2.32,0.104,18.86,1,NORMAL
2026-01-05 00:05:00,LOT_02,W_00,7,5,ETCHER_A,PATH_0014,1.0,66.85,14.74,97.17,2.47,0.132,17.84,1,NORMAL
2026-01-05 00:10:00,LOT_02,W_00,8,5,ETCHER_A,PATH_0026,0.76,63.03,15.6,97.87,1.85,0.136,15.46,1,NORMAL
2026-01-05 00:15:00,LOT_02,W_00,9,5,ETCHER_A,PATH_0004,0.86,63.24,15.0,100.27,1.96,0.156,14.12,1,NORMAL
2026-01-05 00:20:00,LOT_02,W_00,0,6,ETCHER_A,PATH_0025,1.04,66.04,14.66,99.36,2.62,0.139,17.01,1,NORMAL
2026-01-05 00:25:00,LOT_02,W_00,1,6,ETCHER_A,PATH_0045,1.31,66.56,14.77,101.56,3.24,0.15,19.7,1,NORMAL
2026-01-05 00:30:00,LOT_02,W_00,2,6,ETCHER_A,PATH_0042,1.21,66.68,14.47,99.32,3.05,0.143,,1,NORMAL
2026-01-05 00:35:00,LOT_02,W_00,3,6,ETCHER_A,PATH_0025,1.07,63.52,15.07,97.81,2.68,0.161,15.1,1,NORMAL
2026-01-05 00:40:00,LOT_02,W_00,4,6,ETCHER_A,PATH_0018,0.92,63.23,15.03,100.46,2.12,0.161,15.87,1,NORMAL
2026-01-05 00:45:00,LOT_02,W_00,5,6,ETCHER_A,PATH_0040,0.87,62.4,14.71,99.45,2.1,0.171,14.36,1,NORMAL
2026-01-05 00:50:00,LOT_02,W_00,6,6,ETCHER_A,PATH_0008,0.8,64.93,15.13,100.4,2.0,0.127,17.07,1,NORMAL
2026-01-05 00:55:00,LOT_02,W_00,7,6,ETCHER_A,PATH_0039,1.01,62.89,14.37,100.45,2.38,0.181,16.83,1,NORMAL
2026-01-05 01:00:00,LOT_02,W_00,8,6,ETCHER_A,PATH_0040,1.36,65.1,14.82,99.43,3.56,0.197,19.31,1,NORMAL
2026-01-05 01:05:00,LOT_02,W_00,9,6,ETCHER_A,PATH_0014,0.92,66.35,15.54,100.38,2.26,0.135,19.05,1,NORMAL
2026-01-05 01:10:00,LOT_02,W_00,0,7,ETCHER_A,PATH_0032,0.82,64.39,15.45,100.66,1.96,0.136,15.49,1,NORMAL
2026-01-05 01:15:00,LOT_02,W_00,1,7,ETCHER_A,PATH_0038,0.77,67.28,14.86,101.23,1.88,0.103,15.72,1,NORMAL
2026-01-05 01:20:00,LOT_02,W_00,2,7,ETCHER_A,PATH_0033,1.35,66.8,15.47,101.71,3.25,0.153,18.15,1,NORMAL
2026-01-05 01:25:00,LOT_02,W_00,3,7,ETCHER_A,PATH_0023,1.18,66.48,14.92,98.14,3.06,0.154,18.15,1,NORMAL
2026-01-05 01:30:00,LOT_02,W_00,4,7,ETCHER_A,PATH_0015,1.27,62.87,14.72,98.77,3.15,0.204,15.69,1,NORMAL
2026-01-05 01:35:00,LOT_02,W_00,5,7,ETCHER_A,PATH_0033,1.3,67.85,15.36,98.26,3.24,0.157,18.52,1,NORMAL
2026-01-05 01:40:00,LOT_02,W_00,6,7,ETCHER_A,PATH_0025,1.31,62.16,13.75,100.72,3.22,0.224,18.69,1,NORMAL
2026-01-05 01:45:00,LOT_02,W_00,7,7,ETCHER_A,PATH_0017,1.09,82.68,15.74,98.56,2.74,-0.016,24.11,0,ERR-T101
2026-01-05 01:50:00,LOT_02,W_00,8,7,ETCHER_A,PATH_0033,1.07,65.92,14.91,99.29,2.72,0.151,17.11,1,NORMAL
2026-01-05 01:55:00,LOT_02,W_00,9,7,ETCHER_A,PATH_0047,1.16,66.79,15.19,99.5,2.97,0.161,17.73,1,NORMAL
2026-01-05 02:00:00,LOT_02,W_00,0,8,ETCHER_A,PATH_0002,1.24,66.4,15.2,100.13,3.27,0.151,20.15,1,NORMAL
2026-01-05 02:05:00,LOT_02,W_00,1,8,ETCHER_A,PATH_0014,1.1,66.5,14.79,97.74,2.93,0.153,19.12,1,NORMAL
2026-01-05 02:10:00,LOT_02,W_00,2,8,ETCHER_A,PATH_0040,1.19,65.87,15.61,99.79,3.03,0.175,18.39,1,NORMAL
2026-01-05 02:15:00,LOT_02,W_00,3,8,ETCHER_A,PATH_0040,0.89,61.09,15.5,99.64,2.14,0.191,14.1,1,NORMAL
2026-01-05 02:20:00,LOT_02,W_00,4,8,ETCHER_A,PATH_0039,0.84,64.3,15.3,99.36,2.29,0.145,15.65,1,NORMAL
2026-01-05 02:25:00,LOT_02,W_00,5,8,ETCHER_A,PATH_0006,1.24,64.05,14.06,98.11,3.09,0.181,19.31,1,NORMAL
2026-01-05 02:30:00,LOT_02,W_00,6,8,ETCHER_A,PATH_0006,1.26,66.3,14.91,102.01,3.28,0.147,18.78,1,NORMAL
2026-01-05 02:35:00,LOT_02,W_00,7,8,ETCHER_A,PATH_0003,0.9,65.34,15.77,99.46,2.52,0.134,16.28,1,NORMAL
2026-01-05 02:40:00,LOT_02,W_00,8,8,ETCHER_A,PATH_0007,1.01,63.23,14.43,101.74,2.47,0.169,16.24,1,NORMAL
2026-01-05 02:45:00,LOT_02,W_00,9,8,ETCHER_A,PATH_0008,1.31,61.95,14.31,97.74,3.29,0.218,16.03,1,NORMAL
2026-01-05 02:50:00,LOT_02,W_00,0,9,ETCHER_A,PATH_0042,0.9,65.46,14.89,101.58,2.21,0.119,16.65,1,NORMAL
2026-01-05 02:55:00,LOT_02,W_00,1,9,ETCHER_A,PATH_0015,0.72,68.92,15.38,98.98,1.85,0.077,18.54,1,NORMAL
2026-01-05 03:00:00,LOT_02,W_00,2,9,ETCHER_A,PATH_0047,0.72,65.4,15.02,100.64,1.64,0.138,16.52,1,NORMAL
2026-01-05 03:05:00,LOT_02,W_00,3,9,ETCHER_A,PATH_0029,1.3,65.4,14.49,100.69,3.18,0.174,18.2,1,NORMAL
2026-01-05 03:10:00,LOT_02,W_00,4,9,ETCHER_A,PATH_0033,1.19,62.86,15.08,100.04,3.02,0.186,16.93,1,NORMAL
2026-01-05 03:15:00,LOT_02,W_00,5,9,ETCHER_A,PATH_0030,0.97,62.92,15.15,99.67,2.41,0.16,14.61,1,NORMAL
2026-01-05 03:20:00,LOT_02,W_00,6,9,ETCHER_A,PATH_0039,0.79,65.44,15.17,100.87,2.04,0.121,15.34,1,NORMAL
2026-01-05 03:25:00,LOT_02,W_00,7,9,ETCHER_A,PATH_0027,0.72,66.03,15.84,100.44,1.95,0.09,17.48,1,NORMAL
2026-01-05 03:30:00,LOT_02,W_00,8,9,ETCHER_A,PATH_0036,1.36,64.65,14.62,97.02,3.31,0.184,20.19,1,NORMAL
2026-01-05 03:35:00,LOT_02,W_00,9,9,ETCHER_A,PATH_0029,0.77,66.86,15.52,98.05,2.1,0.109,17.43,1,NORMAL
2026-01-05 03:40:00,LOT_02,W_01,0,0,ETCHER_A,PATH_0038,1.12,62.68,15.16,97.41,2.74,0.183,16.18,1,NORMAL
2026-01-05 03:45:00,LOT_02,W_01,1,0,ETCHER_A,PATH_0033,1.11,63.07,15.26,100.26,2.8,0.168,15.94,1,NORMAL
2026-01-05 03:50:00,LOT_02,W_01,2,0,ETCHER_A,PATH_0037,1.39,67.08,15.65,98.72,3.5,0.158,18.43,1,NORMAL
2026-01-05 03:55:00,LOT_02,W_01,3,0,ETCHER_A,PATH_0027,1.13,67.0,15.32,100.36,2.92,0.121,19.92,1,NORMAL
2026-01-05 04:00:00,LOT_02,W_01,4,0,ETCHER_A,PATH_0033,0.86,85.89,14.48,97.57,2.23,-0.068,23.93,0,ERR-T101
2026-01-05 04:05:00,LOT_02,W_01,5,0,ETCHER_A,PATH_0004,0.94,60.21,14.75,99.78,2.23,0.193,16.82,1,NORMAL
2026-01-05 04:10:00,LOT_02,W_01,6,0,ETCHER_A,PATH_0022,1.21,66.36,16.07,97.6,3.19,0.142,17.04,1,NORMAL
2026-01-05 04:15:00,LOT_02,W_01,7,0,ETCHER_A,PATH_0002,0.88,63.79,16.41,99.2,2.33,0.141,16.03,1,NORMAL
2026-01-05 04:20:00,LOT_02,W_01,8,0,ETCHER_A,PATH_0010,1.32,63.09,14.72,100.45,3.31,0.201,19.75,1,NORMAL
2026-01-05 04:25:00,LOT_02,W_01,9,0,ETCHER_A,PATH_0005,0.7,61.24,14.61,100.49,1.6,0.129,12.79,1,NORMAL
2026-01-05 04:30:00,LOT_02,W_01,0,1,ETCHER_A,PATH_0010,1.03,60.85,15.0,98.82,2.58,0.194,16.88,1,NORMAL
2026-01-05 04:35:00,LOT_02,W_01,1,1,ETCHER_A,PATH_0033,1.23,67.8,15.94,99.09,2.91,0.137,19.8,1,NORMAL
2026-01-05 04:40:00,LOT_02,W_01,2,1,ETCHER_A,PATH_0038,0.86,66.47,14.44,99.99,2.04,0.117,15.84,1,NORMAL
2026-01-05 04:45:00,LOT_02,W_01,3,1,ETCHER_A,PATH_0013,0.85,62.68,13.68,99.47,2.17,0.179,16.17,1,NORMAL
2026-01-05 04:50:00,LOT_02,W_01,4,1,ETCHER_A,PATH_0031,0.8,65.21,14.61,101.16,1.92,0.127,15.0,1,NORMAL
2026-01-05 04:55:00,LOT_02,W_01,5,1,ETCHER_A,PATH_0047,1.18,65.84,15.13,98.6,3.09,0.164,18.39,1,NORMAL
2026-01-05 05:00:00,LOT_02,W_01,6,1,ETCHER_A,PATH_0036,1.1,67.23,14.81,99.77,2.68,0.147,19.53,1,NORMAL
2026-01-05 05:05:00,LOT_02,W_01,7,1,ETCHER_A,PATH_0045,0.9,67.68,14.83,99.97,2.14,0.125,17.52,1,NORMAL
2026-01-05 05:10:00,LOT_02,W_01,8,1,ETCHER_A,PATH_0024,0.88,76.55,15.48,98.06,2.21,0.011,20.22,1,NORMAL
2026-01-05 05:15:00,LOT_02,W_01,9,1,ETCHER_A,PATH_0015,0.91,65.65,14.65,99.04,2.19,0.151,16.4,1,NORMAL
2026-01-05 05:20:00,LOT_02,W_01,0,2,ETCHER_A,PATH_0029,1.38,62.51,15.44,100.7,3.38,0.214,19.02,1,NORMAL
2026-01-05 05:25:00,LOT_02,W_01,1,2,ETCHER_A,PATH_0008,0.91,79.29,15.44,94.08,2.25,-0.03,23.32,0,ERR-T101
2026-01-05 05:30:00,LOT_02,W_01,2,2,ETCHER_A,PATH_0005,0.92,64.85,15.57,101.33,2.27,0.142,16.35,1,NORMAL
2026-01-05 05:35:00,LOT_02,W_01,3,2,ETCHER_A,PATH_0029,0.8,68.16,15.03,98.08,1.93,0.106,20.04,1,NORMAL
2026-01-05 05:40:00,LOT_02,W_01,4,2,ETCHER_A,PATH_0047,0.85,63.04,15.13,99.74,2.1,0.156,15.44,1,NORMAL
2026-01-05 05:45:00,LOT_02,W_01,5,2,ETCHER_A,PATH_0004,0.99,81.32,14.69,96.06,2.53,-0.009,22.34,0,ERR-T101
2026-01-05 05:50:00,LOT_02,W_01,6,2,ETCHER_A,PATH_0012,1.23,65.16,15.68,97.26,3.07,0.156,17.39,1,NORMAL
2026-01-05 05:55:00,LOT_02,W_01,7,2,ETCHER_A,PATH_0045,1.16,64.78,15.35,99.58,3.17,0.168,16.15,1,NORMAL
2026-01-05 06:00:00,LOT_02,W_01,8,2,ETCHER_A,PATH_0002,0.8,64.51,14.68,100.64,1.83,0.137,17.89,1,NORMAL
2026-01-05 06:05:00,LOT_02,W_01,9,2,ETCHER_A,PATH_0027,0.71,63.48,14.73,100.68,1.78,0.134,13.36,1,NORMAL
2026-01-05 06:10:00,LOT_02,W_01,0,3,ETCHER_A,PATH_0031,0.97,66.07,14.3,100.46,2.35,0.142,19.08,1,NORMAL
2026-01-05 06:15:00,LOT_02,W_01,1,3,ETCHER_A,PATH_0036,0.73,67.47,15.97,95.92,1.85,0.11,17.31,1,NORMAL
2026-01-05 06:20:00,LOT_02,W_01,2,3,ETCHER_A,PATH_0036,1.35,68.22,14.44,100.23,3.23,0.154,19.82,1,NORMAL
2026-01-05 06:25:00,LOT_02,W_01,3,3,ETCHER_A,PATH_0026,1.21,66.41,15.23,102.06,3.03,0.155,18.66,1,NORMAL
2026-01-05 06:30:00,LOT_02,W_01,4,3,ETCHER_A,PATH_0043,1.13,62.84,14.82,101.67,2.92,0.184,17.25,1,NORMAL
2026-01-05 06:35:00,LOT_02,W_01,5,3,ETCHER_A,PATH_0027,0.83,67.73,14.94,98.08,2.12,0.114,17.71,1,NORMAL
2026-01-05 06:40:00,LOT_02,W_01,6,3,ETCHER_A,PATH_0005,0.95,65.71,14.59,99.06,2.51,0.141,14.79,1,NORMAL
2026-01-05 06:45:00,LOT_02,W_01,7,3,ETCHER_A,PATH_0020,1.16,65.13,14.26,100.56,2.86,0.179,18.98,1,NORMAL
2026-01-05 06:50:00,LOT_02,W_01,8,3,ETCHER_A,PATH_0011,1.16,78.13,15.42,96.43,2.97,0.017,24.6,1,NORMAL
2026-01-05 06:55:00,LOT_02,W_01,9,3,ETCHER_A,PATH_0010,1.29,64.3,14.57,100.34,3.19,0.193,20.01,1,NORMAL
2026-01-05 07:00:00,LOT_02,W_01,0,4,ETCHER_A,PATH_0040,0.95,66.74,14.85,102.77,2.35,0.124,17.49,1,NORMAL
2026-01-05 07:05:00,LOT_02,W_01,1,4,ETCHER_A,PATH_0038,1.12,65.99,14.12,99.61,2.8,0.163,18.85,1,NORMAL
2026-01-05 07:10:00,LOT_02,W_01,2,4,ETCHER_A,PATH_0006,0.77,65.24,14.47,100.33,2.06,0.145,17.75,1,NORMAL
2026-01-05 07:15:00,LOT_02,W_01,3,4,ETCHER_A,PATH_0008,1.11,68.67,14.38,99.17,2.82,0.159,18.57,1,NORMAL
2026-01-05 07:20:00,LOT_02,W_01,4,4,ETCHER_A,PATH_0023,1.04,64.73,14.88,98.13,2.85,0.14,16.31,1,NORMAL
2026-01-05 07:25:00,LOT_02,W_01,5,4,ETCHER_A,PATH_0047,1.0,64.83,14.98,100.13,2.47,0.154,18.19,1,NORMAL
2026-01-05 07:30:00,LOT_02,W_01,6,4,ETCHER_A,PATH_0026,0.89,65.57,15.6,98.75,2.33,0.11,17.22,1,NORMAL
2026-01-05 07:35:00,LOT_02,W_01,7,4,ETCHER_A,PATH_0046,0.8,65.09,16.04,99.46,1.96,0.126,15.86,1,NORMAL
2026-01-05 07:40:00,LOT_02,W_01,8,4,ETCHER_A,PATH_0043,0.83,68.93,14.85,97.02,2.13,0.091,16.13,1,NORMAL
2026-01-05 07:45:00,LOT_02,W_01,9,4,ETCHER_A,PATH_0012,0.92,66.34,14.71,99.38,2.41,0.117,18.68,1,NORMAL
2026-01-05 07:50:00,LOT_02,W_01,0,5,ETCHER_A,PATH_0026,1.1,62.99,15.42,100.55,2.66,0.184,14.82,1,NORMAL
2026-01-05 07:55:00,LOT_02,W_01,1,5,ETCHER_A,PATH_0013,0.96,70.68,14.0,97.31,2.26,0.097,18.73,1,NORMAL
2026-01-05 08:00:00,LOT_02,W_01,2,5,ETCHER_A,PATH_0040,1.04,66.84,14.71,97.95,2.51,0.135,17.02,1,NORMAL
2026-01-05 08:05:00,LOT_02,W_01,3,5,ETCHER_A,PATH_0018,0.79,64.88,14.87,98.84,1.95,0.102,16.84,1,NORMAL
2026-01-05 08:10:00,LOT_02,W_01,4,5,ETCHER_A,PATH_0025,1.06,62.05,15.82,99.68,2.66,0.174,15.16,1,NORMAL
2026-01-05 08:15:00,LOT_02,W_01,5,5,ETCHER_A,PATH_0033,0.81,64.4,14.77,98.68,1.95,0.143,16.13,1,NORMAL
2026-01-05 08:20:00,LOT_02,W_01,6,5,ETCHER_A,PATH_0047,0.74,65.11,16.26,97.69,1.91,0.121,15.72,1,NORMAL
2026-01-05 08:25:00,LOT_02,W_01,7,5,ETCHER_A,PATH_0040,1.28,65.47,15.45,99.49,3.16,0.184,19.82,1,NORMAL
2026-01-05 08:30:00,LOT_02,W_01,8,5,ETCHER_A,PATH_0043,0.93,62.95,15.33,102.36,2.36,0.158,14.96,1,NORMAL
2026-01-05 08:35:00,LOT_02,W_01,9,5,ETCHER_A,PATH_0012,0.73,64.07,15.64,99.45,1.83,0.13,15.23,1,NORMAL
2026-01-05 08:40:00,LOT_02,W_01,0,6,ETCHER_A,PATH_0044,1.02,66.54,14.99,100.99,2.45,0.14,17.21,1,NORMAL
2026-01-05 08:45:00,LOT_02,W_01,1,6,ETCHER_A,PATH_0036,0.8,62.3,14.25,100.88,2.03,0.162,15.3,1,NORMAL
2026-01-05 08:50:00,LOT_02,W_01,2,6,ETCHER_A,PATH_0048,1.19,62.41,14.69,98.84,2.83,0.206,16.98,1,NORMAL
2026-01-05 08:55:00,LOT_02,W_01,3,6,ETCHER_A,PATH_0004,0.99,68.98,15.08,101.51,2.58,0.112,19.4,1,NORMAL
2026-01-05 09:00:00,LOT_02,W_01,4,6,ETCHER_A,PATH_0005,1.1,67.23,14.49,101.69,2.87,0.149,16.73,1,NORMAL
2026-01-05 09:05:00,LOT_02,W_01,5,6,ETCHER_A,PATH_0037,1.32,65.93,15.11,102.21,3.27,0.17,17.51,1,NORMAL
2026-01-05 09:10:00,LOT_02,W_01,6,6,ETCHER_A,PATH_0008,1.17,64.36,14.93,100.72,2.84,0.161,17.66,1,NORMAL
2026-01-05 09:15:00,LOT_02,W_01,7,6,ETCHER_A,PATH_0042,0.91,64.66,15.3,101.42,2.28,0.136,17.32,1,NORMAL
2026-01-05 09:20:00,LOT_02,W_01,8,6,ETCHER_A,PATH_0049,1.28,68.54,14.71,100.49,3.16,0.124,19.17,1,NORMAL
2026-01-05 09:25:00,LOT_02,W_01,9,6,ETCHER_A,PATH_0028,1.18,83.03,15.28,93.87,3.05,-0.008,28.29,0,ERR-T101
2026-01-05 09:30:00,LOT_02,W_01,0,7,ETCHER_A,PATH_0031,1.22,63.39,15.11,98.87,2.93,0.193,15.32,1,NORMAL
2026-01-05 09:35:00,LOT_02,W_01,1,7,ETCHER_A,PATH_0009,0.75,66.71,14.43,100.79,1.83,0.096,16.62,1,NORMAL
2026-01-05 09:40:00,LOT_02,W_01,2,7,ETCHER_A,PATH_0029,1.05,62.99,14.11,99.71,2.44,0.181,16.53,1,NORMAL
2026-01-05 09:45:00,LOT_02,W_01,3,7,ETCHER_A,PATH_0014,1.07,65.68,15.13,101.1,2.8,0.151,18.03,1,NORMAL
2026-01-05 09:50:00,LOT_02,W_01,4,7,ETCHER_A,PATH_0040,1.3,64.79,15.52,99.4,3.22,0.163,19.34,1,NORMAL
2026-01-05 09:55:00,LOT_02,W_01,5,7,ETCHER_A,PATH_0041,1.27,67.44,15.49,101.24,3.15,0.165,19.09,1,NORMAL
2026-01-05 10:00:00,LOT_02,W_01,6,7,ETCHER_A,PATH_0022,1.17,66.9,15.31,99.97,3.02,0.153,20.24,1,NORMAL
2026-01-05 10:05:00,LOT_02,W_01,7,7,ETCHER_A,PATH_0011,0.76,65.95,15.35,101.25,1.98,0.1,16.73,1,NORMAL
2026-01-05 10:10:00,LOT_02,W_01,8,7,ETCHER_A,PATH_0023,0.82,65.76,15.34,101.74,2.06,0.115,17.27,1,NORMAL
2026-01-05 10:15:00,LOT_02,W_01,9,7,ETCHER_A,PATH_0001,0.93,66.12,15.21,99.82,2.29,0.13,17.24,1,NORMAL
2026-01-05 10:20:00,LOT_02,W_01,0,8,ETCHER_A,PATH_0046,0.84,62.27,15.32,99.95,2.31,0.143,16.16,1,NORMAL
2026-01-05 10:25:00,LOT_02,W_01,1,8,ETCHER_A,PATH_0037,1.27,64.56,15.43,100.66,3.24,0.179,17.95,1,NORMAL
2026-01-05 10:30:00,LOT_02,W_01,2,8,ETCHER_A,PATH_0021,0.91,65.39,15.36,100.06,2.16,0.144,16.92,1,NORMAL
2026-01-05 10:35:00,LOT_02,W_01,3,8,ETCHER_A,PATH_0026,1.21,64.08,14.56,97.58,3.19,0.173,17.92,1,NORMAL
2026-01-05 10:40:00,LOT_02,W_01,4,8,ETCHER_A,PATH_0046,0.79,65.14,15.44,98.97,2.19,0.107,15.96,1,NORMAL
2026-01-05 10:45:00,LOT_02,W_01,5,8,ETCHER_A,PATH_0036,0.94,64.53,14.98,96.78,2.21,0.142,14.44,1,NORMAL
2026-01-05 10:50:00,LOT_02,W_01,6,8,ETCHER_A,PATH_0023,1.32,61.12,15.62,98.64,3.26,0.213,17.72,1,NORMAL
2026-01-05 10:55:00,LOT_02,W_01,7,8,ETCHER_A,PATH_0001,0.82,64.52,16.13,99.67,2.05,0.142,16.01,1,NORMAL
2026-01-05 11:00:00,LOT_02,W_01,8,8,ETCHER_A,PATH_0040,1.3,68.32,14.72,101.88,3.22,0.158,20.18,1,NORMAL
2026-01-05 11:05:00,LOT_02,W_01,9,8,ETCHER_A,PATH_0015,1.18,64.28,15.5,100.21,3.25,0.162,17.39,1,NORMAL
2026-01-05 11:10:00,LOT_02,W_01,0,9,ETCHER_A,PATH_0021,1.39,60.91,15.07,101.54,3.44,0.234,17.57,1,NORMAL
2026-01-05 11:15:00,LOT_02,W_01,1,9,ETCHER_A,PATH_0047,0.87,63.61,14.38,99.13,2.11,0.164,14.26,1,NORMAL
2026-01-05 11:20:00,LOT_02,W_01,2,9,ETCHER_A,PATH_0009,0.93,65.3,15.41,100.73,2.41,0.127,17.75,1,NORMAL
2026-01-05 11:25:00,LOT_02,W_01,3,9,ETCHER_A,PATH_0009,1.3,64.31,14.92,100.56,3.19,0.183,17.7,1,NORMAL
2026-01-05 11:30:00,LOT_02,W_01,4,9,ETCHER_A,PATH_0010,1.0,63.14,14.72,101.66,2.27,0.175,18.88,1,NORMAL
2026-01-05 11:35:00,LOT_02,W_01,5,9,ETCHER_A,PATH_0026,1.15,67.12,14.44,101.47,2.85,0.159,19.22,1,NORMAL
2026-01-05 11:40:00,LOT_02,W_01,6,9,ETCHER_A,PATH_0041,1.16,66.32,15.3,98.15,2.87,0.133,18.1,1,NORMAL
2026-01-05 11:45:00,LOT_02,W_01,7,9,ETCHER_A,PATH_0035,0.82,65.64,15.56,96.89,2.13,0.124,17.2,1,NORMAL
2026-01-05 11:50:00,LOT_02,W_01,8,9,ETCHER_A,PATH_0025,0.98,61.71,14.5,103.04,2.47,0.182,16.77,1,NORMAL
2026-01-05 11:55:00,LOT_02,W_01,9,9,ETCHER_A,PATH_0026,1.18,61.66,14.74,101.66,2.83,0.186,16.05,1,NORMAL
2026-01-05 12:00:00,LOT_02,W_02,0,0,ETCHER_A,PATH_0011,1.0,65.86,14.49,100.45,2.64,0.142,17.14,1,NORMAL
2026-01-05 12:05:00,LOT_02,W_02,1,0,ETCHER_A,PATH_0038,1.15,64.61,14.88,99.66,2.85,0.164,17.49,1,NORMAL
2026-01-05 12:10:00,LOT_02,W_02,2,0,ETCHER_A,PATH_0002,1.16,66.38,15.18,100.22,2.98,0.149,18.02,1,NORMAL
2026-01-05 12:15:00,LOT_02,W_02,3,0,ETCHER_A,PATH_0007,0.83,66.55,15.19,99.36,1.8,0.121,16.84,1,NORMAL
2026-01-05 12:20:00,LOT_02,W_02,4,0,ETCHER_A,PATH_0018,0.95,64.98,14.77,99.6,2.42,0.129,17.52,1,NORMAL
2026-01-05 12:25:00,LOT_02,W_02,5,0,ETCHER_A,PATH_0027,1.28,64.65,14.8,98.33,3.19,0.179,18.41,1,NORMAL
2026-01-05 12:30:00,LOT_02,W_02,6,0,ETCHER_A,PATH_0034,1.06,66.14,14.11,98.43,2.72,0.145,18.32,1,NORMAL
2026-01-05 12:35:00,LOT_02,W_02,7,0,ETCHER_A,PATH_0027,1.37,66.62,15.44,98.77,3.38,0.186,19.41,1,NORMAL
2026-01-05 12:40:00,LOT_02,W_02,8,0,ETCHER_A,PATH_0017,1.21,61.66,15.37,98.93,2.99,0.228,14.27,1,NORMAL
2026-01-05 12:45:00,LOT_02,W_02,9,0,ETCHER_A,PATH_0043,0.84,64.85,14.41,97.35,2.07,0.136,16.45,1,NORMAL
2026-01-05 12:50:00,LOT_02,W_02,0,1,ETCHER_A,PATH_0044,0.78,63.6,15.74,100.32,1.98,0.137,14.84,1,NORMAL
2026-01-05 12:55:00,LOT_02,W_02,1,1,ETCHER_A,PATH_0024,0.73,66.12,14.91,97.27,1.88,0.119,17.19,1,NORMAL
2026-01-05 13:00:00,LOT_02,W_02,2,1,ETCHER_A,PATH_0025,1.14,64.31,15.19,98.35,2.89,0.16,16.48,1,NORMAL
2026-01-05 13:05:00,LOT_02,W_02,3,1,ETCHER_A,PATH_0007,1.17,68.71,14.28,102.4,2.79,0.127,17.89,1,NORMAL
2026-01-05 13:10:00,LOT_02,W_02,4,1,ETCHER_A,PATH_0006,1.39,67.46,16.13,100.89,3.54,0.158,19.22,1,NORMAL
2026-01-05 13:15:00,LOT_02,W_02,5,1,ETCHER_A,PATH_0024,0.89,64.09,15.68,101.96,2.07,0.15,15.28,1,NORMAL
2026-01-05 13:20:00,LOT_02,W_02,6,1,ETCHER_A,PATH_0033,0.92,69.83,14.43,102.28,2.32,0.111,18.63,1,NORMAL
2026-01-05 13:25:00,LOT_02,W_02,7,1,ETCHER_A,PATH_0049,1.35,64.68,15.62,98.63,3.24,0.181,19.22,1,NORMAL
2026-01-05 13:30:00,LOT_02,W_02,8,1,ETCHER_A,PATH_0029,1.31,65.62,14.88,101.7,3.02,0.171,17.96,1,NORMAL
2026-01-05 13:35:00,LOT_02,W_02,9,1,ETCHER_A,PATH_0043,1.17,66.05,14.11,100.99,2.93,0.156,18.37,1,NORMAL
2026-01-05 13:40:00,LOT_02,W_02,0,2,ETCHER_A,PATH_0022,1.04,65.01,15.88,100.64,2.64,0.134,17.41,1,NORMAL
2026-01-05 13:45:00,LOT_02,W_02,1,2,ETCHER_A,PATH_0026,1.36,68.41,15.62,98.72,3.47,0.164,18.74,1,NORMAL
2026-01-05 13:50:00,LOT_02,W_02,2,2,ETCHER_A,PATH_0028,1.08,66.15,15.03,99.78,2.79,0.127,17.39,1,NORMAL
2026-01-05 13:55:00,LOT_02,W_02,3,2,ETCHER_A,PATH_0021,1.38,62.51,14.24,99.42,3.48,0.215,,1,NORMAL
2026-01-05 14:00:00,LOT_02,W_02,4,2,ETCHER_A,PATH_0049,0.86,65.9,15.17,98.2,2.3,0.122,,1,NORMAL
2026-01-05 14:05:00,LOT_02,W_02,5,2,ETCHER_A,PATH_0007,0.91,67.59,15.4,98.27,2.24,0.12,16.78,1,NORMAL
2026-01-05 14:10:00,LOT_02,W_02,6,2,ETCHER_A,PATH_0017,0.85,65.87,15.27,100.67,2.17,0.098,14.32,1,NORMAL
2026-01-05 14:15:00,LOT_02,W_02,7,2,ETCHER_A,PATH_0020,0.89,65.79,15.98,99.72,2.16,0.119,18.38,1,NORMAL
2026-01-05 14:20:00,LOT_02,W_02,8,2,ETCHER_A,PATH_0041,1.17,65.25,15.49,100.34,2.93,0.169,16.67,1,NORMAL
2026-01-05 14:25:00,LOT_02,W_02,9,2,ETCHER_A,PATH_0049,1.12,66.38,14.48,100.48,2.72,0.147,18.29,1,NORMAL
2026-01-05 14:30:00,LOT_02,W_02,0,3,ETCHER_A,PATH_0020,0.85,66.58,16.11,99.56,2.12,0.111,17.93,1,NORMAL
2026-01-05 14:35:00,LOT_02,W_02,1,3,ETCHER_A,PATH_0022,0.86,61.83,14.77,98.57,2.08,0.172,15.2,1,NORMAL
2026-01-05 14:40:00,LOT_02,W_02,2,3,ETCHER_A,PATH_0028,0.99,61.7,15.26,100.26,2.42,0.191,13.92,1,NORMAL
2026-01-05 14:45:00,LOT_02,W_02,3,3,ETCHER_A,PATH_0040,0.84,63.27,14.8,99.98,2.17,0.136,16.02,1,NORMAL
2026-01-05 14:50:00,LOT_02,W_02,4,3,ETCHER_A,PATH_0049,0.98,66.93,14.72,99.93,2.34,0.131,18.43,1,NORMAL
2026-01-05 14:55:00,LOT_02,W_02,5,3,ETCHER_A,PATH_0007,0.72,64.6,15.27,99.15,1.69,0.107,15.83,1,NORMAL
2026-01-05 15:00:00,LOT_02,W_02,6,3,ETCHER_A,PATH_0001,1.35,63.01,14.94,100.2,3.39,0.198,19.03,1,NORMAL
2026-01-05 15:05:00,LOT_02,W_02,7,3,ETCHER_A,PATH_0032,1.11,62.56,16.03,101.76,2.79,0.182,15.89,1,NORMAL
2026-01-05 15:10:00,LOT_02,W_02,8,3,ETCHER_A,PATH_0013,0.87,64.36,14.59,100.07,2.11,0.156,18.52,1,NORMAL
2026-01-05 15:15:00,LOT_02,W_02,9,3,ETCHER_A,PATH_0030,1.28,66.36,15.34,99.73,3.23,0.177,17.91,1,NORMAL
2026-01-05 15:20:00,LOT_02,W_02,0,4,ETCHER_A,PATH_0023,0.73,69.63,14.14,100.31,1.65,0.074,19.35,1,NORMAL
2026-01-05 15:25:00,LOT_02,W_02,1,4,ETCHER_A,PATH_0019,1.17,64.26,15.13,101.23,2.9,0.158,17.79,1,NORMAL
2026-01-05 15:30:00,LOT_02,W_02,2,4,ETCHER_A,PATH_0032,1.3,65.3,15.0,100.93,3.14,0.182,19.56,1,NORMAL
2026-01-05 15:35:00,LOT_02,W_02,3,4,ETCHER_A,PATH_0030,1.32,65.59,14.57,100.68,3.43,0.182,,1,NORMAL
2026-01-05 15:40:00,LOT_02,W_02,4,4,ETCHER_A,PATH_0029,1.06,64.16,15.89,98.66,2.41,0.161,18.16,1,NORMAL
2026-01-05 15:45:00,LOT_02,W_02,5,4,ETCHER_A,PATH_0049,1.03,66.4,16.02,99.5,2.73,0.137,16.35,1,NORMAL
2026-01-05 15:50:00,LOT_02,W_02,6,4,ETCHER_A,PATH_0045,1.34,62.82,14.85,99.51,3.4,0.203,19.47,1,NORMAL
2026-01-05 15:55:00,LOT_02,W_02,7,4,ETCHER_A,PATH_0029,0.72,66.66,14.93,98.23,1.8,0.111,17.11,1,NORMAL
2026-01-05 16:00:00,LOT_02,W_02,8,4,ETCHER_A,PATH_0030,1.35,65.57,14.43,100.87,3.32,0.172,19.06,1,NORMAL
2026-01-05 16:05:00,LOT_02,W_02,9,4,ETCHER_A,PATH_0016,0.98,66.68,15.08,98.02,2.45,0.14,18.76,1,NORMAL
2026-01-05 16:10:00,LOT_02,W_02,0,5,ETCHER_A,PATH_0040,0.71,64.61,15.54,100.44,1.66,0.112,15.96,1,NORMAL
2026-01-05 16:15:00,LOT_02,W_02,1,5,ETCHER_A,PATH_0019,1.14,69.13,14.87,99.4,3.01,0.124,18.71,1,NORMAL
2026-01-05 16:20:00,LOT_02,W_02,2,5,ETCHER_A,PATH_0018,1.11,67.19,14.86,99.78,2.68,0.134,18.95,1,NORMAL
2026-01-05 16:25:00,LOT_02,W_02,3,5,ETCHER_A,PATH_0001,1.05,64.75,14.32,102.9,2.48,0.156,17.39,1,NORMAL
2026-01-05 16:30:00,LOT_02,W_02,4,5,ETCHER_A,PATH_0014,1.03,63.52,15.53,98.62,2.6,0.167,15.52,1,NORMAL
2026-01-05 16:35:00,LOT_02,W_02,5,5,ETCHER_A,PATH_0047,1.16,68.91,14.67,101.94,2.88,0.128,18.23,1,NORMAL
2026-01-05 16:40:00,LOT_02,W_02,6,5,ETCHER_A,PATH_0002,0.79,65.79,15.07,99.36,1.82,0.109,18.9,1,NORMAL
2026-01-05 16:45:00,LOT_02,W_02,7,5,ETCHER_A,PATH_0028,1.35,64.95,14.15,98.84,3.34,0.187,19.76,1,NORMAL
2026-01-05 16:50:00,LOT_02,W_02,8,5,ETCHER_A,PATH_0049,1.01,63.09,14.54,99.2,2.5,0.166,15.07,1,NORMAL
2026-01-05 16:55:00,LOT_02,W_02,9,5,ETCHER_A,PATH_0030,1.38,67.0,15.48,101.31,3.44,0.153,21.08,1,NORMAL
2026-01-05 17:00:00,LOT_02,W_02,0,6,ETCHER_A,PATH_0038,0.72,61.68,14.47,98.69,1.88,0.153,14.13,1,NORMAL
2026-01-05 17:05:00,LOT_02,W_02,1,6,ETCHER_A,PATH_0004,1.04,68.42,15.69,101.68,2.54,0.102,16.65,1,NORMAL
2026-01-05 17:10:00,LOT_02,W_02,2,6,ETCHER_A,PATH_0001,1.03,67.26,14.6,98.66,2.55,0.146,17.4,1,NORMAL
2026-01-05 17:15:00,LOT_02,W_02,3,6,ETCHER_A,PATH_0008,1.26,61.84,15.0,98.22,3.17,0.204,16.83,1,NORMAL
2026-01-05 17:20:00,LOT_02,W_02,4,6,ETCHER_A,PATH_0029,1.06,68.65,14.74,102.88,2.58,0.114,17.9,1,NORMAL
2026-01-05 17:25:00,LOT_02,W_02,5,6,ETCHER_A,PATH_0039,0.93,65.9,15.14,99.13,2.18,0.139,17.5,1,NORMAL
2026-01-05 17:30:00,LOT_02,W_02,6,6,ETCHER_A,PATH_0003,0.71,61.08,14.61,101.25,1.79,0.159,13.92,1,NORMAL
2026-01-05 17:35:00,LOT_02,W_02,7,6,ETCHER_A,PATH_0032,1.35,65.73,14.49,98.38,3.4,0.177,19.73,1,NORMAL
2026-01-05 17:40:00,LOT_02,W_02,8,6,ETCHER_A,PATH_0010,0.88,63.87,14.55,100.9,2.15,0.163,16.41,1,NORMAL
2026-01-05 17:45:00,LOT_02,W_02,9,6,ETCHER_A,PATH_0010,1.07,64.93,13.87,100.71,2.8,0.173,15.18,1,NORMAL
2026-01-05 17:50:00,LOT_02,W_02,0,7,ETCHER_A,PATH_0019,1.0,67.77,15.13,99.39,2.54,0.126,17.95,1,NORMAL
2026-01-05 17:55:00,LOT_02,W_02,1,7,ETCHER_A,PATH_0046,1.38,66.68,15.48,97.35,3.28,0.183,18.42,1,NORMAL
2026-01-05 18:00:00,LOT_02,W_02,2,7,ETCHER_A,PATH_0034,1.29,62.91,16.09,100.28,3.22,0.198,17.42,1,NORMAL
2026-01-05 18:05:00,LOT_02,W_02,3,7,ETCHER_A,PATH_0033,0.98,65.3,14.8,99.6,2.58,0.139,17.74,1,NORMAL
2026-01-05 18:10:00,LOT_02,W_02,4,7,ETCHER_A,PATH_0023,1.13,64.18,14.72,98.51,2.74,0.157,15.96,1,NORMAL
2026-01-05 18:15:00,LOT_02,W_02,5,7,ETCHER_A,PATH_0028,1.38,65.44,14.75,99.43,3.21,0.172,20.35,1,NORMAL
2026-01-05 18:20:00,LOT_02,W_02,6,7,ETCHER_A,PATH_0032,0.92,66.58,15.51,98.4,2.26,0.13,15.2,1,NORMAL
2026-01-05 18:25:00,LOT_02,W_02,7,7,ETCHER_A,PATH_0007,1.08,62.53,14.32,98.14,2.71,0.176,15.42,1,NORMAL
2026-01-05 18:30:00,LOT_02,W_02,8,7,ETCHER_A,PATH_0029,1.17,64.83,14.79,99.5,2.67,0.164,16.54,1,NORMAL
2026-01-05 18:35:00,LOT_02,W_02,9,7,ETCHER_A,PATH_0008,1.15,60.96,14.54,100.89,2.74,0.204,14.12,1,NORMAL
2026-01-05 18:40:00,LOT_02,W_02,0,8,ETCHER_A,PATH_0001,0.94,64.91,14.32,99.55,2.22,0.15,16.72,1,NORMAL
2026-01-05 18:45:00,LOT_02,W_02,1,8,ETCHER_A,PATH_0003,1.39,65.46,15.2,99.14,3.38,0.185,17.63,1,NORMAL
2026-01-05 18:50:00,LOT_02,W_02,2,8,ETCHER_A,PATH_0024,1.1,71.06,16.02,101.77,2.73,0.085,20.83,1,NORMAL
2026-01-05 18:55:00,LOT_02,W_02,3,8,ETCHER_A,PATH_0023,0.9,64.0,15.73,100.6,2.23,0.156,16.52,1,NORMAL
2026-01-05 19:00:00,LOT_02,W_02,4,8,ETCHER_A,PATH_0008,1.2,66.5,15.35,99.8,2.89,0.157,18.79,1,NORMAL
2026-01-05 19:05:00,LOT_02,W_02,5,8,ETCHER_A,PATH_0047,0.8,67.9,14.0,97.92,2.03,0.11,15.41,1,NORMAL
2026-01-05 19:10:00,LOT_02,W_02,6,8,ETCHER_A,PATH_0037,0.78,67.67,14.25,99.29,1.95,0.105,18.43,1,NORMAL
2026-01-05 19:15:00,LOT_02,W_02,7,8,ETCHER_A,PATH_0003,1.07,64.29,14.86,97.74,2.71,0.162,16.21,1,NORMAL
2026-01-05 19:20:00,LOT_02,W_02,8,8,ETCHER_A,PATH_0033,0.73,64.25,14.86,100.07,1.75,0.129,14.35,1,NORMAL
2026-01-05 19:25:00,LOT_02,W_02,9,8,ETCHER_A,PATH_0028,1.13,66.07,14.56,101.86,2.82,0.157,18.74,1,NORMAL
2026-01-05 19:30:00,LOT_02,W_02,0,9,ETCHER_A,PATH_0047,1.33,61.79,15.29,98.06,3.33,0.211,19.26,1,NORMAL
2026-01-05 19:35:00,LOT_02,W_02,1,9,ETCHER_A,PATH_0008,1.37,66.79,14.97,100.79,3.41,0.167,22.33,1,NORMAL
2026-01-05 19:40:00,LOT_02,W_02,2,9,ETCHER_A,PATH_0034,1.34,64.51,14.71,100.54,3.29,0.198,19.53,1,NORMAL
2026-01-05 19:45:00,LOT_02,W_02,3,9,ETCHER_A,PATH_0035,1.16,67.62,14.61,97.63,2.9,0.143,17.49,1,NORMAL
2026-01-05 19:50:00,LOT_02,W_02,4,9,ETCHER_A,PATH_0032,0.76,62.72,14.93,97.62,2.11,0.147,14.1,1,NORMAL
2026-01-05 19:55:00,LOT_02,W_02,5,9,ETCHER_A,PATH_0024,1.19,65.9,15.04,96.99,3.07,0.153,19.62,1,NORMAL
2026-01-05 20:00:00,LOT_02,W_02,6,9,ETCHER_A,PATH_0014,1.0,62.25,15.46,99.73,2.35,0.179,15.62,1,NORMAL
2026-01-05 20:05:00,LOT_02,W_02,7,9,ETCHER_A,PATH_0032,0.86,66.88,15.71,100.33,2.03,0.117,18.5,1,NORMAL
2026-01-05 20:10:00,LOT_02,W_02,8,9,ETCHER_A,PATH_0046,1.18,64.43,14.84,98.82,2.97,0.177,15.86,1,NORMAL
2026-01-05 20:15:00,LOT_02,W_02,9,9,ETCHER_A,PATH_0043,0.97,66.16,14.67,101.32,2.51,0.152,17.12,1,NORMAL
2026-01-05 20:20:00,LOT_02,W_03,0,0,ETCHER_A,PATH_0016,1.39,64.05,15.41,99.4,3.49,0.186,19.6,1,NORMAL
2026-01-05 20:25:00,LOT_02,W_03,1,0,ETCHER_A,PATH_0004,1.19,69.19,15.27,99.79,2.97,0.134,18.84,1,NORMAL
2026-01-05 20:30:00,LOT_02,W_03,2,0,ETCHER_A,PATH_0037,1.24,67.77,14.94,99.18,3.17,0.144,17.46,1,NORMAL
2026-01-05 20:35:00,LOT_02,W_03,3,0,ETCHER_A,PATH_0021,0.83,63.83,14.97,100.88,1.88,0.152,15.84,1,NORMAL
2026-01-05 20:40:00,LOT_02,W_03,4,0,ETCHER_A,PATH_0014,1.37,66.78,15.98,101.36,3.36,0.155,19.53,1,NORMAL
2026-01-05 20:45:00,LOT_02,W_03,5,0,ETCHER_A,PATH_0031,1.14,61.65,14.9,100.0,2.94,0.201,13.28,1,NORMAL
2026-01-05 20:50:00,LOT_02,W_03,6,0,ETCHER_A,PATH_0048,0.7,65.03,14.91,99.89,1.69,0.139,14.29,1,NORMAL
2026-01-05 20:55:00,LOT_02,W_03,7,0,ETCHER_A,PATH_0018,1.26,66.19,14.75,97.39,3.36,0.16,18.84,1,NORMAL
2026-01-05 21:00:00,LOT_02,W_03,8,0,ETCHER_A,PATH_0007,1.2,65.68,15.16,98.63,3.0,0.181,19.13,1,NORMAL
2026-01-05 21:05:00,LOT_02,W_03,9,0,ETCHER_A,PATH_0010,1.0,65.06,14.06,100.57,2.28,0.157,15.27,1,NORMAL
2026-01-05 21:10:00,LOT_02,W_03,0,1,ETCHER_A,PATH_0007,0.94,67.46,15.9,99.95,2.32,0.138,17.63,1,NORMAL
2026-01-05 21:15:00,LOT_02,W_03,1,1,ETCHER_A,PATH_0033,1.14,62.2,14.79,99.91,2.92,0.182,16.27,1,NORMAL
2026-01-05 21:20:00,LOT_02,W_03,2,1,ETCHER_A,PATH_0023,1.08,65.96,14.81,98.53,2.56,0.163,19.64,1,NORMAL
2026-01-05 21:25:00,LOT_02,W_03,3,1,ETCHER_A,PATH_0021,0.84,63.67,14.79,97.7,2.15,0.16,15.16,1,NORMAL
2026-01-05 21:30:00,LOT_02,W_03,4,1,ETCHER_A,PATH_0019,1.31,66.49,14.79,97.6,3.45,0.168,17.99,1,NORMAL
2026-01-05 21:35:00,LOT_02,W_03,5,1,ETCHER_A,PATH_0048,1.16,66.46,14.26,99.91,2.72,0.16,16.08,1,NORMAL
2026-01-05 21:40:00,LOT_02,W_03,6,1,ETCHER_A,PATH_0019,0.81,62.85,15.2,98.56,1.9,0.155,15.18,1,NORMAL
2026-01-05 21:45:00,LOT_02,W_03,7,1,ETCHER_A,PATH_0036,1.25,64.0,15.47,98.79,3.34,0.17,18.7,1,NORMAL
2026-01-05 21:50:00,LOT_02,W_03,8,1,ETCHER_A,PATH_0029,0.71,68.52,15.07,102.18,1.67,0.085,18.88,1,NORMAL
2026-01-05 21:55:00,LOT_02,W_03,9,1,ETCHER_A,PATH_0018,0.86,64.87,15.36,101.06,2.15,0.161,16.63,1,NORMAL
2026-01-05 22:00:00,LOT_02,W_03,0,2,ETCHER_A,PATH_0002,1.19,62.94,15.1,100.72,3.03,0.186,17.59,1,NORMAL
2026-01-05 22:05:00,LOT_02,W_03,1,2,ETCHER_A,PATH_0001,0.73,64.12,15.22,101.02,1.99,0.127,14.08,1,NORMAL
2026-01-05 22:10:00,LOT_02,W_03,2,2,ETCHER_A,PATH_0047,0.73,63.99,15.68,96.49,2.01,0.124,14.17,1,NORMAL
2026-01-05 22:15:00,LOT_02,W_03,3,2,ETCHER_A,PATH_0005,1.29,67.05,14.48,101.76,3.25,0.157,17.82,1,NORMAL
2026-01-05 22:20:00,LOT_02,W_03,4,2,ETCHER_A,PATH_0020,0.81,68.64,15.12,98.07,2.03,0.093,18.48,1,NORMAL
2026-01-05 22:25:00,LOT_02,W_03,5,2,ETCHER_A,PATH_0011,1.33,66.63,15.62,99.52,3.42,0.157,21.29,1,NORMAL
2026-01-05 22:30:00,LOT_02,W_03,6,2,ETCHER_A,PATH_0042,0.94,63.33,15.24,99.86,2.38,0.156,15.82,1,NORMAL
2026-01-05 22:35:00,LOT_02,W_03,7,2,ETCHER_A,PATH_0002,1.21,65.04,15.14,101.04,2.95,0.163,19.6,1,NORMAL
2026-01-05 22:40:00,LOT_02,W_03,8,2,ETCHER_A,PATH_0003,1.08,63.76,15.27,101.7,2.68,0.168,17.23,1,NORMAL
2026-01-05 22:45:00,LOT_02,W_03,9,2,ETCHER_A,PATH_0023,0.87,66.08,15.2,98.03,2.25,0.141,18.02,1,NORMAL
2026-01-05 22:50:00,LOT_02,W_03,0,3,ETCHER_A,PATH_0012,1.21,66.11,15.38,98.66,2.86,0.146,19.8,1,NORMAL
2026-01-05 22:55:00,LOT_02,W_03,1,3,ETCHER_A,PATH_0020,0.89,66.89,15.38,101.52,2.21,0.107,16.68,1,NORMAL
2026-01-05 23:00:00,LOT_02,W_03,2,3,ETCHER_A,PATH_0005,0.83,65.98,15.73,100.74,2.12,0.117,16.73,1,NORMAL
2026-01-05 23:05:00,LOT_02,W_03,3,3,ETCHER_A,PATH_0037,0.94,66.61,15.14,98.37,2.44,0.126,19.01,1,NORMAL
2026-01-05 23:10:00,LOT_02,W_03,4,3,ETCHER_A,PATH_0038,0.91,64.61,14.18,97.77,2.38,0.131,16.63,1,NORMAL
2026-01-05 23:15:00,LOT_02,W_03,5,3,ETCHER_A,PATH_0030,0.8,59.78,14.71,99.74,1.85,0.177,13.55,1,NORMAL
2026-01-05 23:20:00,LOT_02,W_03,6,3,ETCHER_A,PATH_0009,1.26,65.93,14.42,99.72,2.94,0.174,18.67,1,NORMAL
2026-01-05 23:25:00,LOT_02,W_03,7,3,ETCHER_A,PATH_0034,0.93,64.76,15.17,101.59,2.28,0.136,18.29,1,NORMAL
2026-01-05 23:30:00,LOT_02,W_03,8,3,ETCHER_A,PATH_0044,0.9,66.73,14.75,100.43,2.38,0.111,16.27,1,NORMAL
2026-01-05 23:35:00,LOT_02,W_03,9,3,ETCHER_A,PATH_0035,1.09,62.92,14.77,99.65,2.63,0.207,16.25,1,NORMAL
2026-01-05 23:40:00,LOT_02,W_03,0,4,ETCHER_A,PATH_0022,0.97,64.02,15.04,102.4,2.31,0.142,17.84,1,NORMAL
2026-01-05 23:45:00,LOT_02,W_03,1,4,ETCHER_A,PATH_0044,0.94,62.29,14.76,101.01,2.34,0.181,13.85,1,NORMAL
2026-01-05 23:50:00,LOT_02,W_03,2,4,ETCHER_A,PATH_0024,0.73,76.16,15.74,94.73,1.96,-0.009,19.42,0,ERR-T101
2026-01-05 23:55:00,LOT_02,W_03,3,4,ETCHER_A,PATH_0017,0.8,62.9,14.97,98.49,1.82,0.145,14.76,1,NORMAL
2026-01-06 00:00:00,LOT_02,W_03,4,4,ETCHER_A,PATH_0010,1.18,67.2,15.52,97.01,3.04,0.14,18.02,1,NORMAL
2026-01-06 00:05:00,LOT_02,W_03,5,4,ETCHER_A,PATH_0030,0.9,64.16,14.88,99.5,2.22,0.153,16.37,1,NORMAL
2026-01-06 00:10:00,LOT_02,W_03,6,4,ETCHER_A,PATH_0046,0.89,63.86,15.76,99.05,2.18,0.13,16.83,1,NORMAL
2026-01-06 00:15:00,LOT_02,W_03,7,4,ETCHER_A,PATH_0023,1.34,61.39,14.95,102.02,3.32,0.209,16.26,1,NORMAL
2026-01-06 00:20:00,LOT_02,W_03,8,4,ETCHER_A,PATH_0032,1.37,67.11,14.38,100.52,3.35,0.185,20.13,1,NORMAL
2026-01-06 00:25:00,LOT_02,W_03,9,4,ETCHER_A,PATH_0017,0.75,66.44,16.15,98.6,2.12,0.105,17.66,1,NORMAL
2026-01-06 00:30:00,LOT_02,W_03,0,5,ETCHER_A,PATH_0017,1.23,65.55,15.48,98.77,3.08,0.156,19.09,1,NORMAL
2026-01-06 00:35:00,LOT_02,W_03,1,5,ETCHER_A,PATH_0014,1.13,63.76,15.43,99.13,2.77,0.183,15.93,1,NORMAL
2026-01-06 00:40:00,LOT_02,W_03,2,5,ETCHER_A,PATH_0009,0.73,62.1,15.2,99.28,1.93,0.131,15.89,1,NORMAL
2026-01-06 00:45:00,LOT_02,W_03,3,5,ETCHER_A,PATH_0040,0.88,82.91,14.5,97.5,2.24,-0.046,23.44,0,ERR-T101
2026-01-06 00:50:00,LOT_02,W_03,4,5,ETCHER_A,PATH_0002,0.92,66.28,14.96,100.8,2.33,0.131,15.91,1,NORMAL
2026-01-06 00:55:00,LOT_02,W_03,5,5,ETCHER_A,PATH_0045,1.33,62.86,14.7,101.28,3.44,0.217,17.36,1,NORMAL
2026-01-06 01:00:00,LOT_02,W_03,6,5,ETCHER_A,PATH_0025,1.35,64.86,16.02,100.74,3.48,0.167,19.38,1,NORMAL
2026-01-06 01:05:00,LOT_02,W_03,7,5,ETCHER_A,PATH_0039,1.15,66.79,15.36,100.43,2.67,0.143,19.32,1,NORMAL
2026-01-06 01:10:00,LOT_02,W_03,8,5,ETCHER_A,PATH_0009,1.13,63.51,15.93,99.34,2.81,0.184,17.17,1,NORMAL
2026-01-06 01:15:00,LOT_02,W_03,9,5,ETCHER_A,PATH_0022,1.07,63.92,14.61,102.67,2.63,0.189,18.34,1,NORMAL
2026-01-06 01:20:00,LOT_02,W_03,0,6,ETCHER_A,PATH_0043,1.29,62.56,14.6,100.39,3.42,0.215,18.22,1,NORMAL
2026-01-06 01:25:00,LOT_02,W_03,1,6,ETCHER_A,PATH_0046,1.03,63.62,14.78,100.14,2.78,0.166,17.24,1,NORMAL
2026-01-06 01:30:00,LOT_02,W_03,2,6,ETCHER_A,PATH_0004,1.19,65.23,14.92,99.93,3.01,0.191,19.69,1,NORMAL
2026-01-06 01:35:00,LOT_02,W_03,3,6,ETCHER_A,PATH_0026,1.38,64.01,14.34,99.36,3.55,0.2,17.53,1,NORMAL
2026-01-06 01:40:00,LOT_02,W_03,4,6,ETCHER_A,PATH_0029,0.99,63.36,15.24,99.32,2.46,0.144,15.56,1,NORMAL
2026-01-06 01:45:00,LOT_02,W_03,5,6,ETCHER_A,PATH_0045,1.35,80.55,14.82,95.08,3.33,0.035,24.17,1,NORMAL
2026-01-06 01:50:00,LOT_02,W_03,6,6,ETCHER_A,PATH_0034,1.15,64.8,15.14,99.03,3.03,0.162,16.76,1,NORMAL
2026-01-06 01:55:00,LOT_02,W_03,7,6,ETCHER_A,PATH_0023,1.26,80.41,14.78,97.21,3.01,0.027,22.61,1,NORMAL
2026-01-06 02:00:00,LOT_02,W_03,8,6,ETCHER_A,PATH_0037,1.3,66.17,15.83,99.23,3.32,0.151,18.82,1,NORMAL
2026-01-06 02:05:00,LOT_02,W_03,9,6,ETCHER_A,PATH_0011,0.79,65.61,14.44,100.35,2.06,0.121,17.28,1,NORMAL
2026-01-06 02:10:00,LOT_02,W_03,0,7,ETCHER_A,PATH_0006,0.94,65.38,14.42,100.42,2.37,0.146,17.89,1,NORMAL
2026-01-06 02:15:00,LOT_02,W_03,1,7,ETCHER_A,PATH_0018,0.88,65.32,15.2,98.47,2.09,0.12,16.03,1,NORMAL
2026-01-06 02:20:00,LOT_02,W_03,2,7,ETCHER_A,PATH_0021,0.79,61.81,15.05,100.42,1.92,0.16,15.29,1,NORMAL
2026-01-06 02:25:00,LOT_02,W_03,3,7,ETCHER_A,PATH_0042,0.94,67.43,14.87,102.86,2.22,0.12,18.39,1,NORMAL
2026-01-06 02:30:00,LOT_02,W_03,4,7,ETCHER_A,PATH_0036,0.9,65.2,15.5,100.63,2.21,0.128,17.11,1,NORMAL
2026-01-06 02:35:00,LOT_02,W_03,5,7,ETCHER_A,PATH_0041,0.82,67.24,14.98,100.97,2.06,0.118,16.55,1,NORMAL
2026-01-06 02:40:00,LOT_02,W_03,6,7,ETCHER_A,PATH_0038,1.19,62.06,14.6,97.52,3.1,0.192,,1,NORMAL
2026-01-06 02:45:00,LOT_02,W_03,7,7,ETCHER_A,PATH_0034,0.99,67.87,15.54,101.52,2.64,0.098,19.11,1,NORMAL
2026-01-06 02:50:00,LOT_02,W_03,8,7,ETCHER_A,PATH_0017,1.35,65.2,15.42,100.17,3.19,0.172,19.77,1,NORMAL
2026-01-06 02:55:00,LOT_02,W_03,9,7,ETCHER_A,PATH_0037,1.34,67.04,16.07,100.09,3.43,0.169,20.48,1,NORMAL
2026-01-06 03:00:00,LOT_02,W_03,0,8,ETCHER_A,PATH_0025,1.27,67.35,14.64,100.77,3.22,0.163,20.17,1,NORMAL
2026-01-06 03:05:00,LOT_02,W_03,1,8,ETCHER_A,PATH_0038,1.19,66.6,14.4,98.19,3.09,0.154,18.24,1,NORMAL
2026-01-06 03:10:00,LOT_02,W_03,2,8,ETCHER_A,PATH_0012,1.16,67.78,15.03,99.58,2.69,0.137,18.65,1,NORMAL
2026-01-06 03:15:00,LOT_02,W_03,3,8,ETCHER_A,PATH_0023,1.01,63.86,15.63,100.82,2.48,0.167,17.02,1,NORMAL
2026-01-06 03:20:00,LOT_02,W_03,4,8,ETCHER_A,PATH_0042,1.32,80.5,14.2,91.45,3.39,0.044,24.17,1,NORMAL
2026-01-06 03:25:00,LOT_02,W_03,5,8,ETCHER_A,PATH_0022,1.22,61.66,14.99,98.73,3.1,0.197,18.57,1,NORMAL
2026-01-06 03:30:00,LOT_02,W_03,6,8,ETCHER_A,PATH_0021,0.98,64.68,15.27,101.43,2.44,0.148,16.32,1,NORMAL
2026-01-06 03:35:00,LOT_02,W_03,7,8,ETCHER_A,PATH_0027,1.31,67.59,14.93,98.9,3.33,0.152,18.4,1,NORMAL
2026-01-06 03:40:00,LOT_02,W_03,8,8,ETCHER_A,PATH_0031,1.23,75.74,14.86,91.96,3.08,0.069,22.32,1,NORMAL
2026-01-06 03:45:00,LOT_02,W_03,9,8,ETCHER_A,PATH_0006,1.21,64.76,15.04,98.44,2.92,0.177,,1,NORMAL
2026-01-06 03:50:00,LOT_02,W_03,0,9,ETCHER_A,PATH_0027,0.79,67.29,14.38,102.65,1.96,0.117,16.66,1,NORMAL
2026-01-06 03:55:00,LOT_02,W_03,1,9,ETCHER_A,PATH_0040,0.96,62.46,15.04,98.44,2.5,0.155,16.36,1,NORMAL
2026-01-06 04:00:00,LOT_02,W_03,2,9,ETCHER_A,PATH_0034,1.05,63.36,14.2,98.48,2.77,0.177,16.99,1,NORMAL
2026-01-06 04:05:00,LOT_02,W_03,3,9,ETCHER_A,PATH_0012,0.99,67.97,15.0,99.15,2.53,0.12,19.32,1,NORMAL
2026-01-06 04:10:00,LOT_02,W_03,4,9,ETCHER_A,PATH_0045,1.07,66.1,16.13,100.69,2.57,0.143,17.91,1,NORMAL
2026-01-06 04:15:00,LOT_02,W_03,5,9,ETCHER_A,PATH_0007,1.31,63.6,15.0,98.45,3.2,0.191,17.19,1,NORMAL
2026-01-06 04:20:00,LOT_02,W_03,6,9,ETCHER_A,PATH_0010,0.97,62.55,15.53,99.71,2.37,0.193,15.91,1,NORMAL
2026-01-06 04:25:00,LOT_02,W_03,7,9,ETCHER_A,PATH_0045,0.97,62.34,15.22,101.25,2.55,0.168,16.66,1,NORMAL
2026-01-06 04:30:00,LOT_02,W_03,8,9,ETCHER_A,PATH_0017,0.98,66.54,15.29,103.82,2.52,0.13,17.61,1,NORMAL
2026-01-06 04:35:00,LOT_02,W_03,9,9,ETCHER_A,PATH_0026,0.95,66.86,15.4,100.28,2.37,0.135,16.53,1,NORMAL
2026-01-06 04:40:00,LOT_02,W_04,0,0,ETCHER_B,PATH_0021,0.75,67.9,14.26,99.5,1.88,0.101,17.43,1,NORMAL
2026-01-06 04:45:00,LOT_02,W_04,1,0,ETCHER_B,PATH_0028,1.17,73.56,15.07,88.53,2.97,0.068,21.25,1,NORMAL
2026-01-06 04:50:00,LOT_02,W_04,2,0,ETCHER_B,PATH_0046,0.74,68.66,14.91,86.05,2.0,0.097,17.28,1,ERR-G202
2026-01-06 04:55:00,LOT_02,W_04,3,0,ETCHER_B,PATH_0002,1.1,71.13,15.05,101.0,2.68,0.084,19.82,1,NORMAL
2026-01-06 05:00:00,LOT_02,W_04,4,0,ETCHER_B,PATH_0043,0.87,79.45,15.27,93.55,2.02,-0.01,21.09,0,ERR-T101
2026-01-06 05:05:00,LOT_02,W_04,5,0,ETCHER_B,PATH_0001,1.37,70.37,14.68,96.38,3.28,0.147,23.73,1,NORMAL
2026-01-06 05:10:00,LOT_02,W_04,6,0,ETCHER_B,PATH_0036,0.71,75.25,15.14,99.71,1.9,0.023,19.63,1,NORMAL
2026-01-06 05:15:00,LOT_02,W_04,7,0,ETCHER_B,PATH_0026,0.93,64.45,14.24,89.37,2.28,0.153,17.62,1,NORMAL
2026-01-06 05:20:00,LOT_02,W_04,8,0,ETCHER_B,PATH_0029,0.79,62.59,14.49,98.75,1.98,0.158,15.51,1,NORMAL
2026-01-06 05:25:00,LOT_02,W_04,9,0,ETCHER_B,PATH_0021,1.31,69.27,14.3,98.09,3.27,0.14,19.05,1,NORMAL
2026-01-06 05:30:00,LOT_02,W_04,0,1,ETCHER_B,PATH_0011,1.4,71.95,14.94,98.11,3.45,0.115,21.3,1,NORMAL
2026-01-06 05:35:00,LOT_02,W_04,1,1,ETCHER_B,PATH_0040,1.07,68.74,14.61,93.03,2.72,0.116,19.6,1,NORMAL
2026-01-06 05:40:00,LOT_02,W_04,2,1,ETCHER_B,PATH_0011,1.3,67.35,13.77,98.25,3.11,0.176,20.9,1,NORMAL
2026-01-06 05:45:00,LOT_02,W_04,3,1,ETCHER_B,PATH_0036,1.39,71.88,14.21,107.89,3.62,0.134,20.66,1,NORMAL
2026-01-06 05:50:00,LOT_02,W_04,4,1,ETCHER_B,PATH_0049,1.14,68.09,14.31,93.63,2.81,0.131,18.35,1,NORMAL
2026-01-06 05:55:00,LOT_02,W_04,5,1,ETCHER_B,PATH_0039,1.1,74.64,13.78,96.8,2.67,0.057,20.6,1,NORMAL
2026-01-06 06:00:00,LOT_02,W_04,6,1,ETCHER_B,PATH_0040,0.88,72.08,15.53,90.12,2.32,0.073,18.51,1,NORMAL
2026-01-06 06:05:00,LOT_02,W_04,7,1,ETCHER_B,PATH_0035,1.15,69.02,14.47,92.37,2.91,0.135,18.96,1,NORMAL
2026-01-06 06:10:00,LOT_02,W_04,8,1,ETCHER_B,PATH_0034,1.37,64.61,14.94,95.78,3.42,0.187,20.05,1,NORMAL
2026-01-06 06:15:00,LOT_02,W_04,9,1,ETCHER_B,PATH_0047,1.33,71.88,15.21,95.44,3.4,0.101,21.32,1,NORMAL
2026-01-06 06:20:00,LOT_02,W_04,0,2,ETCHER_B,PATH_0024,0.82,76.11,14.82,105.63,2.1,0.019,21.03,1,NORMAL
2026-01-06 06:25:00,LOT_02,W_04,1,2,ETCHER_B,PATH_0022,1.13,71.1,16.25,100.48,2.83,0.087,20.62,1,NORMAL
2026-01-06 06:30:00,LOT_02,W_04,2,2,ETCHER_B,PATH_0005,1.22,74.84,15.2,82.94,3.17,0.078,24.4,1,ERR-G202
2026-01-06 06:35:00,LOT_02,W_04,3,2,ETCHER_B,PATH_0033,1.14,75.89,15.99,94.81,2.8,0.057,23.01,1,NORMAL
2026-01-06 06:40:00,LOT_02,W_04,4,2,ETCHER_B,PATH_0036,1.23,76.16,15.3,97.43,3.07,0.056,22.98,1,NORMAL
2026-01-06 06:45:00,LOT_02,W_04,5,2,ETCHER_B,PATH_0047,0.98,71.98,14.78,97.32,2.46,0.08,20.92,1,NORMAL
2026-01-06 06:50:00,LOT_02,W_04,6,2,ETCHER_B,PATH_0020,0.79,67.54,15.46,104.09,2.16,0.089,16.24,1,NORMAL
2026-01-06 06:55:00,LOT_02,W_04,7,2,ETCHER_B,PATH_0019,0.84,69.05,14.49,95.35,2.01,0.067,19.54,1,NORMAL
2026-01-06 07:00:00,LOT_02,W_04,8,2,ETCHER_B,PATH_0035,1.11,72.63,14.6,90.69,2.92,0.087,19.19,1,NORMAL
2026-01-06 07:05:00,LOT_02,W_04,9,2,ETCHER_B,PATH_0043,1.35,74.06,14.33,100.33,3.49,0.094,20.68,1,NORMAL
2026-01-06 07:10:00,LOT_02,W_04,0,3,ETCHER_B,PATH_0017,0.86,77.39,14.79,93.16,2.26,0.015,,1,NORMAL
2026-01-06 07:15:00,LOT_02,W_04,1,3,ETCHER_B,PATH_0045,1.05,72.73,15.71,94.52,2.62,0.065,21.85,1,NORMAL
2026-01-06 07:20:00,LOT_02,W_04,2,3,ETCHER_B,PATH_0043,0.83,69.55,14.23,100.42,2.05,0.097,17.3,1,NORMAL
2026-01-06 07:25:00,LOT_02,W_04,3,3,ETCHER_B,PATH_0034,0.7,69.4,14.89,104.04,1.88,0.084,16.66,1,NORMAL
2026-01-06 07:30:00,LOT_02,W_04,4,3,ETCHER_B,PATH_0009,0.87,76.21,14.39,93.58,2.17,0.046,20.66,1,NORMAL
2026-01-06 07:35:00,LOT_02,W_04,5,3,ETCHER_B,PATH_0026,1.23,73.89,14.01,103.2,2.99,0.082,22.76,1,NORMAL
2026-01-06 07:40:00,LOT_02,W_04,6,3,ETCHER_B,PATH_0002,1.2,73.81,14.4,106.01,2.94,0.076,21.32,1,NORMAL
2026-01-06 07:45:00,LOT_02,W_04,7,3,ETCHER_B,PATH_0009,0.83,70.36,15.7,99.37,1.97,0.066,16.88,1,NORMAL
2026-01-06 07:50:00,LOT_02,W_04,8,3,ETCHER_B,PATH_0009,1.06,66.22,15.57,98.83,2.67,0.143,17.28,1,NORMAL
2026-01-06 07:55:00,LOT_02,W_04,9,3,ETCHER_B,PATH_0040,0.9,67.18,14.22,96.56,2.32,0.117,17.15,1,NORMAL
2026-01-06 08:00:00,LOT_02,W_04,0,4,ETCHER_B,PATH_0017,1.04,81.38,15.1,98.17,2.55,-0.009,25.02,0,ERR-T101
2026-01-06 08:05:00,LOT_02,W_04,1,4,ETCHER_B,PATH_0001,1.06,66.67,15.33,94.64,2.66,0.144,18.49,1,NORMAL
2026-01-06 08:10:00,LOT_02,W_04,2,4,ETCHER_B,PATH_0025,1.06,79.51,15.4,98.47,2.4,0.025,22.38,1,NORMAL
2026-01-06 08:15:00,LOT_02,W_04,3,4,ETCHER_B,PATH_0043,1.0,71.31,15.15,96.19,2.51,0.091,19.26,1,NORMAL
2026-01-06 08:20:00,LOT_02,W_04,4,4,ETCHER_B,PATH_0040,1.12,71.6,14.84,98.62,2.83,0.088,21.32,1,NORMAL
2026-01-06 08:25:00,LOT_02,W_04,5,4,ETCHER_B,PATH_0042,0.8,70.04,15.04,93.88,1.99,0.089,18.09,1,NORMAL
2026-01-06 08:30:00,LOT_02,W_04,6,4,ETCHER_B,PATH_0025,1.28,70.45,15.93,98.01,3.16,0.117,21.52,1,NORMAL
2026-01-06 08:35:00,LOT_02,W_04,7,4,ETCHER_B,PATH_0039,0.97,72.22,14.63,93.84,2.4,0.074,20.64,1,NORMAL
2026-01-06 08:40:00,LOT_02,W_04,8,4,ETCHER_B,PATH_0035,0.75,78.09,15.04,97.51,1.81,-0.023,21.46,0,ERR-T101
2026-01-06 08:45:00,LOT_02,W_04,9,4,ETCHER_B,PATH_0003,1.17,71.86,14.82,103.81,2.81,0.114,21.0,1,NORMAL
2026-01-06 08:50:00,LOT_02,W_04,0,5,ETCHER_B,PATH_0037,1.31,67.54,15.46,101.71,3.15,0.155,19.51,1,NORMAL
2026-01-06 08:55:00,LOT_02,W_04,1,5,ETCHER_B,PATH_0044,1.13,72.57,14.25,98.96,2.96,0.106,22.48,1,NORMAL
2026-01-06 09:00:00,LOT_02,W_04,2,5,ETCHER_B,PATH_0044,1.11,75.02,14.78,98.9,2.67,0.045,21.34,1,NORMAL
2026-01-06 09:05:00,LOT_02,W_04,3,5,ETCHER_B,PATH_0030,0.73,71.93,15.01,103.42,1.78,0.06,17.75,1,NORMAL
2026-01-06 09:10:00,LOT_02,W_04,4,5,ETCHER_B,PATH_0038,1.33,75.79,14.96,99.63,3.42,0.076,24.93,1,NORMAL
2026-01-06 09:15:00,LOT_02,W_04,5,5,ETCHER_B,PATH_0034,1.22,68.91,14.74,92.07,2.97,0.13,17.36,1,NORMAL
2026-01-06 09:20:00,LOT_02,W_04,6,5,ETCHER_B,PATH_0012,0.8,66.13,16.05,94.57,1.9,0.118,16.39,1,NORMAL
2026-01-06 09:25:00,LOT_02,W_04,7,5,ETCHER_B,PATH_0019,1.37,73.19,15.19,103.8,3.56,0.11,23.4,1,NORMAL
2026-01-06 09:30:00,LOT_02,W_04,8,5,ETCHER_B,PATH_0037,1.3,72.32,14.12,100.35,3.26,0.107,23.76,1,NORMAL
2026-01-06 09:35:00,LOT_02,W_04,9,5,ETCHER_B,PATH_0044,1.01,70.82,15.36,92.93,2.7,0.081,18.68,1,NORMAL
2026-01-06 09:40:00,LOT_02,W_04,0,6,ETCHER_B,PATH_0049,1.38,66.84,15.65,100.72,3.62,0.174,22.95,1,NORMAL
2026-01-06 09:45:00,LOT_02,W_04,1,6,ETCHER_B,PATH_0017,0.84,62.15,15.41,96.7,2.05,0.155,14.61,1,NORMAL
2026-01-06 09:50:00,LOT_02,W_04,2,6,ETCHER_B,PATH_0010,0.85,75.54,14.51,99.44,2.07,0.038,19.07,1,NORMAL
2026-01-06 09:55:00,LOT_02,W_04,3,6,ETCHER_B,PATH_0049,0.85,72.55,14.94,101.94,2.15,0.083,20.71,1,NORMAL
2026-01-06 10:00:00,LOT_02,W_04,4,6,ETCHER_B,PATH_0047,1.27,63.87,15.15,102.29,3.39,0.182,18.83,1,NORMAL
2026-01-06 10:05:00,LOT_02,W_04,5,6,ETCHER_B,PATH_0012,1.14,67.36,15.01,96.26,2.89,0.155,17.51,1,NORMAL
2026-01-06 10:10:00,LOT_02,W_04,6,6,ETCHER_B,PATH_0016,1.23,73.13,15.79,98.96,2.96,0.077,20.84,1,NORMAL
2026-01-06 10:15:00,LOT_02,W_04,7,6,ETCHER_B,PATH_0024,0.83,71.8,15.23,92.61,2.19,0.065,20.09,1,NORMAL
2026-01-06 10:20:00,LOT_02,W_04,8,6,ETCHER_B,PATH_0019,1.2,74.36,15.13,94.48,2.85,0.085,22.07,1,NORMAL
2026-01-06 10:25:00,LOT_02,W_04,9,6,ETCHER_B,PATH_0008,1.19,66.18,14.63,94.84,3.03,0.149,17.56,1,NORMAL
2026-01-06 10:30:00,LOT_02,W_04,0,7,ETCHER_B,PATH_0031,1.04,66.85,15.05,99.25,2.68,0.118,19.81,1,NORMAL
2026-01-06 10:35:00,LOT_02,W_04,1,7,ETCHER_B,PATH_0021,0.72,68.85,14.29,97.37,1.99,0.088,17.63,1,NORMAL
2026-01-06 10:40:00,LOT_02,W_04,2,7,ETCHER_B,PATH_0017,0.95,67.75,15.25,92.87,2.44,0.129,18.0,1,NORMAL
2026-01-06 10:45:00,LOT_02,W_04,3,7,ETCHER_B,PATH_0023,1.17,68.59,15.72,88.07,3.01,0.129,20.62,1,NORMAL
2026-01-06 10:50:00,LOT_02,W_04,4,7,ETCHER_B,PATH_0037,1.03,64.14,15.7,94.0,2.6,0.181,16.82,1,NORMAL
2026-01-06 10:55:00,LOT_02,W_04,5,7,ETCHER_B,PATH_0016,1.13,67.06,14.51,98.79,2.74,0.144,17.93,1,NORMAL
2026-01-06 11:00:00,LOT_02,W_04,6,7,ETCHER_B,PATH_0006,0.88,61.87,15.86,96.56,2.23,0.157,14.64,1,NORMAL
2026-01-06 11:05:00,LOT_02,W_04,7,7,ETCHER_B,PATH_0008,0.93,67.71,15.34,100.66,2.41,0.095,18.42,1,NORMAL
2026-01-06 11:10:00,LOT_02,W_04,8,7,ETCHER_B,PATH_0025,0.85,69.56,14.92,102.26,2.05,0.093,18.21,1,NORMAL
2026-01-06 11:15:00,LOT_02,W_04,9,7,ETCHER_B,PATH_0018,0.8,70.57,15.37,96.09,1.99,0.062,17.21,1,NORMAL
2026-01-06 11:20:00,LOT_02,W_04,0,8,ETCHER_B,PATH_0025,1.2,71.29,14.53,99.95,2.85,0.103,19.25,1,NORMAL
2026-01-06 11:25:00,LOT_02,W_04,1,8,ETCHER_B,PATH_0012,1.38,72.09,14.74,94.51,3.43,0.122,20.68,1,NORMAL
2026-01-06 11:30:00,LOT_02,W_04,2,8,ETCHER_B,PATH_0015,1.08,71.98,15.61,90.84,2.64,0.085,20.72,1,NORMAL
2026-01-06 11:35:00,LOT_02,W_04,3,8,ETCHER_B,PATH_0026,1.14,64.99,15.52,88.87,2.9,0.176,16.75,1,NORMAL
2026-01-06 11:40:00,LOT_02,W_04,4,8,ETCHER_B,PATH_0041,0.7,65.3,14.46,96.56,1.82,0.124,15.44,1,NORMAL
2026-01-06 11:45:00,LOT_02,W_04,5,8,ETCHER_B,PATH_0045,0.75,68.42,14.85,92.9,1.67,0.089,17.01,1,NORMAL
2026-01-06 11:50:00,LOT_02,W_04,6,8,ETCHER_B,PATH_0026,0.72,68.28,14.21,95.25,1.73,0.089,16.39,1,NORMAL
2026-01-06 11:55:00,LOT_02,W_04,7,8,ETCHER_B,PATH_0047,1.13,79.46,14.94,100.87,2.88,0.029,23.31,1,NORMAL
2026-01-06 12:00:00,LOT_02,W_04,8,8,ETCHER_B,PATH_0032,0.7,69.77,14.59,92.46,1.83,0.085,17.25,1,NORMAL
2026-01-06 12:05:00,LOT_02,W_04,9,8,ETCHER_B,PATH_0010,1.29,67.78,14.64,92.65,3.16,0.14,19.79,1,NORMAL
2026-01-06 12:10:00,LOT_02,W_04,0,9,ETCHER_B,PATH_0016,1.3,74.28,15.62,98.08,3.2,0.087,21.65,1,NORMAL
2026-01-06 12:15:00,LOT_02,W_04,1,9,ETCHER_B,PATH_0007,0.88,72.37,15.6,94.03,2.45,0.056,18.93,1,NORMAL
2026-01-06 12:20:00,LOT_02,W_04,2,9,ETCHER_B,PATH_0017,1.04,76.94,15.43,93.91,2.5,0.037,21.71,1,NORMAL
2026-01-06 12:25:00,LOT_02,W_04,3,9,ETCHER_B,PATH_0023,1.21,67.35,15.04,96.46,2.82,0.141,18.41,1,NORMAL
2026-01-06 12:30:00,LOT_02,W_04,4,9,ETCHER_B,PATH_0026,1.05,65.54,15.63,104.62,2.62,0.159,18.76,1,NORMAL
2026-01-06 12:35:00,LOT_02,W_04,5,9,ETCHER_B,PATH_0021,1.39,73.09,14.91,102.8,3.43,0.096,22.57,1,NORMAL
2026-01-06 12:40:00,LOT_02,W_04,6,9,ETCHER_B,PATH_0022,0.95,72.14,14.65,102.71,2.36,0.084,20.6,1,NORMAL
2026-01-06 12:45:00,LOT_02,W_04,7,9,ETCHER_B,PATH_0007,1.04,67.16,14.55,96.22,2.51,0.121,15.71,1,NORMAL
2026-01-06 12:50:00,LOT_02,W_04,8,9,ETCHER_B,PATH_0014,0.87,72.29,15.43,96.99,2.02,0.06,17.84,1,NORMAL
2026-01-06 12:55:00,LOT_02,W_04,9,9,ETCHER_B,PATH_0015,1.03,64.38,14.84,99.05,2.49,0.155,18.59,1,NORMAL
2026-01-06 13:00:00,LOT_03,W_00,0,0,ETCHER_A,PATH_0007,1.32,64.56,14.66,99.85,3.43,0.181,19.97,1,NORMAL
2026-01-06 13:05:00,LOT_03,W_00,1,0,ETCHER_A,PATH_0009,1.11,62.96,15.73,102.67,3.0,0.17,17.18,1,NORMAL
2026-01-06 13:10:00,LOT_03,W_00,2,0,ETCHER_A,PATH_0048,0.95,65.58,14.89,99.38,2.58,0.139,15.58,1,NORMAL
2026-01-06 13:15:00,LOT_03,W_00,3,0,ETCHER_A,PATH_0008,0.82,63.16,15.45,101.06,1.98,0.163,16.17,1,NORMAL
2026-01-06 13:20:00,LOT_03,W_00,4,0,ETCHER_A,PATH_0023,1.01,66.35,14.15,98.45,2.64,0.169,17.3,1,NORMAL
2026-01-06 13:25:00,LOT_03,W_00,5,0,ETCHER_A,PATH_0029,1.03,65.34,14.11,98.02,2.35,0.155,17.38,1,NORMAL
2026-01-06 13:30:00,LOT_03,W_00,6,0,ETCHER_A,PATH_0018,0.75,64.81,14.59,102.53,1.84,0.116,14.99,1,NORMAL
2026-01-06 13:35:00,LOT_03,W_00,7,0,ETCHER_A,PATH_0031,0.89,62.21,14.56,101.85,2.18,0.163,15.45,1,NORMAL
2026-01-06 13:40:00,LOT_03,W_00,8,0,ETCHER_A,PATH_0030,1.2,63.46,14.72,101.05,3.07,0.17,18.29,1,NORMAL
2026-01-06 13:45:00,LOT_03,W_00,9,0,ETCHER_A,PATH_0039,1.01,62.62,14.42,99.98,2.51,0.174,15.84,1,NORMAL
2026-01-06 13:50:00,LOT_03,W_00,0,1,ETCHER_A,PATH_0035,1.05,64.91,15.2,100.61,2.81,0.164,16.99,1,NORMAL
2026-01-06 13:55:00,LOT_03,W_00,1,1,ETCHER_A,PATH_0018,0.8,60.4,15.52,100.8,1.79,0.152,13.15,1,NORMAL
2026-01-06 14:00:00,LOT_03,W_00,2,1,ETCHER_A,PATH_0042,0.92,67.62,15.19,97.98,2.37,0.115,16.53,1,NORMAL
2026-01-06 14:05:00,LOT_03,W_00,3,1,ETCHER_A,PATH_0039,1.23,61.51,15.38,100.55,3.0,0.204,18.78,1,NORMAL
2026-01-06 14:10:00,LOT_03,W_00,4,1,ETCHER_A,PATH_0017,1.18,60.43,15.53,96.22,2.88,0.198,13.86,1,NORMAL
2026-01-06 14:15:00,LOT_03,W_00,5,1,ETCHER_A,PATH_0014,1.08,65.02,15.67,99.68,2.66,0.177,17.44,1,NORMAL
2026-01-06 14:20:00,LOT_03,W_00,6,1,ETCHER_A,PATH_0031,1.39,63.31,14.96,102.2,3.49,0.205,18.1,1,NORMAL
2026-01-06 14:25:00,LOT_03,W_00,7,1,ETCHER_A,PATH_0024,0.92,65.12,14.84,101.52,2.26,0.151,14.9,1,NORMAL
2026-01-06 14:30:00,LOT_03,W_00,8,1,ETCHER_A,PATH_0035,1.4,66.89,13.96,100.44,3.49,0.157,18.8,1,NORMAL
2026-01-06 14:35:00,LOT_03,W_00,9,1,ETCHER_A,PATH_0044,1.11,64.58,15.6,98.85,2.73,0.185,17.71,1,NORMAL
2026-01-06 14:40:00,LOT_03,W_00,0,2,ETCHER_A,PATH_0045,1.07,64.03,15.78,100.72,2.85,0.162,16.08,1,NORMAL
2026-01-06 14:45:00,LOT_03,W_00,1,2,ETCHER_A,PATH_0034,1.13,65.5,14.55,101.17,2.72,0.139,16.52,1,NORMAL
2026-01-06 14:50:00,LOT_03,W_00,2,2,ETCHER_A,PATH_0003,0.93,64.4,14.9,98.47,2.34,0.157,17.42,1,NORMAL
2026-01-06 14:55:00,LOT_03,W_00,3,2,ETCHER_A,PATH_0037,1.14,65.09,14.51,100.1,2.94,0.183,16.63,1,NORMAL
2026-01-06 15:00:00,LOT_03,W_00,4,2,ETCHER_A,PATH_0043,1.12,65.47,14.49,100.15,2.72,0.15,18.02,1,NORMAL
2026-01-06 15:05:00,LOT_03,W_00,5,2,ETCHER_A,PATH_0040,1.17,69.75,14.42,99.72,2.79,0.128,17.46,1,NORMAL
2026-01-06 15:10:00,LOT_03,W_00,6,2,ETCHER_A,PATH_0026,1.36,68.41,15.38,103.77,3.44,0.151,18.99,1,NORMAL
2026-01-06 15:15:00,LOT_03,W_00,7,2,ETCHER_A,PATH_0023,0.75,66.27,14.52,100.42,1.92,0.114,15.38,1,NORMAL
2026-01-06 15:20:00,LOT_03,W_00,8,2,ETCHER_A,PATH_0044,1.3,65.14,15.3,100.68,3.2,0.191,19.26,1,NORMAL
2026-01-06 15:25:00,LOT_03,W_00,9,2,ETCHER_A,PATH_0039,1.29,66.21,16.29,99.37,3.21,0.158,18.85,1,NORMAL
2026-01-06 15:30:00,LOT_03,W_00,0,3,ETCHER_A,PATH_0015,0.8,65.75,15.26,100.51,1.92,0.129,15.62,1,NORMAL
2026-01-06 15:35:00,LOT_03,W_00,1,3,ETCHER_A,PATH_0049,0.96,65.61,15.93,99.96,2.51,0.152,17.0,1,NORMAL
2026-01-06 15:40:00,LOT_03,W_00,2,3,ETCHER_A,PATH_0004,1.13,82.43,14.63,95.75,2.74,-0.003,24.04,0,ERR-T101
2026-01-06 15:45:00,LOT_03,W_00,3,3,ETCHER_A,PATH_0029,1.01,66.79,15.03,98.42,2.54,0.12,17.62,1,NORMAL
2026-01-06 15:50:00,LOT_03,W_00,4,3,ETCHER_A,PATH_0022,0.76,65.25,14.93,96.88,1.8,0.111,16.27,1,NORMAL
2026-01-06 15:55:00,LOT_03,W_00,5,3,ETCHER_A,PATH_0025,0.8,63.44,15.49,98.0,1.91,0.128,15.8,1,NORMAL
2026-01-06 16:00:00,LOT_03,W_00,6,3,ETCHER_A,PATH_0013,1.3,64.67,14.87,98.94,3.29,0.185,19.43,1,NORMAL
2026-01-06 16:05:00,LOT_03,W_00,7,3,ETCHER_A,PATH_0018,1.15,66.53,15.68,101.66,2.9,0.156,18.09,1,NORMAL
2026-01-06 16:10:00,LOT_03,W_00,8,3,ETCHER_A,PATH_0033,1.03,64.37,15.28,100.62,2.58,0.145,16.14,1,NORMAL
2026-01-06 16:15:00,LOT_03,W_00,9,3,ETCHER_A,PATH_0016,0.74,65.19,14.91,102.87,1.84,0.136,16.07,1,NORMAL
2026-01-06 16:20:00,LOT_03,W_00,0,4,ETCHER_A,PATH_0045,1.06,65.27,14.4,100.59,2.64,0.145,17.08,1,NORMAL
2026-01-06 16:25:00,LOT_03,W_00,1,4,ETCHER_A,PATH_0042,0.84,63.11,15.9,99.35,2.23,0.143,16.06,1,NORMAL
2026-01-06 16:30:00,LOT_03,W_00,2,4,ETCHER_A,PATH_0044,0.88,61.5,15.21,99.17,2.24,0.186,14.71,1,NORMAL
2026-01-06 16:35:00,LOT_03,W_00,3,4,ETCHER_A,PATH_0002,0.82,65.38,15.2,96.81,2.16,0.116,15.97,1,NORMAL
2026-01-06 16:40:00,LOT_03,W_00,4,4,ETCHER_A,PATH_0035,1.2,63.88,15.06,102.17,2.78,0.184,18.88,1,NORMAL
2026-01-06 16:45:00,LOT_03,W_00,5,4,ETCHER_A,PATH_0042,0.89,66.35,15.47,101.49,2.32,0.123,17.2,1,NORMAL
2026-01-06 16:50:00,LOT_03,W_00,6,4,ETCHER_A,PATH_0034,0.96,62.82,13.74,98.39,2.36,0.183,16.71,1,NORMAL
2026-01-06 16:55:00,LOT_03,W_00,7,4,ETCHER_A,PATH_0030,1.37,65.46,14.98,101.77,3.57,0.179,18.55,1,NORMAL
2026-01-06 17:00:00,LOT_03,W_00,8,4,ETCHER_A,PATH_0013,0.88,62.31,15.67,100.86,2.22,0.171,13.51,1,NORMAL
2026-01-06 17:05:00,LOT_03,W_00,9,4,ETCHER_A,PATH_0013,1.28,62.61,15.01,102.0,3.2,0.206,18.14,1,NORMAL
2026-01-06 17:10:00,LOT_03,W_00,0,5,ETCHER_A,PATH_0018,1.38,64.86,14.82,97.7,3.49,0.189,18.7,1,NORMAL
2026-01-06 17:15:00,LOT_03,W_00,1,5,ETCHER_A,PATH_0032,0.82,66.56,15.18,100.24,1.9,0.119,15.84,1,NORMAL
2026-01-06 17:20:00,LOT_03,W_00,2,5,ETCHER_A,PATH_0032,1.17,66.87,14.93,102.74,2.91,0.139,16.88,1,NORMAL
2026-01-06 17:25:00,LOT_03,W_00,3,5,ETCHER_A,PATH_0035,1.06,85.09,14.71,93.66,2.73,-0.024,25.96,0,ERR-T101
2026-01-06 17:30:00,LOT_03,W_00,4,5,ETCHER_A,PATH_0039,1.22,63.95,14.32,100.71,2.9,0.185,,1,NORMAL
2026-01-06 17:35:00,LOT_03,W_00,5,5,ETCHER_A,PATH_0046,0.84,62.26,14.27,99.52,2.14,0.175,12.91,1,NORMAL
2026-01-06 17:40:00,LOT_03,W_00,6,5,ETCHER_A,PATH_0029,0.86,68.15,15.15,102.06,2.24,0.102,18.93,1,NORMAL
2026-01-06 17:45:00,LOT_03,W_00,7,5,ETCHER_A,PATH_0049,0.76,65.47,14.99,97.64,1.78,0.127,16.17,1,NORMAL
2026-01-06 17:50:00,LOT_03,W_00,8,5,ETCHER_A,PATH_0029,0.99,66.36,15.94,100.51,2.57,0.147,16.5,1,NORMAL
2026-01-06 17:55:00,LOT_03,W_00,9,5,ETCHER_A,PATH_0044,1.23,64.22,15.22,99.95,3.03,0.178,18.47,1,NORMAL
2026-01-06 18:00:00,LOT_03,W_00,0,6,ETCHER_A,PATH_0016,1.07,63.78,14.29,99.61,2.75,0.179,16.98,1,NORMAL
2026-01-06 18:05:00,LOT_03,W_00,1,6,ETCHER_A,PATH_0044,1.13,68.23,15.1,98.06,2.92,0.134,19.57,1,NORMAL
2026-01-06 18:10:00,LOT_03,W_00,2,6,ETCHER_A,PATH_0047,0.87,62.92,14.92,97.52,2.21,0.176,14.85,1,NORMAL
2026-01-06 18:15:00,LOT_03,W_00,3,6,ETCHER_A,PATH_0010,1.15,63.52,14.4,101.29,2.77,0.176,17.16,1,NORMAL
2026-01-06 18:20:00,LOT_03,W_00,4,6,ETCHER_A,PATH_0030,0.74,64.14,14.76,101.74,1.85,0.141,16.48,1,NORMAL
2026-01-06 18:25:00,LOT_03,W_00,5,6,ETCHER_A,PATH_0025,0.77,64.02,14.54,100.44,1.98,0.142,15.89,1,NORMAL
2026-01-06 18:30:00,LOT_03,W_00,6,6,ETCHER_A,PATH_0039,1.19,67.46,15.44,100.6,3.17,0.14,19.47,1,NORMAL
2026-01-06 18:35:00,LOT_03,W_00,7,6,ETCHER_A,PATH_0020,1.03,63.24,14.99,98.93,2.51,0.167,16.26,1,NORMAL
2026-01-06 18:40:00,LOT_03,W_00,8,6,ETCHER_A,PATH_0005,1.02,64.33,14.52,99.0,2.68,0.152,17.29,1,NORMAL
2026-01-06 18:45:00,LOT_03,W_00,9,6,ETCHER_A,PATH_0001,0.81,65.47,14.99,99.06,1.9,0.123,15.61,1,NORMAL
2026-01-06 18:50:00,LOT_03,W_00,0,7,ETCHER_A,PATH_0030,1.19,61.61,15.51,101.88,3.06,0.188,17.01,1,NORMAL
2026-01-06 18:55:00,LOT_03,W_00,1,7,ETCHER_A,PATH_0049,0.93,64.63,15.37,100.01,2.34,0.148,16.44,1,NORMAL
2026-01-06 19:00:00,LOT_03,W_00,2,7,ETCHER_A,PATH_0003,1.08,64.73,15.04,96.22,2.92,0.157,17.87,1,NORMAL
2026-01-06 19:05:00,LOT_03,W_00,3,7,ETCHER_A,PATH_0045,1.28,64.53,15.25,99.44,3.23,0.19,20.02,1,NORMAL
2026-01-06 19:10:00,LOT_03,W_00,4,7,ETCHER_A,PATH_0014,0.73,62.57,15.82,101.29,1.65,0.142,15.8,1,NORMAL
2026-01-06 19:15:00,LOT_03,W_00,5,7,ETCHER_A,PATH_0030,1.37,62.21,14.72,100.37,3.54,0.21,17.48,1,NORMAL
2026-01-06 19:20:00,LOT_03,W_00,6,7,ETCHER_A,PATH_0004,1.18,63.56,15.14,103.99,2.81,0.176,16.92,1,NORMAL
2026-01-06 19:25:00,LOT_03,W_00,7,7,ETCHER_A,PATH_0018,1.24,66.97,14.71,101.35,3.21,0.149,20.61,1,NORMAL
2026-01-06 19:30:00,LOT_03,W_00,8,7,ETCHER_A,PATH_0037,0.9,64.23,13.84,99.09,2.22,0.153,16.93,1,NORMAL
2026-01-06 19:35:00,LOT_03,W_00,9,7,ETCHER_A,PATH_0025,0.97,66.65,15.61,99.76,2.36,0.124,18.6,1,NORMAL
2026-01-06 19:40:00,LOT_03,W_00,0,8,ETCHER_A,PATH_0048,0.92,64.92,14.04,100.46,2.29,0.147,15.13,1,NORMAL
2026-01-06 19:45:00,LOT_03,W_00,1,8,ETCHER_A,PATH_0001,1.05,66.88,14.71,100.13,2.74,0.144,17.28,1,NORMAL
2026-01-06 19:50:00,LOT_03,W_00,2,8,ETCHER_A,PATH_0046,1.28,67.75,15.48,99.74,3.16,0.14,19.64,1,NORMAL
2026-01-06 19:55:00,LOT_03,W_00,3,8,ETCHER_A,PATH_0015,1.27,65.94,15.22,96.2,3.05,0.17,20.08,1,NORMAL
2026-01-06 20:00:00,LOT_03,W_00,4,8,ETCHER_A,PATH_0009,1.28,64.25,14.61,97.71,3.18,0.187,20.5,1,NORMAL
2026-01-06 20:05:00,LOT_03,W_00,5,8,ETCHER_A,PATH_0015,0.91,63.0,15.44,101.75,2.27,0.166,16.13,1,NORMAL
2026-01-06 20:10:00,LOT_03,W_00,6,8,ETCHER_A,PATH_0049,1.15,66.66,15.04,101.3,2.85,0.13,19.7,1,NORMAL
2026-01-06 20:15:00,LOT_03,W_00,7,8,ETCHER_A,PATH_0024,1.0,64.78,15.32,98.93,2.68,0.156,17.43,1,NORMAL
2026-01-06 20:20:00,LOT_03,W_00,8,8,ETCHER_A,PATH_0004,0.82,65.24,15.17,99.96,2.31,0.148,14.43,1,NORMAL
2026-01-06 20:25:00,LOT_03,W_00,9,8,ETCHER_A,PATH_0012,1.0,62.51,16.11,99.8,2.45,0.164,18.06,1,NORMAL
2026-01-06 20:30:00,LOT_03,W_00,0,9,ETCHER_A,PATH_0037,0.96,66.0,14.42,99.28,2.34,0.124,17.28,1,NORMAL
2026-01-06 20:35:00,LOT_03,W_00,1,9,ETCHER_A,PATH_0037,1.11,63.76,14.53,101.02,2.72,0.173,,1,NORMAL
2026-01-06 20:40:00,LOT_03,W_00,2,9,ETCHER_A,PATH_0043,0.94,66.3,14.51,98.43,2.32,0.128,17.92,1,NORMAL
2026-01-06 20:45:00,LOT_03,W_00,3,9,ETCHER_A,PATH_0006,1.24,64.6,14.34,99.84,3.09,0.194,17.25,1,NORMAL
2026-01-06 20:50:00,LOT_03,W_00,4,9,ETCHER_A,PATH_0039,1.18,64.5,14.73,97.91,3.03,0.185,17.63,1,NORMAL
2026-01-06 20:55:00,LOT_03,W_00,5,9,ETCHER_A,PATH_0046,0.82,65.94,14.99,102.57,2.07,0.121,14.91,1,NORMAL
2026-01-06 21:00:00,LOT_03,W_00,6,9,ETCHER_A,PATH_0024,1.24,64.83,15.02,100.13,2.97,0.18,20.02,1,NORMAL
2026-01-06 21:05:00,LOT_03,W_00,7,9,ETCHER_A,PATH_0011,1.27,65.07,14.91,98.3,3.11,0.181,16.97,1,NORMAL
2026-01-06 21:10:00,LOT_03,W_00,8,9,ETCHER_A,PATH_0013,1.33,62.84,15.07,100.24,3.12,0.199,18.04,1,NORMAL
2026-01-06 21:15:00,LOT_03,W_00,9,9,ETCHER_A,PATH_0034,0.95,81.5,15.07,99.2,2.5,-0.022,23.07,0,ERR-T101
2026-01-06 21:20:00,LOT_03,W_01,0,0,ETCHER_B,PATH_0025,0.91,75.37,15.86,97.24,2.28,0.027,18.77,1,NORMAL
2026-01-06 21:25:00,LOT_03,W_01,1,0,ETCHER_B,PATH_0007,1.16,70.62,14.72,92.16,3.03,0.122,19.25,1,NORMAL
2026-01-06 21:30:00,LOT_03,W_01,2,0,ETCHER_B,PATH_0004,0.84,69.03,14.59,102.29,2.03,0.099,18.34,1,NORMAL
2026-01-06 21:35:00,LOT_03,W_01,3,0,ETCHER_B,PATH_0008,0.96,70.71,15.55,96.22,2.27,0.089,20.71,1,NORMAL
2026-01-06 21:40:00,LOT_03,W_01,4,0,ETCHER_B,PATH_0020,1.27,70.49,15.42,95.91,3.27,0.118,21.09,1,NORMAL
2026-01-06 21:45:00,LOT_03,W_01,5,0,ETCHER_B,PATH_0029,0.88,75.26,14.65,93.57,2.39,0.032,20.33,1,NORMAL
2026-01-06 21:50:00,LOT_03,W_01,6,0,ETCHER_B,PATH_0045,0.77,79.09,15.23,94.74,1.94,-0.036,21.25,0,ERR-T101
2026-01-06 21:55:00,LOT_03,W_01,7,0,ETCHER_B,PATH_0046,0.73,71.21,15.1,107.15,1.9,0.056,18.43,1,NORMAL
2026-01-06 22:00:00,LOT_03,W_01,8,0,ETCHER_B,PATH_0010,1.15,68.37,15.06,99.16,2.8,0.119,18.99,1,NORMAL
2026-01-06 22:05:00,LOT_03,W_01,9,0,ETCHER_B,PATH_0043,1.06,73.15,15.36,95.81,2.57,0.07,20.59,1,NORMAL
2026-01-06 22:10:00,LOT_03,W_01,0,1,ETCHER_B,PATH_0034,0.84,72.58,14.89,93.2,2.11,0.068,18.51,1,NORMAL
2026-01-06 22:15:00,LOT_03,W_01,1,1,ETCHER_B,PATH_0026,1.19,63.53,15.04,96.74,3.05,0.172,16.48,1,NORMAL
2026-01-06 22:20:00,LOT_03,W_01,2,1,ETCHER_B,PATH_0041,0.81,74.09,15.75,105.76,1.91,0.045,21.66,1,NORMAL
2026-01-06 22:25:00,LOT_03,W_01,3,1,ETCHER_B,PATH_0049,1.26,67.57,14.61,89.46,3.18,0.149,20.87,1,NORMAL
2026-01-06 22:30:00,LOT_03,W_01,4,1,ETCHER_B,PATH_0003,1.13,69.54,15.39,94.04,2.93,0.121,19.16,1,NORMAL
2026-01-06 22:35:00,LOT_03,W_01,5,1,ETCHER_B,PATH_0006,1.26,67.96,14.55,96.06,3.27,0.136,19.61,1,NORMAL
2026-01-06 22:40:00,LOT_03,W_01,6,1,ETCHER_B,PATH_0005,1.03,67.68,14.65,96.86,2.54,0.135,17.71,1,NORMAL
2026-01-06 22:45:00,LOT_03,W_01,7,1,ETCHER_B,PATH_0005,0.93,68.78,15.3,99.58,2.34,0.113,18.16,1,NORMAL
2026-01-06 22:50:00,LOT_03,W_01,8,1,ETCHER_B,PATH_0047,1.23,74.14,15.65,95.22,3.11,0.079,22.01,1,NORMAL
2026-01-06 22:55:00,LOT_03,W_01,9,1,ETCHER_B,PATH_0023,1.38,76.35,14.83,91.39,3.54,0.064,22.53,1,NORMAL
2026-01-06 23:00:00,LOT_03,W_01,0,2,ETCHER_B,PATH_0049,1.23,68.65,15.84,94.67,3.21,0.118,20.99,1,NORMAL
2026-01-06 23:05:00,LOT_03,W_01,1,2,ETCHER_B,PATH_0009,0.72,62.63,15.56,85.85,1.86,0.152,14.05,1,ERR-G202
2026-01-06 23:10:00,LOT_03,W_01,2,2,ETCHER_B,PATH_0035,0.75,66.65,15.06,100.99,1.72,0.098,18.05,1,NORMAL
2026-01-06 23:15:00,LOT_03,W_01,3,2,ETCHER_B,PATH_0020,1.22,71.2,15.27,99.06,3.0,0.113,20.22,1,NORMAL
2026-01-06 23:20:00,LOT_03,W_01,4,2,ETCHER_B,PATH_0049,0.87,72.56,15.23,96.49,2.07,0.06,20.78,1,NORMAL
2026-01-06 23:25:00,LOT_03,W_01,5,2,ETCHER_B,PATH_0042,0.98,77.11,14.43,96.49,2.43,0.035,22.41,1,NORMAL
2026-01-06 23:30:00,LOT_03,W_01,6,2,ETCHER_B,PATH_0035,1.16,80.78,15.18,91.85,2.94,0.02,24.42,1,NORMAL
2026-01-06 23:35:00,LOT_03,W_01,7,2,ETCHER_B,PATH_0018,1.27,74.2,15.22,96.01,3.14,0.081,22.67,1,NORMAL
2026-01-06 23:40:00,LOT_03,W_01,8,2,ETCHER_B,PATH_0017,1.36,72.62,14.49,89.02,3.49,0.113,,1,NORMAL
2026-01-06 23:45:00,LOT_03,W_01,9,2,ETCHER_B,PATH_0024,0.76,70.41,15.41,95.12,1.81,0.068,18.66,1,NORMAL
2026-01-06 23:50:00,LOT_03,W_01,0,3,ETCHER_B,PATH_0003,1.22,64.88,15.13,98.75,3.09,0.188,18.08,1,NORMAL
2026-01-06 23:55:00,LOT_03,W_01,1,3,ETCHER_B,PATH_0032,1.32,73.2,14.4,98.7,3.14,0.104,23.0,1,NORMAL
2026-01-07 00:00:00,LOT_03,W_01,2,3,ETCHER_B,PATH_0035,1.14,76.63,16.32,105.38,2.86,0.054,23.29,1,NORMAL
2026-01-07 00:05:00,LOT_03,W_01,3,3,ETCHER_B,PATH_0038,1.04,69.66,14.77,100.71,2.61,0.094,18.31,1,NORMAL
2026-01-07 00:10:00,LOT_03,W_01,4,3,ETCHER_B,PATH_0013,0.91,69.43,15.09,95.86,2.27,0.113,18.66,1,NORMAL
2026-01-07 00:15:00,LOT_03,W_01,5,3,ETCHER_B,PATH_0047,0.9,69.05,15.33,95.41,2.17,0.089,17.68,1,NORMAL
2026-01-07 00:20:00,LOT_03,W_01,6,3,ETCHER_B,PATH_0025,1.02,78.24,14.98,100.19,2.3,0.039,23.92,1,NORMAL
2026-01-07 00:25:00,LOT_03,W_01,7,3,ETCHER_B,PATH_0009,1.02,74.75,14.53,102.59,2.48,0.06,20.58,1,NORMAL
2026-01-07 00:30:00,LOT_03,W_01,8,3,ETCHER_B,PATH_0004,0.73,71.8,15.55,99.94,1.72,0.026,16.0,1,NORMAL
2026-01-07 00:35:00,LOT_03,W_01,9,3,ETCHER_B,PATH_0014,0.95,72.77,14.77,95.21,2.43,0.05,19.24,1,NORMAL
2026-01-07 00:40:00,LOT_03,W_01,0,4,ETCHER_B,PATH_0037,1.06,66.8,15.42,91.21,2.74,0.158,18.19,1,NORMAL
2026-01-07 00:45:00,LOT_03,W_01,1,4,ETCHER_B,PATH_0034,1.27,77.16,14.37,93.46,3.12,0.063,22.82,1,NORMAL
2026-01-07 00:50:00,LOT_03,W_01,2,4,ETCHER_B,PATH_0011,1.13,75.61,14.87,101.32,2.71,0.054,21.84,1,NORMAL
2026-01-07 00:55:00,LOT_03,W_01,3,4,ETCHER_B,PATH_0041,0.73,72.15,15.04,90.73,1.94,0.047,18.57,1,NORMAL
2026-01-07 01:00:00,LOT_03,W_01,4,4,ETCHER_B,PATH_0003,1.3,74.67,15.24,87.57,3.2,0.089,22.05,1,ERR-G202
2026-01-07 01:05:00,LOT_03,W_01,5,4,ETCHER_B,PATH_0028,1.23,66.55,14.77,101.28,3.12,0.157,19.92,1,NORMAL
2026-01-07 01:10:00,LOT_03,W_01,6,4,ETCHER_B,PATH_0029,1.38,68.69,14.86,103.7,3.49,0.153,20.65,1,NORMAL
2026-01-07 01:15:00,LOT_03,W_01,7,4,ETCHER_B,PATH_0009,0.7,74.17,14.65,94.48,1.87,0.033,17.63,1,NORMAL
2026-01-07 01:20:00,LOT_03,W_01,8,4,ETCHER_B,PATH_0003,1.08,70.18,15.43,104.8,2.73,0.097,20.6,1,NORMAL
2026-01-07 01:25:00,LOT_03,W_01,9,4,ETCHER_B,PATH_0025,1.39,73.66,15.21,95.15,3.46,0.097,21.97,1,NORMAL
2026-01-07 01:30:00,LOT_03,W_01,0,5,ETCHER_B,PATH_0034,1.25,66.21,14.83,90.62,3.27,0.179,19.2,1,NORMAL
2026-01-07 01:35:00,LOT_03,W_01,1,5,ETCHER_B,PATH_0012,0.87,69.88,15.25,99.06,2.11,0.108,17.37,1,NORMAL
2026-01-07 01:40:00,LOT_03,W_01,2,5,ETCHER_B,PATH_0042,1.03,68.0,15.61,102.81,2.63,0.121,18.47,1,NORMAL
2026-01-07 01:45:00,LOT_03,W_01,3,5,ETCHER_B,PATH_0009,1.01,68.2,15.42,102.15,2.55,0.137,17.98,1,NORMAL
2026-01-07 01:50:00,LOT_03,W_01,4,5,ETCHER_B,PATH_0015,0.79,72.13,15.78,99.26,1.98,0.062,18.98,1,NORMAL
2026-01-07 01:55:00,LOT_03,W_01,5,5,ETCHER_B,PATH_0040,1.26,67.1,14.71,92.2,3.03,0.169,18.93,1,NORMAL
2026-01-07 02:00:00,LOT_03,W_01,6,5,ETCHER_B,PATH_0025,0.79,70.16,14.97,98.43,1.96,0.075,19.3,1,NORMAL
2026-01-07 02:05:00,LOT_03,W_01,7,5,ETCHER_B,PATH_0005,1.32,68.72,14.83,100.44,3.19,0.137,20.17,1,NORMAL
2026-01-07 02:10:00,LOT_03,W_01,8,5,ETCHER_B,PATH_0011,0.89,71.38,14.7,92.3,2.16,0.079,18.53,1,NORMAL
2026-01-07 02:15:00,LOT_03,W_01,9,5,ETCHER_B,PATH_0034,0.85,72.91,14.61,101.3,2.26,0.052,19.4,1,NORMAL
2026-01-07 02:20:00,LOT_03,W_01,0,6,ETCHER_B,PATH_0024,1.0,75.27,14.9,97.53,2.59,0.04,20.59,1,NORMAL
2026-01-07 02:25:00,LOT_03,W_01,1,6,ETCHER_B,PATH_0015,1.16,71.66,14.36,99.22,2.89,0.096,18.3,1,NORMAL
2026-01-07 02:30:00,LOT_03,W_01,2,6,ETCHER_B,PATH_0038,1.2,70.83,14.02,96.12,3.01,0.128,19.4,1,NORMAL
2026-01-07 02:35:00,LOT_03,W_01,3,6,ETCHER_B,PATH_0008,1.24,66.89,14.77,100.85,3.04,0.172,19.31,1,NORMAL
2026-01-07 02:40:00,LOT_03,W_01,4,6,ETCHER_B,PATH_0005,1.12,75.39,14.43,92.06,2.87,0.069,20.77,1,NORMAL
2026-01-07 02:45:00,LOT_03,W_01,5,6,ETCHER_B,PATH_0048,1.38,71.88,14.96,99.92,3.4,0.13,20.71,1,NORMAL
2026-01-07 02:50:00,LOT_03,W_01,6,6,ETCHER_B,PATH_0026,0.83,79.18,13.91,103.8,2.2,0.013,21.77,1,NORMAL
2026-01-07 02:55:00,LOT_03,W_01,7,6,ETCHER_B,PATH_0018,1.17,68.16,15.8,94.2,3.03,0.118,19.57,1,NORMAL
2026-01-07 03:00:00,LOT_03,W_01,8,6,ETCHER_B,PATH_0006,0.82,70.62,15.33,100.28,1.99,0.072,17.94,1,NORMAL
2026-01-07 03:05:00,LOT_03,W_01,9,6,ETCHER_B,PATH_0037,0.96,69.27,16.3,88.87,2.44,0.115,17.76,1,NORMAL
2026-01-07 03:10:00,LOT_03,W_01,0,7,ETCHER_B,PATH_0048,1.25,74.37,14.95,99.4,3.33,0.081,20.98,1,NORMAL
2026-01-07 03:15:00,LOT_03,W_01,1,7,ETCHER_B,PATH_0013,1.16,74.05,14.79,93.98,2.74,0.069,21.9,1,NORMAL
2026-01-07 03:20:00,LOT_03,W_01,2,7,ETCHER_B,PATH_0028,1.01,73.41,14.53,106.13,2.53,0.063,20.13,1,NORMAL
2026-01-07 03:25:00,LOT_03,W_01,3,7,ETCHER_B,PATH_0005,0.84,72.36,15.24,101.11,2.25,0.064,20.58,1,NORMAL
2026-01-07 03:30:00,LOT_03,W_01,4,7,ETCHER_B,PATH_0013,1.06,72.74,14.95,95.16,2.66,0.071,18.84,1,NORMAL
2026-01-07 03:35:00,LOT_03,W_01,5,7,ETCHER_B,PATH_0017,1.34,72.94,15.3,97.7,3.39,0.103,22.67,1,NORMAL
2026-01-07 03:40:00,LOT_03,W_01,6,7,ETCHER_B,PATH_0040,0.87,73.86,14.49,90.84,2.21,0.049,18.53,1,NORMAL
2026-01-07 03:45:00,LOT_03,W_01,7,7,ETCHER_B,PATH_0045,1.06,69.81,14.44,109.68,2.66,0.107,20.15,1,NORMAL
2026-01-07 03:50:00,LOT_03,W_01,8,7,ETCHER_B,PATH_0032,0.98,75.76,14.47,100.48,2.39,0.045,21.05,1,NORMAL
2026-01-07 03:55:00,LOT_03,W_01,9,7,ETCHER_B,PATH_0029,1.34,66.72,14.59,101.01,3.27,0.169,21.47,1,NORMAL
2026-01-07 04:00:00,LOT_03,W_01,0,8,ETCHER_B,PATH_0003,0.87,72.47,14.33,87.63,2.07,0.056,21.09,1,ERR-G202
2026-01-07 04:05:00,LOT_03,W_01,1,8,ETCHER_B,PATH_0040,1.26,71.5,15.38,91.3,3.2,0.113,21.89,1,NORMAL
2026-01-07 04:10:00,LOT_03,W_01,2,8,ETCHER_B,PATH_0034,1.3,75.87,14.96,85.92,3.26,0.06,21.75,1,ERR-G202
2026-01-07 04:15:00,LOT_03,W_01,3,8,ETCHER_B,PATH_0040,1.39,73.5,14.33,91.1,3.56,0.101,22.51,1,NORMAL
2026-01-07 04:20:00,LOT_03,W_01,4,8,ETCHER_B,PATH_0027,1.34,65.2,15.25,95.98,3.28,0.18,18.7,1,NORMAL
2026-01-07 04:25:00,LOT_03,W_01,5,8,ETCHER_B,PATH_0013,1.36,84.71,15.42,104.93,3.28,-0.016,28.3,0,ERR-T101
2026-01-07 04:30:00,LOT_03,W_01,6,8,ETCHER_B,PATH_0045,1.36,70.14,14.38,107.46,3.35,0.133,21.57,1,NORMAL
2026-01-07 04:35:00,LOT_03,W_01,7,8,ETCHER_B,PATH_0033,1.19,72.65,14.56,96.88,3.08,0.1,22.65,1,NORMAL
2026-01-07 04:40:00,LOT_03,W_01,8,8,ETCHER_B,PATH_0006,0.72,68.47,15.04,92.95,2.02,0.089,17.06,1,NORMAL
2026-01-07 04:45:00,LOT_03,W_01,9,8,ETCHER_B,PATH_0024,1.19,64.68,14.39,97.22,3.12,0.178,17.22,1,NORMAL
2026-01-07 04:50:00,LOT_03,W_01,0,9,ETCHER_B,PATH_0019,1.01,71.65,15.25,101.09,2.51,0.096,20.59,1,NORMAL
2026-01-07 04:55:00,LOT_03,W_01,1,9,ETCHER_B,PATH_0016,1.19,62.5,15.03,92.61,3.07,0.2,16.52,1,NORMAL
2026-01-07 05:00:00,LOT_03,W_01,2,9,ETCHER_B,PATH_0040,0.91,71.43,14.45,97.18,2.18,0.081,19.47,1,NORMAL
2026-01-07 05:05:00,LOT_03,W_01,3,9,ETCHER_B,PATH_0028,1.35,68.06,14.82,88.06,3.52,0.156,17.79,1,NORMAL
2026-01-07 05:10:00,LOT_03,W_01,4,9,ETCHER_B,PATH_0033,1.4,71.51,14.68,98.74,3.44,0.141,21.05,1,NORMAL
2026-01-07 05:15:00,LOT_03,W_01,5,9,ETCHER_B,PATH_0048,1.22,72.51,15.56,103.0,2.97,0.094,20.5,1,NORMAL
2026-01-07 05:20:00,LOT_03,W_01,6,9,ETCHER_B,PATH_0041,1.33,73.91,15.25,101.43,3.4,0.082,21.86,1,NORMAL
2026-01-07 05:25:00,LOT_03,W_01,7,9,ETCHER_B,PATH_0013,0.99,64.36,15.22,94.96,2.5,0.161,16.71,1,NORMAL
2026-01-07 05:30:00,LOT_03,W_01,8,9,ETCHER_B,PATH_0043,1.09,81.61,14.64,99.36,2.57,-0.0,24.25,0,ERR-T101
2026-01-07 05:35:00,LOT_03,W_01,9,9,ETCHER_B,PATH_0045,1.12,71.77,15.04,98.53,2.88,0.106,19.34,1,NORMAL
2026-01-07 05:40:00,LOT_03,W_02,0,0,ETCHER_B,PATH_0025,0.83,72.82,15.47,106.07,2.12,0.054,18.73,1,NORMAL
2026-01-07 05:45:00,LOT_03,W_02,1,0,ETCHER_B,PATH_0042,0.85,73.01,15.08,93.17,2.06,0.051,18.73,1,NORMAL
2026-01-07 05:50:00,LOT_03,W_02,2,0,ETCHER_B,PATH_0036,0.73,74.65,15.23,93.82,1.85,0.035,20.19,1,NORMAL
2026-01-07 05:55:00,LOT_03,W_02,3,0,ETCHER_B,PATH_0027,1.18,75.36,14.83,91.96,3.13,0.059,20.11,1,NORMAL
2026-01-07 06:00:00,LOT_03,W_02,4,0,ETCHER_B,PATH_0038,1.13,75.65,14.3,96.19,2.65,0.068,22.72,1,NORMAL
2026-01-07 06:05:00,LOT_03,W_02,5,0,ETCHER_B,PATH_0007,1.28,77.03,15.83,83.23,3.25,0.073,24.08,1,ERR-G202
2026-01-07 06:10:00,LOT_03,W_02,6,0,ETCHER_B,PATH_0005,1.1,67.93,14.98,94.89,2.8,0.131,18.59,1,NORMAL
2026-01-07 06:15:00,LOT_03,W_02,7,0,ETCHER_B,PATH_0043,1.09,73.25,14.66,98.72,2.72,0.081,20.09,1,NORMAL
2026-01-07 06:20:00,LOT_03,W_02,8,0,ETCHER_B,PATH_0045,0.94,69.92,15.07,105.82,2.47,0.091,19.35,1,NORMAL
2026-01-07 06:25:00,LOT_03,W_02,9,0,ETCHER_B,PATH_0031,1.29,62.91,14.94,91.0,3.2,0.208,16.88,1,NORMAL
2026-01-07 06:30:00,LOT_03,W_02,0,1,ETCHER_B,PATH_0023,1.23,66.62,15.06,94.71,3.12,0.16,19.46,1,NORMAL
2026-01-07 06:35:00,LOT_03,W_02,1,1,ETCHER_B,PATH_0042,0.85,76.23,15.41,94.67,2.2,0.022,20.61,1,NORMAL
2026-01-07 06:40:00,LOT_03,W_02,2,1,ETCHER_B,PATH_0010,1.14,72.51,14.54,107.14,2.97,0.095,19.98,1,NORMAL
2026-01-07 06:45:00,LOT_03,W_02,3,1,ETCHER_B,PATH_0032,0.92,73.57,15.48,92.99,2.28,0.05,20.14,1,NORMAL
2026-01-07 06:50:00,LOT_03,W_02,4,1,ETCHER_B,PATH_0043,1.18,74.04,15.13,105.97,3.16,0.073,21.41,1,NORMAL
2026-01-07 06:55:00,LOT_03,W_02,5,1,ETCHER_B,PATH_0030,1.38,71.16,14.66,95.93,3.39,0.121,20.41,1,NORMAL
2026-01-07 07:00:00,LOT_03,W_02,6,1,ETCHER_B,PATH_0039,0.99,70.72,14.25,102.5,2.27,0.086,18.04,1,NORMAL
2026-01-07 07:05:00,LOT_03,W_02,7,1,ETCHER_B,PATH_0031,1.26,73.01,14.54,90.21,2.98,0.1,21.61,1,NORMAL
2026-01-07 07:10:00,LOT_03,W_02,8,1,ETCHER_B,PATH_0018,0.76,67.6,15.89,94.36,1.9,0.099,17.8,1,NORMAL
2026-01-07 07:15:00,LOT_03,W_02,9,1,ETCHER_B,PATH_0036,0.9,75.4,14.25,91.13,2.07,0.053,19.16,1,NORMAL
2026-01-07 07:20:00,LOT_03,W_02,0,2,ETCHER_B,PATH_0002,0.72,71.73,15.2,95.13,1.94,0.058,17.87,1,NORMAL
2026-01-07 07:25:00,LOT_03,W_02,1,2,ETCHER_B,PATH_0014,1.15,67.71,14.62,97.49,2.85,0.135,19.5,1,NORMAL
2026-01-07 07:30:00,LOT_03,W_02,2,2,ETCHER_B,PATH_0013,1.17,71.55,14.94,85.35,2.91,0.11,19.61,1,ERR-G202
2026-01-07 07:35:00,LOT_03,W_02,3,2,ETCHER_B,PATH_0029,1.0,77.28,14.52,96.64,2.47,0.014,23.08,1,NORMAL
2026-01-07 07:40:00,LOT_03,W_02,4,2,ETCHER_B,PATH_0012,0.9,71.44,15.06,99.34,2.13,0.062,19.51,1,NORMAL
2026-01-07 07:45:00,LOT_03,W_02,5,2,ETCHER_B,PATH_0039,1.34,74.13,14.62,93.22,3.26,0.092,22.21,1,NORMAL
2026-01-07 07:50:00,LOT_03,W_02,6,2,ETCHER_B,PATH_0002,0.89,75.89,14.89,97.63,2.13,0.037,20.25,1,NORMAL
2026-01-07 07:55:00,LOT_03,W_02,7,2,ETCHER_B,PATH_0032,1.06,71.54,14.19,96.1,2.62,0.089,18.63,1,NORMAL
2026-01-07 08:00:00,LOT_03,W_02,8,2,ETCHER_B,PATH_0013,1.28,69.4,15.14,98.8,3.34,0.145,19.13,1,NORMAL
2026-01-07 08:05:00,LOT_03,W_02,9,2,ETCHER_B,PATH_0046,1.1,75.22,15.25,94.48,2.8,0.074,20.48,1,NORMAL
2026-01-07 08:10:00,LOT_03,W_02,0,3,ETCHER_B,PATH_0027,1.02,65.96,14.38,98.4,2.63,0.145,16.18,1,NORMAL
2026-01-07 08:15:00,LOT_03,W_02,1,3,ETCHER_B,PATH_0049,0.82,72.21,14.8,101.84,2.11,0.052,22.21,1,NORMAL
2026-01-07 08:20:00,LOT_03,W_02,2,3,ETCHER_B,PATH_0041,0.89,74.03,15.27,98.55,2.28,0.029,17.78,1,NORMAL
2026-01-07 08:25:00,LOT_03,W_02,3,3,ETCHER_B,PATH_0017,1.31,67.8,14.62,97.94,3.14,0.149,19.18,1,NORMAL
2026-01-07 08:30:00,LOT_03,W_02,4,3,ETCHER_B,PATH_0040,0.97,74.31,16.11,95.48,2.43,0.042,20.01,1,NORMAL
2026-01-07 08:35:00,LOT_03,W_02,5,3,ETCHER_B,PATH_0031,1.27,72.48,13.88,97.05,3.15,0.108,21.06,1,NORMAL
2026-01-07 08:40:00,LOT_03,W_02,6,3,ETCHER_B,PATH_0034,1.31,77.31,15.18,91.03,3.27,0.055,23.55,1,NORMAL
2026-01-07 08:45:00,LOT_03,W_02,7,3,ETCHER_B,PATH_0024,1.3,76.98,15.03,90.88,3.48,0.063,23.89,1,NORMAL
2026-01-07 08:50:00,LOT_03,W_02,8,3,ETCHER_B,PATH_0045,0.96,68.32,15.18,90.0,2.41,0.107,18.07,1,NORMAL
2026-01-07 08:55:00,LOT_03,W_02,9,3,ETCHER_B,PATH_0035,1.15,77.54,14.65,97.54,2.97,0.038,22.47,1,NORMAL
2026-01-07 09:00:00,LOT_03,W_02,0,4,ETCHER_B,PATH_0048,1.26,73.13,15.19,90.87,3.07,0.075,23.32,1,NORMAL
2026-01-07 09:05:00,LOT_03,W_02,1,4,ETCHER_B,PATH_0006,1.07,72.52,14.7,100.68,2.56,0.073,20.72,1,NORMAL
2026-01-07 09:10:00,LOT_03,W_02,2,4,ETCHER_B,PATH_0019,1.2,66.05,13.92,90.91,2.95,0.161,17.67,1,NORMAL
2026-01-07 09:15:00,LOT_03,W_02,3,4,ETCHER_B,PATH_0030,0.7,69.47,14.59,87.49,1.69,0.093,18.66,1,ERR-G202
2026-01-07 09:20:00,LOT_03,W_02,4,4,ETCHER_B,PATH_0007,0.84,70.52,15.35,96.16,2.0,0.072,18.56,1,NORMAL
2026-01-07 09:25:00,LOT_03,W_02,5,4,ETCHER_B,PATH_0010,0.75,78.4,14.74,97.07,1.9,-0.02,20.85,0,ERR-T101
2026-01-07 09:30:00,LOT_03,W_02,6,4,ETCHER_B,PATH_0041,0.74,71.45,14.86,91.66,1.76,0.055,17.9,1,NORMAL
2026-01-07 09:35:00,LOT_03,W_02,7,4,ETCHER_B,PATH_0032,1.3,78.76,15.2,93.73,3.19,0.043,23.62,1,NORMAL
2026-01-07 09:40:00,LOT_03,W_02,8,4,ETCHER_B,PATH_0034,1.32,79.77,15.8,92.9,3.16,0.043,24.45,1,NORMAL
2026-01-07 09:45:00,LOT_03,W_02,9,4,ETCHER_B,PATH_0028,1.38,69.49,15.9,94.44,3.44,0.143,20.36,1,NORMAL
2026-01-07 09:50:00,LOT_03,W_02,0,5,ETCHER_B,PATH_0015,0.89,68.1,15.56,101.58,2.35,0.103,17.33,1,NORMAL
2026-01-07 09:55:00,LOT_03,W_02,1,5,ETCHER_B,PATH_0030,1.2,73.73,14.48,95.05,2.95,0.073,20.35,1,NORMAL
2026-01-07 10:00:00,LOT_03,W_02,2,5,ETCHER_B,PATH_0037,1.08,68.49,15.07,100.73,2.78,0.117,,1,NORMAL
2026-01-07 10:05:00,LOT_03,W_02,3,5,ETCHER_B,PATH_0029,1.25,67.38,14.92,97.72,2.97,0.156,19.36,1,NORMAL
2026-01-07 10:10:00,LOT_03,W_02,4,5,ETCHER_B,PATH_0022,0.77,65.34,14.38,96.7,1.92,0.111,16.49,1,NORMAL
2026-01-07 10:15:00,LOT_03,W_02,5,5,ETCHER_B,PATH_0004,1.34,71.55,14.91,97.8,3.16,0.115,19.91,1,NORMAL
2026-01-07 10:20:00,LOT_03,W_02,6,5,ETCHER_B,PATH_0020,1.06,71.39,14.68,90.32,2.74,0.115,18.8,1,NORMAL
2026-01-07 10:25:00,LOT_03,W_02,7,5,ETCHER_B,PATH_0032,0.95,78.65,13.86,98.85,2.25,0.006,20.86,1,NORMAL
2026-01-07 10:30:00,LOT_03,W_02,8,5,ETCHER_B,PATH_0036,1.33,67.42,15.54,91.06,3.13,0.152,20.9,1,NORMAL
2026-01-07 10:35:00,LOT_03,W_02,9,5,ETCHER_B,PATH_0004,1.39,79.02,14.02,93.45,3.36,0.067,23.01,1,NORMAL
2026-01-07 10:40:00,LOT_03,W_02,0,6,ETCHER_B,PATH_0027,0.96,68.46,14.77,103.7,2.51,0.128,18.13,1,NORMAL
2026-01-07 10:45:00,LOT_03,W_02,1,6,ETCHER_B,PATH_0017,0.7,72.93,15.2,101.2,1.6,0.033,17.67,1,NORMAL
2026-01-07 10:50:00,LOT_03,W_02,2,6,ETCHER_B,PATH_0012,0.7,68.48,14.51,98.37,1.63,0.085,16.8,1,NORMAL
2026-01-07 10:55:00,LOT_03,W_02,3,6,ETCHER_B,PATH_0022,1.18,70.53,15.13,95.09,2.92,0.112,21.0,1,NORMAL
2026-01-07 11:00:00,LOT_03,W_02,4,6,ETCHER_B,PATH_0017,1.39,71.81,15.22,95.55,3.58,0.119,21.74,1,NORMAL
2026-01-07 11:05:00,LOT_03,W_02,5,6,ETCHER_B,PATH_0010,1.1,72.41,14.69,95.21,2.72,0.075,21.55,1,NORMAL
2026-01-07 11:10:00,LOT_03,W_02,6,6,ETCHER_B,PATH_0001,1.28,62.96,15.19,100.7,3.08,0.212,,1,NORMAL
2026-01-07 11:15:00,LOT_03,W_02,7,6,ETCHER_B,PATH_0022,1.22,62.35,15.13,97.75,3.06,0.175,15.65,1,NORMAL
2026-01-07 11:20:00,LOT_03,W_02,8,6,ETCHER_B,PATH_0026,0.93,80.63,15.97,96.44,2.29,-0.021,23.95,0,ERR-T101
2026-01-07 11:25:00,LOT_03,W_02,9,6,ETCHER_B,PATH_0018,1.02,72.83,14.74,96.11,2.49,0.084,20.91,1,NORMAL
2026-01-07 11:30:00,LOT_03,W_02,0,7,ETCHER_B,PATH_0014,1.0,69.96,14.15,93.18,2.55,0.101,21.51,1,NORMAL
2026-01-07 11:35:00,LOT_03,W_02,1,7,ETCHER_B,PATH_0047,1.07,69.38,14.62,93.96,2.65,0.112,18.45,1,NORMAL
2026-01-07 11:40:00,LOT_03,W_02,2,7,ETCHER_B,PATH_0029,0.96,78.83,14.01,104.86,2.39,-0.006,21.58,0,ERR-T101
2026-01-07 11:45:00,LOT_03,W_02,3,7,ETCHER_B,PATH_0012,1.0,77.24,14.51,90.66,2.38,0.029,21.92,1,NORMAL
2026-01-07 11:50:00,LOT_03,W_02,4,7,ETCHER_B,PATH_0036,0.82,71.04,15.62,99.5,2.01,0.074,18.06,1,NORMAL
2026-01-07 11:55:00,LOT_03,W_02,5,7,ETCHER_B,PATH_0035,1.02,78.89,15.11,100.52,2.62,0.016,21.28,1,NORMAL
2026-01-07 12:00:00,LOT_03,W_02,6,7,ETCHER_B,PATH_0012,1.33,68.28,16.0,99.34,3.4,0.142,21.45,1,NORMAL
2026-01-07 12:05:00,LOT_03,W_02,7,7,ETCHER_B,PATH_0007,1.14,70.9,16.23,94.98,2.92,0.109,19.22,1,NORMAL
2026-01-07 12:10:00,LOT_03,W_02,8,7,ETCHER_B,PATH_0029,0.87,67.4,15.02,98.76,2.33,0.12,15.28,1,NORMAL
2026-01-07 12:15:00,LOT_03,W_02,9,7,ETCHER_B,PATH_0011,1.01,72.53,15.11,102.67,2.47,0.063,20.85,1,NORMAL
2026-01-07 12:20:00,LOT_03,W_02,0,8,ETCHER_B,PATH_0033,1.18,69.21,15.48,89.89,2.93,0.112,21.15,1,NORMAL
2026-01-07 12:25:00,LOT_03,W_02,1,8,ETCHER_B,PATH_0006,1.26,65.84,15.22,97.38,3.22,0.165,18.58,1,NORMAL
2026-01-07 12:30:00,LOT_03,W_02,2,8,ETCHER_B,PATH_0047,1.03,78.76,14.71,89.75,2.69,0.024,21.99,1,NORMAL
2026-01-07 12:35:00,LOT_03,W_02,3,8,ETCHER_B,PATH_0015,0.95,73.87,15.31,89.54,2.37,0.07,20.77,1,NORMAL
2026-01-07 12:40:00,LOT_03,W_02,4,8,ETCHER_B,PATH_0032,1.12,70.46,15.42,94.69,2.62,0.108,18.83,1,NORMAL
2026-01-07 12:45:00,LOT_03,W_02,5,8,ETCHER_B,PATH_0011,0.78,66.01,15.38,104.94,2.05,0.094,14.84,1,NORMAL
2026-01-07 12:50:00,LOT_03,W_02,6,8,ETCHER_B,PATH_0023,0.7,73.6,14.74,101.65,1.7,0.054,18.84,1,NORMAL
2026-01-07 12:55:00,LOT_03,W_02,7,8,ETCHER_B,PATH_0026,0.87,72.35,15.4,96.96,2.18,0.071,18.77,1,NORMAL
2026-01-07 13:00:00,LOT_03,W_02,8,8,ETCHER_B,PATH_0034,0.73,74.09,15.07,95.04,1.79,0.036,19.78,1,NORMAL
2026-01-07 13:05:00,LOT_03,W_02,9,8,ETCHER_B,PATH_0046,1.06,72.2,15.35,91.07,2.5,0.076,20.62,1,NORMAL
2026-01-07 13:10:00,LOT_03,W_02,0,9,ETCHER_B,PATH_0034,0.92,65.6,14.75,91.14,2.26,0.136,16.5,1,NORMAL
2026-01-07 13:15:00,LOT_03,W_02,1,9,ETCHER_B,PATH_0029,0.82,70.31,13.57,95.13,2.09,0.075,18.67,1,NORMAL
2026-01-07 13:20:00,LOT_03,W_02,2,9,ETCHER_B,PATH_0004,1.11,69.87,14.91,95.69,2.86,0.122,19.28,1,NORMAL
2026-01-07 13:25:00,LOT_03,W_02,3,9,ETCHER_B,PATH_0017,1.07,70.74,14.66,93.38,2.7,0.106,17.95,1,NORMAL
2026-01-07 13:30:00,LOT_03,W_02,4,9,ETCHER_B,PATH_0035,0.86,71.08,15.75,95.4,2.06,0.075,18.24,1,NORMAL
2026-01-07 13:35:00,LOT_03,W_02,5,9,ETCHER_B,PATH_0013,1.26,79.31,15.14,93.79,3.05,0.058,24.33,1,NORMAL
2026-01-07 13:40:00,LOT_03,W_02,6,9,ETCHER_B,PATH_0041,0.79,74.43,14.16,91.74,2.02,0.046,19.52,1,NORMAL
2026-01-07 13:45:00,LOT_03,W_02,7,9,ETCHER_B,PATH_0039,1.0,75.38,14.42,94.25,2.52,0.046,20.98,1,NORMAL
2026-01-07 13:50:00,LOT_03,W_02,8,9,ETCHER_B,PATH_0015,1.23,72.66,14.58,90.39,3.18,0.107,22.43,1,NORMAL
2026-01-07 13:55:00,LOT_03,W_02,9,9,ETCHER_B,PATH_0029,1.27,71.79,15.65,99.45,3.05,0.102,21.45,1,NORMAL
2026-01-07 14:00:00,LOT_03,W_03,0,0,ETCHER_B,PATH_0029,0.77,69.72,14.78,96.56,1.99,0.082,19.31,1,NORMAL
2026-01-07 14:05:00,LOT_03,W_03,1,0,ETCHER_B,PATH_0011,1.16,77.63,14.61,103.52,2.98,0.04,22.19,1,NORMAL
2026-01-07 14:10:00,LOT_03,W_03,2,0,ETCHER_B,PATH_0032,0.83,74.58,14.85,93.39,2.14,0.039,20.22,1,NORMAL
2026-01-07 14:15:00,LOT_03,W_03,3,0,ETCHER_B,PATH_0002,0.72,70.67,15.0,100.79,1.7,0.059,17.43,1,NORMAL
2026-01-07 14:20:00,LOT_03,W_03,4,0,ETCHER_B,PATH_0047,0.79,72.72,15.29,106.88,1.79,0.06,19.84,1,NORMAL
2026-01-07 14:25:00,LOT_03,W_03,5,0,ETCHER_B,PATH_0014,0.89,74.21,14.64,89.76,2.24,0.049,21.35,1,NORMAL
2026-01-07 14:30:00,LOT_03,W_03,6,0,ETCHER_B,PATH_0020,1.16,68.0,14.84,91.98,2.96,0.143,19.8,1,NORMAL
2026-01-07 14:35:00,LOT_03,W_03,7,0,ETCHER_B,PATH_0022,1.2,75.21,14.67,97.87,3.05,0.064,21.85,1,NORMAL
2026-01-07 14:40:00,LOT_03,W_03,8,0,ETCHER_B,PATH_0011,1.09,77.28,14.53,91.61,2.75,0.042,23.18,1,NORMAL
2026-01-07 14:45:00,LOT_03,W_03,9,0,ETCHER_B,PATH_0027,1.17,71.47,14.69,94.38,2.86,0.088,,1,NORMAL
2026-01-07 14:50:00,LOT_03,W_03,0,1,ETCHER_B,PATH_0003,1.1,70.88,14.56,86.11,2.6,0.096,20.0,1,ERR-G202
2026-01-07 14:55:00,LOT_03,W_03,1,1,ETCHER_B,PATH_0017,1.05,72.73,15.3,94.51,2.74,0.085,21.96,1,NORMAL
2026-01-07 15:00:00,LOT_03,W_03,2,1,ETCHER_B,PATH_0044,1.39,73.42,15.62,98.48,3.51,0.098,21.64,1,NORMAL
2026-01-07 15:05:00,LOT_03,W_03,3,1,ETCHER_B,PATH_0028,0.99,71.55,15.0,91.45,2.53,0.092,19.31,1,NORMAL
2026-01-07 15:10:00,LOT_03,W_03,4,1,ETCHER_B,PATH_0029,1.37,77.15,15.29,109.23,3.43,0.068,23.26,1,NORMAL
2026-01-07 15:15:00,LOT_03,W_03,5,1,ETCHER_B,PATH_0021,1.38,71.65,15.02,85.92,3.55,0.124,21.63,1,ERR-G202
2026-01-07 15:20:00,LOT_03,W_03,6,1,ETCHER_B,PATH_0047,0.78,73.95,14.38,101.07,2.01,0.05,19.77,1,NORMAL
2026-01-07 15:25:00,LOT_03,W_03,7,1,ETCHER_B,PATH_0016,1.2,69.81,15.72,89.41,2.9,0.105,20.8,1,NORMAL
2026-01-07 15:30:00,LOT_03,W_03,8,1,ETCHER_B,PATH_0037,1.02,74.58,13.93,84.38,2.67,0.049,21.43,1,ERR-G202
2026-01-07 15:35:00,LOT_03,W_03,9,1,ETCHER_B,PATH_0020,0.73,70.62,15.81,103.98,1.99,0.061,18.11,1,NORMAL
2026-01-07 15:40:00,LOT_03,W_03,0,2,ETCHER_B,PATH_0006,0.96,63.33,15.47,104.18,2.37,0.168,15.69,1,NORMAL
2026-01-07 15:45:00,LOT_03,W_03,1,2,ETCHER_B,PATH_0019,1.07,67.67,15.27,96.87,2.75,0.124,18.41,1,NORMAL
2026-01-07 15:50:00,LOT_03,W_03,2,2,ETCHER_B,PATH_0005,0.87,70.5,15.2,89.28,2.23,0.103,20.83,1,NORMAL
2026-01-07 15:55:00,LOT_03,W_03,3,2,ETCHER_B,PATH_0003,0.86,73.34,15.82,100.21,2.19,0.059,19.74,1,NORMAL
2026-01-07 16:00:00,LOT_03,W_03,4,2,ETCHER_B,PATH_0001,0.99,69.12,14.66,97.35,2.3,0.119,17.87,1,NORMAL
2026-01-07 16:05:00,LOT_03,W_03,5,2,ETCHER_B,PATH_0038,0.7,73.6,14.54,90.08,1.78,0.045,18.73,1,NORMAL
2026-01-07 16:10:00,LOT_03,W_03,6,2,ETCHER_B,PATH_0015,0.97,68.0,14.78,98.97,2.47,0.113,18.68,1,NORMAL
2026-01-07 16:15:00,LOT_03,W_03,7,2,ETCHER_B,PATH_0034,1.31,70.9,15.52,101.27,3.21,0.122,21.59,1,NORMAL
2026-01-07 16:20:00,LOT_03,W_03,8,2,ETCHER_B,PATH_0035,0.99,68.1,15.27,94.57,2.36,0.108,17.68,1,NORMAL
2026-01-07 16:25:00,LOT_03,W_03,9,2,ETCHER_B,PATH_0049,1.19,68.13,14.49,96.76,2.9,0.15,19.57,1,NORMAL
2026-01-07 16:30:00,LOT_03,W_03,0,3,ETCHER_B,PATH_0025,1.12,74.75,13.81,94.28,2.83,0.087,22.28,1,NORMAL
2026-01-07 16:35:00,LOT_03,W_03,1,3,ETCHER_B,PATH_0024,0.93,73.16,15.11,99.78,2.42,0.062,19.06,1,NORMAL
2026-01-07 16:40:00,LOT_03,W_03,2,3,ETCHER_B,PATH_0012,1.01,75.28,14.51,92.59,2.56,0.043,21.45,1,NORMAL
2026-01-07 16:45:00,LOT_03,W_03,3,3,ETCHER_B,PATH_0018,1.26,69.91,14.66,108.24,3.0,0.138,21.08,1,NORMAL
2026-01-07 16:50:00,LOT_03,W_03,4,3,ETCHER_B,PATH_0015,1.12,69.89,15.24,98.48,2.9,0.106,18.32,1,NORMAL
2026-01-07 16:55:00,LOT_03,W_03,5,3,ETCHER_B,PATH_0044,0.89,74.85,14.1,97.6,2.17,0.041,20.41,1,NORMAL
2026-01-07 17:00:00,LOT_03,W_03,6,3,ETCHER_B,PATH_0016,1.01,73.35,15.14,100.44,2.53,0.069,20.54,1,NORMAL
2026-01-07 17:05:00,LOT_03,W_03,7,3,ETCHER_B,PATH_0027,0.95,72.5,14.5,85.91,2.34,0.077,20.05,1,ERR-G202
2026-01-07 17:10:00,LOT_03,W_03,8,3,ETCHER_B,PATH_0008,1.05,69.04,14.35,89.34,2.81,0.137,18.56,1,NORMAL
2026-01-07 17:15:00,LOT_03,W_03,9,3,ETCHER_B,PATH_0046,0.93,72.72,14.32,89.42,2.23,0.068,20.72,1,NORMAL
2026-01-07 17:20:00,LOT_03,W_03,0,4,ETCHER_B,PATH_0025,0.94,75.82,14.96,102.35,2.35,0.048,20.59,1,NORMAL
2026-01-07 17:25:00,LOT_03,W_03,1,4,ETCHER_B,PATH_0017,0.75,66.81,15.23,97.82,1.81,0.11,15.28,1,NORMAL
2026-01-07 17:30:00,LOT_03,W_03,2,4,ETCHER_B,PATH_0029,1.31,73.06,14.61,92.66,3.19,0.093,22.02,1,NORMAL
2026-01-07 17:35:00,LOT_03,W_03,3,4,ETCHER_B,PATH_0008,1.25,67.36,15.35,94.31,3.11,0.152,19.06,1,NORMAL
2026-01-07 17:40:00,LOT_03,W_03,4,4,ETCHER_B,PATH_0015,0.89,69.1,15.65,94.49,2.11,0.079,20.3,1,NORMAL
2026-01-07 17:45:00,LOT_03,W_03,5,4,ETCHER_B,PATH_0027,1.36,70.72,14.14,97.18,3.39,0.131,20.34,1,NORMAL
2026-01-07 17:50:00,LOT_03,W_03,6,4,ETCHER_B,PATH_0046,1.1,74.37,14.77,90.99,2.85,0.083,20.6,1,NORMAL
2026-01-07 17:55:00,LOT_03,W_03,7,4,ETCHER_B,PATH_0007,1.23,72.05,14.96,95.68,3.24,0.109,20.35,1,NORMAL
2026-01-07 18:00:00,LOT_03,W_03,8,4,ETCHER_B,PATH_0003,0.93,68.48,15.7,97.04,2.21,0.112,16.83,1,NORMAL
2026-01-07 18:05:00,LOT_03,W_03,9,4,ETCHER_B,PATH_0029,0.95,68.95,14.79,103.09,2.42,0.095,15.93,1,NORMAL
2026-01-07 18:10:00,LOT_03,W_03,0,5,ETCHER_B,PATH_0044,0.99,65.66,15.15,86.09,2.63,0.145,18.2,1,ERR-G202
2026-01-07 18:15:00,LOT_03,W_03,1,5,ETCHER_B,PATH_0024,0.93,76.85,15.13,95.79,2.26,0.005,22.63,1,NORMAL
2026-01-07 18:20:00,LOT_03,W_03,2,5,ETCHER_B,PATH_0003,1.05,62.98,15.47,94.29,2.48,0.167,15.41,1,NORMAL
2026-01-07 18:25:00,LOT_03,W_03,3,5,ETCHER_B,PATH_0020,0.87,75.1,14.65,99.37,2.09,0.041,20.65,1,NORMAL
2026-01-07 18:30:00,LOT_03,W_03,4,5,ETCHER_B,PATH_0046,1.16,71.52,15.37,103.71,2.86,0.08,20.08,1,NORMAL
2026-01-07 18:35:00,LOT_03,W_03,5,5,ETCHER_B,PATH_0015,1.18,77.42,15.05,100.57,2.91,0.053,23.32,1,NORMAL
2026-01-07 18:40:00,LOT_03,W_03,6,5,ETCHER_B,PATH_0025,0.92,77.03,15.46,97.64,2.23,0.034,21.17,1,NORMAL
2026-01-07 18:45:00,LOT_03,W_03,7,5,ETCHER_B,PATH_0030,0.78,71.32,14.83,91.8,1.92,0.068,,1,NORMAL
2026-01-07 18:50:00,LOT_03,W_03,8,5,ETCHER_B,PATH_0014,1.02,74.99,15.19,99.56,2.46,0.057,21.38,1,NORMAL
2026-01-07 18:55:00,LOT_03,W_03,9,5,ETCHER_B,PATH_0007,0.88,71.65,15.42,92.68,2.23,0.064,19.07,1,NORMAL
2026-01-07 19:00:00,LOT_03,W_03,0,6,ETCHER_B,PATH_0017,1.3,64.77,15.18,94.85,3.31,0.173,18.91,1,NORMAL
2026-01-07 19:05:00,LOT_03,W_03,1,6,ETCHER_B,PATH_0044,0.8,72.73,15.62,97.79,2.02,0.053,19.75,1,NORMAL
2026-01-07 19:10:00,LOT_03,W_03,2,6,ETCHER_B,PATH_0020,0.95,65.16,14.81,97.66,2.3,0.15,15.94,1,NORMAL
2026-01-07 19:15:00,LOT_03,W_03,3,6,ETCHER_B,PATH_0036,1.2,71.47,16.09,91.99,2.92,0.106,20.23,1,NORMAL
2026-01-07 19:20:00,LOT_03,W_03,4,6,ETCHER_B,PATH_0009,1.16,63.55,14.57,98.65,3.08,0.177,16.52,1,NORMAL
2026-01-07 19:25:00,LOT_03,W_03,5,6,ETCHER_B,PATH_0038,1.11,68.99,14.5,102.88,2.75,0.121,19.72,1,NORMAL
2026-01-07 19:30:00,LOT_03,W_03,6,6,ETCHER_B,PATH_0048,1.09,65.4,14.48,93.77,2.76,0.152,17.77,1,NORMAL
2026-01-07 19:35:00,LOT_03,W_03,7,6,ETCHER_B,PATH_0022,1.02,79.8,14.88,109.58,2.56,-0.018,21.39,0,ERR-T101
2026-01-07 19:40:00,LOT_03,W_03,8,6,ETCHER_B,PATH_0002,0.81,69.1,15.8,104.45,2.03,0.085,19.39,1,NORMAL
2026-01-07 19:45:00,LOT_03,W_03,9,6,ETCHER_B,PATH_0024,1.03,74.84,15.22,92.92,2.52,0.056,21.63,1,NORMAL
2026-01-07 19:50:00,LOT_03,W_03,0,7,ETCHER_B,PATH_0008,1.14,66.76,14.97,93.81,2.86,0.152,18.64,1,NORMAL
2026-01-07 19:55:00,LOT_03,W_03,1,7,ETCHER_B,PATH_0011,0.81,70.79,14.69,94.41,1.88,0.086,17.82,1,NORMAL
2026-01-07 20:00:00,LOT_03,W_03,2,7,ETCHER_B,PATH_0013,0.88,71.42,14.1,98.92,2.27,0.082,20.16,1,NORMAL
2026-01-07 20:05:00,LOT_03,W_03,3,7,ETCHER_B,PATH_0017,1.35,71.44,15.3,93.87,3.32,0.112,21.14,1,NORMAL
2026-01-07 20:10:00,LOT_03,W_03,4,7,ETCHER_B,PATH_0008,1.01,71.52,14.72,99.52,2.56,0.088,21.29,1,NORMAL
2026-01-07 20:15:00,LOT_03,W_03,5,7,ETCHER_B,PATH_0021,1.31,68.47,15.26,91.74,3.1,0.141,21.41,1,NORMAL
2026-01-07 20:20:00,LOT_03,W_03,6,7,ETCHER_B,PATH_0018,1.27,77.31,13.72,91.8,3.24,0.067,,1,NORMAL
2026-01-07 20:25:00,LOT_03,W_03,7,7,ETCHER_B,PATH_0030,1.23,70.99,15.27,96.09,3.0,0.098,20.65,1,NORMAL
2026-01-07 20:30:00,LOT_03,W_03,8,7,ETCHER_B,PATH_0018,0.75,72.78,16.02,98.04,1.91,0.053,19.38,1,NORMAL
2026-01-07 20:35:00,LOT_03,W_03,9,7,ETCHER_B,PATH_0046,0.89,74.25,14.67,90.78,2.23,0.042,18.72,1,NORMAL
2026-01-07 20:40:00,LOT_03,W_03,0,8,ETCHER_B,PATH_0047,1.37,74.25,16.02,88.62,3.39,0.107,23.47,1,NORMAL
2026-01-07 20:45:00,LOT_03,W_03,1,8,ETCHER_B,PATH_0031,1.21,74.07,14.75,101.33,2.94,0.084,22.5,1,NORMAL
2026-01-07 20:50:00,LOT_03,W_03,2,8,ETCHER_B,PATH_0038,0.81,72.91,14.89,93.04,2.06,0.046,20.36,1,NORMAL
2026-01-07 20:55:00,LOT_03,W_03,3,8,ETCHER_B,PATH_0032,1.38,73.28,14.9,92.38,3.33,0.088,24.01,1,NORMAL
2026-01-07 21:00:00,LOT_03,W_03,4,8,ETCHER_B,PATH_0011,0.92,74.05,14.95,87.03,2.32,0.025,22.54,1,ERR-G202
2026-01-07 21:05:00,LOT_03,W_03,5,8,ETCHER_B,PATH_0045,0.82,68.18,16.23,106.98,2.23,0.11,17.7,1,NORMAL
2026-01-07 21:10:00,LOT_03,W_03,6,8,ETCHER_B,PATH_0025,0.9,73.32,15.22,95.72,2.03,0.066,20.78,1,NORMAL
2026-01-07 21:15:00,LOT_03,W_03,7,8,ETCHER_B,PATH_0033,1.18,75.88,15.06,97.93,3.04,0.06,23.14,1,NORMAL
2026-01-07 21:20:00,LOT_03,W_03,8,8,ETCHER_B,PATH_0038,0.73,70.55,14.42,90.83,1.69,0.06,16.9,1,NORMAL
2026-01-07 21:25:00,LOT_03,W_03,9,8,ETCHER_B,PATH_0041,0.78,71.1,13.94,100.73,1.87,0.099,16.82,1,NORMAL
2026-01-07 21:30:00,LOT_03,W_03,0,9,ETCHER_B,PATH_0008,1.39,67.2,14.94,101.98,3.42,0.154,19.94,1,NORMAL
2026-01-07 21:35:00,LOT_03,W_03,1,9,ETCHER_B,PATH_0011,0.85,65.92,14.9,99.79,2.2,0.128,18.01,1,NORMAL
2026-01-07 21:40:00,LOT_03,W_03,2,9,ETCHER_B,PATH_0022,1.33,72.59,14.84,94.23,3.35,0.103,20.95,1,NORMAL
2026-01-07 21:45:00,LOT_03,W_03,3,9,ETCHER_B,PATH_0024,0.78,67.73,14.94,97.88,2.14,0.107,17.23,1,NORMAL
2026-01-07 21:50:00,LOT_03,W_03,4,9,ETCHER_B,PATH_0041,1.27,63.95,15.21,100.16,3.1,0.176,17.91,1,NORMAL
2026-01-07 21:55:00,LOT_03,W_03,5,9,ETCHER_B,PATH_0017,0.84,63.87,14.91,95.11,2.12,0.142,16.48,1,NORMAL
2026-01-07 22:00:00,LOT_03,W_03,6,9,ETCHER_B,PATH_0012,0.9,71.3,15.42,97.16,2.36,0.069,19.73,1,NORMAL
2026-01-07 22:05:00,LOT_03,W_03,7,9,ETCHER_B,PATH_0046,1.29,75.92,14.66,95.86,3.32,0.083,21.21,1,NORMAL
2026-01-07 22:10:00,LOT_03,W_03,8,9,ETCHER_B,PATH_0032,0.93,77.47,14.78,90.65,2.41,0.024,23.73,1,NORMAL
2026-01-07 22:15:00,LOT_03,W_03,9,9,ETCHER_B,PATH_0015,1.18,77.43,14.54,103.66,3.12,0.045,23.59,1,NORMAL
2026-01-07 22:20:00,LOT_03,W_04,0,0,ETCHER_A,PATH_0016,0.77,64.58,15.68,100.82,2.04,0.127,16.7,1,NORMAL
2026-01-07 22:25:00,LOT_03,W_04,1,0,ETCHER_A,PATH_0022,1.0,66.3,14.63,101.61,2.4,0.152,16.76,1,NORMAL
2026-01-07 22:30:00,LOT_03,W_04,2,0,ETCHER_A,PATH_0028,1.31,63.59,14.81,102.64,3.13,0.19,17.8,1,NORMAL
2026-01-07 22:35:00,LOT_03,W_04,3,0,ETCHER_A,PATH_0020,1.18,62.65,14.83,99.29,2.95,0.194,17.63,1,NORMAL
2026-01-07 22:40:00,LOT_03,W_04,4,0,ETCHER_A,PATH_0033,1.13,77.77,15.15,93.55,2.85,0.024,24.33,1,NORMAL
2026-01-07 22:45:00,LOT_03,W_04,5,0,ETCHER_A,PATH_0010,0.93,66.11,15.11,95.37,2.5,0.131,17.66,1,NORMAL
2026-01-07 22:50:00,LOT_03,W_04,6,0,ETCHER_A,PATH_0040,1.02,64.83,14.48,98.57,2.4,0.144,18.1,1,NORMAL
2026-01-07 22:55:00,LOT_03,W_04,7,0,ETCHER_A,PATH_0032,1.29,65.5,15.65,100.95,3.22,0.173,,1,NORMAL
2026-01-07 23:00:00,LOT_03,W_04,8,0,ETCHER_A,PATH_0033,0.97,79.44,15.05,95.04,2.59,0.028,23.07,1,NORMAL
2026-01-07 23:05:00,LOT_03,W_04,9,0,ETCHER_A,PATH_0002,0.88,67.52,15.13,99.95,2.14,0.116,16.5,1,NORMAL
2026-01-07 23:10:00,LOT_03,W_04,0,1,ETCHER_A,PATH_0033,1.38,64.4,15.42,99.18,3.43,0.201,18.56,1,NORMAL
2026-01-07 23:15:00,LOT_03,W_04,1,1,ETCHER_A,PATH_0033,1.2,62.83,15.24,99.64,3.16,0.189,16.43,1,NORMAL
2026-01-07 23:20:00,LOT_03,W_04,2,1,ETCHER_A,PATH_0041,1.15,66.55,15.28,102.14,2.74,0.173,20.68,1,NORMAL
2026-01-07 23:25:00,LOT_03,W_04,3,1,ETCHER_A,PATH_0013,1.3,64.43,15.52,98.6,3.07,0.174,19.73,1,NORMAL
2026-01-07 23:30:00,LOT_03,W_04,4,1,ETCHER_A,PATH_0030,1.12,65.35,14.76,99.81,2.71,0.164,17.52,1,NORMAL
2026-01-07 23:35:00,LOT_03,W_04,5,1,ETCHER_A,PATH_0033,0.91,63.39,13.86,100.74,2.03,0.155,15.63,1,NORMAL
2026-01-07 23:40:00,LOT_03,W_04,6,1,ETCHER_A,PATH_0013,0.94,64.23,15.31,99.08,2.42,0.153,15.62,1,NORMAL
2026-01-07 23:45:00,LOT_03,W_04,7,1,ETCHER_A,PATH_0026,0.94,69.47,14.98,99.53,2.36,0.09,18.77,1,NORMAL
2026-01-07 23:50:00,LOT_03,W_04,8,1,ETCHER_A,PATH_0022,0.86,65.41,15.21,101.57,2.14,0.129,16.1,1,NORMAL
2026-01-07 23:55:00,LOT_03,W_04,9,1,ETCHER_A,PATH_0039,0.71,63.48,15.44,102.42,1.92,0.141,16.08,1,NORMAL
2026-01-08 00:00:00,LOT_03,W_04,0,2,ETCHER_A,PATH_0002,1.29,66.28,14.26,98.02,3.28,0.178,19.1,1,NORMAL
2026-01-08 00:05:00,LOT_03,W_04,1,2,ETCHER_A,PATH_0038,1.12,62.8,15.36,100.37,2.89,0.174,17.41,1,NORMAL
2026-01-08 00:10:00,LOT_03,W_04,2,2,ETCHER_A,PATH_0039,1.37,66.91,16.09,100.04,3.36,0.146,21.76,1,NORMAL
2026-01-08 00:15:00,LOT_03,W_04,3,2,ETCHER_A,PATH_0026,0.71,66.6,14.56,98.68,1.84,0.099,15.62,1,NORMAL
2026-01-08 00:20:00,LOT_03,W_04,4,2,ETCHER_A,PATH_0046,1.04,66.3,14.82,101.34,2.59,0.127,,1,NORMAL
2026-01-08 00:25:00,LOT_03,W_04,5,2,ETCHER_A,PATH_0015,1.04,64.2,14.38,98.27,2.47,0.176,16.54,1,NORMAL
2026-01-08 00:30:00,LOT_03,W_04,6,2,ETCHER_A,PATH_0034,1.2,64.23,13.51,99.36,3.05,0.179,17.7,1,NORMAL
2026-01-08 00:35:00,LOT_03,W_04,7,2,ETCHER_A,PATH_0042,1.27,64.12,14.96,100.19,3.12,0.179,17.46,1,NORMAL
2026-01-08 00:40:00,LOT_03,W_04,8,2,ETCHER_A,PATH_0044,0.97,62.23,15.65,100.63,2.24,0.16,15.71,1,NORMAL
2026-01-08 00:45:00,LOT_03,W_04,9,2,ETCHER_A,PATH_0049,0.94,65.73,14.8,100.72,2.32,0.137,17.7,1,NORMAL
2026-01-08 00:50:00,LOT_03,W_04,0,3,ETCHER_A,PATH_0040,1.2,65.03,15.17,101.66,3.06,0.169,19.23,1,NORMAL
2026-01-08 00:55:00,LOT_03,W_04,1,3,ETCHER_A,PATH_0011,1.3,65.5,15.17,101.11,3.25,0.184,17.96,1,NORMAL
2026-01-08 01:00:00,LOT_03,W_04,2,3,ETCHER_A,PATH_0003,0.74,66.27,15.1,102.19,1.74,0.118,15.02,1,NORMAL
2026-01-08 01:05:00,LOT_03,W_04,3,3,ETCHER_A,PATH_0006,1.31,63.19,15.74,96.4,3.23,0.186,17.89,1,NORMAL
2026-01-08 01:10:00,LOT_03,W_04,4,3,ETCHER_A,PATH_0009,0.85,66.23,14.36,99.73,1.97,0.131,16.67,1,NORMAL
2026-01-08 01:15:00,LOT_03,W_04,5,3,ETCHER_A,PATH_0006,0.8,61.74,15.41,99.54,2.17,0.151,15.17,1,NORMAL
2026-01-08 01:20:00,LOT_03,W_04,6,3,ETCHER_A,PATH_0009,1.27,64.86,15.22,99.94,3.21,0.156,20.48,1,NORMAL
2026-01-08 01:25:00,LOT_03,W_04,7,3,ETCHER_A,PATH_0039,1.02,65.81,15.31,99.38,2.63,0.136,16.33,1,NORMAL
2026-01-08 01:30:00,LOT_03,W_04,8,3,ETCHER_A,PATH_0031,0.81,66.72,15.2,97.25,2.28,0.119,17.51,1,NORMAL
2026-01-08 01:35:00,LOT_03,W_04,9,3,ETCHER_A,PATH_0032,1.05,64.96,15.73,101.13,2.77,0.146,17.67,1,NORMAL
2026-01-08 01:40:00,LOT_03,W_04,0,4,ETCHER_A,PATH_0041,0.76,65.72,15.22,98.97,2.09,0.117,15.65,1,NORMAL
2026-01-08 01:45:00,LOT_03,W_04,1,4,ETCHER_A,PATH_0012,1.24,66.65,15.65,99.03,3.16,0.167,18.27,1,NORMAL
2026-01-08 01:50:00,LOT_03,W_04,2,4,ETCHER_A,PATH_0008,1.06,63.04,15.46,99.29,2.48,0.165,17.67,1,NORMAL
2026-01-08 01:55:00,LOT_03,W_04,3,4,ETCHER_A,PATH_0008,1.23,63.1,14.66,98.23,3.03,0.19,17.49,1,NORMAL
2026-01-08 02:00:00,LOT_03,W_04,4,4,ETCHER_A,PATH_0028,1.24,67.81,15.47,99.91,3.16,0.129,19.31,1,NORMAL
2026-01-08 02:05:00,LOT_03,W_04,5,4,ETCHER_A,PATH_0020,1.16,65.35,14.45,99.91,3.14,0.177,17.54,1,NORMAL
2026-01-08 02:10:00,LOT_03,W_04,6,4,ETCHER_A,PATH_0047,0.71,62.66,15.17,100.7,1.75,0.145,13.4,1,NORMAL
2026-01-08 02:15:00,LOT_03,W_04,7,4,ETCHER_A,PATH_0007,0.94,62.96,14.69,98.95,2.46,0.165,16.8,1,NORMAL
2026-01-08 02:20:00,LOT_03,W_04,8,4,ETCHER_A,PATH_0011,1.22,66.94,14.43,100.25,2.98,0.176,20.17,1,NORMAL
2026-01-08 02:25:00,LOT_03,W_04,9,4,ETCHER_A,PATH_0020,1.06,63.89,15.02,98.76,2.64,0.164,,1,NORMAL
2026-01-08 02:30:00,LOT_03,W_04,0,5,ETCHER_A,PATH_0016,1.34,63.85,14.79,97.62,3.42,0.191,20.36,1,NORMAL
2026-01-08 02:35:00,LOT_03,W_04,1,5,ETCHER_A,PATH_0004,1.2,65.5,15.54,99.47,3.03,0.146,18.78,1,NORMAL
2026-01-08 02:40:00,LOT_03,W_04,2,5,ETCHER_A,PATH_0006,1.37,76.41,14.53,94.9,3.4,0.076,24.28,1,NORMAL
2026-01-08 02:45:00,LOT_03,W_04,3,5,ETCHER_A,PATH_0022,1.39,74.78,15.52,97.01,3.45,0.089,23.11,1,NORMAL
2026-01-08 02:50:00,LOT_03,W_04,4,5,ETCHER_A,PATH_0026,1.26,64.23,15.21,98.86,3.0,0.192,18.8,1,NORMAL
2026-01-08 02:55:00,LOT_03,W_04,5,5,ETCHER_A,PATH_0003,0.86,64.3,14.67,99.34,2.18,0.143,15.26,1,NORMAL
2026-01-08 03:00:00,LOT_03,W_04,6,5,ETCHER_A,PATH_0041,1.31,65.68,15.54,99.56,3.3,0.173,19.57,1,NORMAL
2026-01-08 03:05:00,LOT_03,W_04,7,5,ETCHER_A,PATH_0042,1.33,63.7,15.14,102.47,3.2,0.182,17.49,1,NORMAL
2026-01-08 03:10:00,LOT_03,W_04,8,5,ETCHER_A,PATH_0014,0.88,63.9,14.32,97.93,2.22,0.146,16.34,1,NORMAL
2026-01-08 03:15:00,LOT_03,W_04,9,5,ETCHER_A,PATH_0011,1.05,65.08,15.32,97.72,2.59,0.159,16.83,1,NORMAL
2026-01-08 03:20:00,LOT_03,W_04,0,6,ETCHER_A,PATH_0018,1.22,64.2,14.61,100.73,3.18,0.168,16.46,1,NORMAL
2026-01-08 03:25:00,LOT_03,W_04,1,6,ETCHER_A,PATH_0012,1.36,62.46,15.96,100.44,3.46,0.212,17.31,1,NORMAL
2026-01-08 03:30:00,LOT_03,W_04,2,6,ETCHER_A,PATH_0023,0.86,67.17,15.58,101.2,2.07,0.11,18.13,1,NORMAL
2026-01-08 03:35:00,LOT_03,W_04,3,6,ETCHER_A,PATH_0012,1.19,74.29,15.23,93.85,2.93,0.065,21.64,1,NORMAL
2026-01-08 03:40:00,LOT_03,W_04,4,6,ETCHER_A,PATH_0013,0.83,65.68,15.65,99.39,2.02,0.121,15.82,1,NORMAL
2026-01-08 03:45:00,LOT_03,W_04,5,6,ETCHER_A,PATH_0025,0.85,63.48,15.4,100.42,2.33,0.163,16.88,1,NORMAL
2026-01-08 03:50:00,LOT_03,W_04,6,6,ETCHER_A,PATH_0045,1.21,65.06,16.18,101.6,3.01,0.142,18.15,1,NORMAL
2026-01-08 03:55:00,LOT_03,W_04,7,6,ETCHER_A,PATH_0019,1.27,65.06,15.22,100.26,3.04,0.18,18.73,1,NORMAL
2026-01-08 04:00:00,LOT_03,W_04,8,6,ETCHER_A,PATH_0046,0.96,65.19,14.64,96.85,2.49,0.152,17.38,1,NORMAL
2026-01-08 04:05:00,LOT_03,W_04,9,6,ETCHER_A,PATH_0036,0.88,63.09,15.14,101.08,2.2,0.162,14.67,1,NORMAL
2026-01-08 04:10:00,LOT_03,W_04,0,7,ETCHER_A,PATH_0045,1.2,67.32,14.59,97.75,2.89,0.139,18.78,1,NORMAL
2026-01-08 04:15:00,LOT_03,W_04,1,7,ETCHER_A,PATH_0008,1.24,62.44,15.42,97.0,3.17,0.209,17.02,1,NORMAL
2026-01-08 04:20:00,LOT_03,W_04,2,7,ETCHER_A,PATH_0029,1.13,66.34,15.24,99.04,2.78,0.158,20.02,1,NORMAL
2026-01-08 04:25:00,LOT_03,W_04,3,7,ETCHER_A,PATH_0032,1.19,65.26,15.53,101.6,2.74,0.178,17.06,1,NORMAL
2026-01-08 04:30:00,LOT_03,W_04,4,7,ETCHER_A,PATH_0044,0.94,66.55,14.68,100.17,2.48,0.13,18.39,1,NORMAL
2026-01-08 04:35:00,LOT_03,W_04,5,7,ETCHER_A,PATH_0018,0.81,75.95,15.02,97.08,1.95,0.033,21.17,1,NORMAL
2026-01-08 04:40:00,LOT_03,W_04,6,7,ETCHER_A,PATH_0006,1.11,67.34,14.23,100.72,2.96,0.154,,1,NORMAL
2026-01-08 04:45:00,LOT_03,W_04,7,7,ETCHER_A,PATH_0018,1.17,65.87,14.73,98.29,2.86,0.161,,1,NORMAL
2026-01-08 04:50:00,LOT_03,W_04,8,7,ETCHER_A,PATH_0019,1.03,65.71,14.37,98.41,2.79,0.168,18.69,1,NORMAL
2026-01-08 04:55:00,LOT_03,W_04,9,7,ETCHER_A,PATH_0022,1.25,65.67,14.68,101.16,3.02,0.166,18.8,1,NORMAL
2026-01-08 05:00:00,LOT_03,W_04,0,8,ETCHER_A,PATH_0037,1.2,61.53,15.06,100.61,3.11,0.195,17.3,1,NORMAL
2026-01-08 05:05:00,LOT_03,W_04,1,8,ETCHER_A,PATH_0032,1.08,63.23,14.85,98.84,2.64,0.184,16.14,1,NORMAL
2026-01-08 05:10:00,LOT_03,W_04,2,8,ETCHER_A,PATH_0041,1.15,61.32,14.36,99.73,2.87,0.199,16.6,1,NORMAL
2026-01-08 05:15:00,LOT_03,W_04,3,8,ETCHER_A,PATH_0003,0.97,63.24,15.43,97.2,2.34,0.153,15.78,1,NORMAL
2026-01-08 05:20:00,LOT_03,W_04,4,8,ETCHER_A,PATH_0028,0.85,63.88,15.2,100.19,2.18,0.136,12.94,1,NORMAL
2026-01-08 05:25:00,LOT_03,W_04,5,8,ETCHER_A,PATH_0010,1.38,64.16,14.87,99.87,3.28,0.199,18.47,1,NORMAL
2026-01-08 05:30:00,LOT_03,W_04,6,8,ETCHER_A,PATH_0035,1.39,64.35,15.47,102.64,3.63,0.186,19.63,1,NORMAL
2026-01-08 05:35:00,LOT_03,W_04,7,8,ETCHER_A,PATH_0029,1.13,65.81,14.62,99.92,2.94,0.174,18.53,1,NORMAL
2026-01-08 05:40:00,LOT_03,W_04,8,8,ETCHER_A,PATH_0015,1.33,63.28,14.97,102.43,3.29,0.211,17.7,1,NORMAL
2026-01-08 05:45:00,LOT_03,W_04,9,8,ETCHER_A,PATH_0033,1.39,83.01,14.89,96.51,3.3,0.019,24.32,1,NORMAL
2026-01-08 05:50:00,LOT_03,W_04,0,9,ETCHER_A,PATH_0007,0.92,64.01,14.97,99.21,2.3,0.153,17.12,1,NORMAL
2026-01-08 05:55:00,LOT_03,W_04,1,9,ETCHER_A,PATH_0012,1.18,65.15,13.29,99.73,3.02,0.19,16.67,1,NORMAL
2026-01-08 06:00:00,LOT_03,W_04,2,9,ETCHER_A,PATH_0049,1.22,66.17,14.98,98.15,3.05,0.168,17.97,1,NORMAL
2026-01-08 06:05:00,LOT_03,W_04,3,9,ETCHER_A,PATH_0030,0.88,59.97,15.37,101.37,2.09,0.195,14.43,1,NORMAL
2026-01-08 06:10:00,LOT_03,W_04,4,9,ETCHER_A,PATH_0021,0.97,66.8,15.14,99.08,2.39,0.127,16.31,1,NORMAL
2026-01-08 06:15:00,LOT_03,W_04,5,9,ETCHER_A,PATH_0031,0.87,81.77,14.31,98.5,2.24,-0.021,23.56,0,ERR-T101
2026-01-08 06:20:00,LOT_03,W_04,6,9,ETCHER_A,PATH_0024,1.2,67.15,14.74,100.68,3.12,0.134,20.21,1,NORMAL
2026-01-08 06:25:00,LOT_03,W_04,7,9,ETCHER_A,PATH_0020,0.71,65.69,14.91,96.18,1.95,0.12,16.24,1,NORMAL
2026-01-08 06:30:00,LOT_03,W_04,8,9,ETCHER_A,PATH_0037,1.31,61.85,15.87,99.74,3.2,0.206,17.2,1,NORMAL
2026-01-08 06:35:00,LOT_03,W_04,9,9,ETCHER_A,PATH_0004,1.28,63.7,15.18,100.27,3.41,0.184,17.23,1,NORMAL
2026-01-08 06:40:00,LOT_04,W_00,0,0,ETCHER_B,PATH_0028,0.77,75.65,15.32,100.76,2.0,0.01,19.16,1,NORMAL
2026-01-08 06:45:00,LOT_04,W_00,1,0,ETCHER_B,PATH_0044,1.31,72.92,14.83,99.74,3.21,0.09,23.31,1,NORMAL
2026-01-08 06:50:00,LOT_04,W_00,2,0,ETCHER_B,PATH_0020,0.79,69.71,15.41,93.13,2.0,0.087,17.62,1,NORMAL
2026-01-08 06:55:00,LOT_04,W_00,3,0,ETCHER_B,PATH_0024,1.19,65.37,14.24,90.82,2.91,0.174,18.77,1,NORMAL
2026-01-08 07:00:00,LOT_04,W_00,4,0,ETCHER_B,PATH_0049,1.0,77.78,15.2,92.42,2.51,0.018,25.47,1,NORMAL
2026-01-08 07:05:00,LOT_04,W_00,5,0,ETCHER_B,PATH_0032,0.83,72.76,14.95,95.2,2.13,0.056,18.73,1,NORMAL
2026-01-08 07:10:00,LOT_04,W_00,6,0,ETCHER_B,PATH_0041,0.79,83.17,15.63,98.14,1.92,-0.05,20.09,0,ERR-T101
2026-01-08 07:15:00,LOT_04,W_00,7,0,ETCHER_B,PATH_0036,1.09,71.77,14.72,88.21,2.65,0.1,20.27,1,NORMAL
2026-01-08 07:20:00,LOT_04,W_00,8,0,ETCHER_B,PATH_0034,1.06,71.58,14.74,88.18,2.63,0.093,21.11,1,NORMAL
2026-01-08 07:25:00,LOT_04,W_00,9,0,ETCHER_B,PATH_0036,1.34,75.54,14.78,99.32,3.24,0.079,23.74,1,NORMAL
2026-01-08 07:30:00,LOT_04,W_00,0,1,ETCHER_B,PATH_0002,0.97,68.46,16.21,92.52,2.43,0.1,17.09,1,NORMAL
2026-01-08 07:35:00,LOT_04,W_00,1,1,ETCHER_B,PATH_0015,0.8,76.71,14.66,90.02,1.97,0.012,21.33,1,NORMAL
2026-01-08 07:40:00,LOT_04,W_00,2,1,ETCHER_B,PATH_0034,1.12,70.7,15.89,95.17,2.7,0.089,20.81,1,NORMAL
2026-01-08 07:45:00,LOT_04,W_00,3,1,ETCHER_B,PATH_0036,1.16,68.67,15.09,98.16,2.78,0.134,19.19,1,NORMAL
2026-01-08 07:50:00,LOT_04,W_00,4,1,ETCHER_B,PATH_0006,1.14,71.31,15.14,97.48,2.93,0.104,19.55,1,NORMAL
2026-01-08 07:55:00,LOT_04,W_00,5,1,ETCHER_B,PATH_0039,1.0,72.21,15.12,94.71,2.41,0.06,19.44,1,NORMAL
2026-01-08 08:00:00,LOT_04,W_00,6,1,ETCHER_B,PATH_0042,1.22,84.17,15.05,93.36,2.89,-0.02,23.86,0,ERR-T101
2026-01-08 08:05:00,LOT_04,W_00,7,1,ETCHER_B,PATH_0012,0.89,75.51,15.14,96.53,2.27,0.029,21.31,1,NORMAL
2026-01-08 08:10:00,LOT_04,W_00,8,1,ETCHER_B,PATH_0003,1.02,74.66,14.35,89.97,2.3,0.063,21.51,1,NORMAL
2026-01-08 08:15:00,LOT_04,W_00,9,1,ETCHER_B,PATH_0045,1.02,72.79,15.28,99.34,2.55,0.073,18.13,1,NORMAL
2026-01-08 08:20:00,LOT_04,W_00,0,2,ETCHER_B,PATH_0018,0.7,72.81,15.65,93.63,1.87,0.053,18.61,1,NORMAL
2026-01-08 08:25:00,LOT_04,W_00,1,2,ETCHER_B,PATH_0040,1.1,75.32,15.48,96.08,2.68,0.071,20.95,1,NORMAL
2026-01-08 08:30:00,LOT_04,W_00,2,2,ETCHER_B,PATH_0021,1.29,74.55,14.36,87.22,3.16,0.086,23.46,1,ERR-G202
2026-01-08 08:35:00,LOT_04,W_00,3,2,ETCHER_B,PATH_0015,0.97,83.59,15.32,89.96,2.39,-0.047,24.43,0,ERR-T101
2026-01-08 08:40:00,LOT_04,W_00,4,2,ETCHER_B,PATH_0033,1.16,74.42,14.74,93.67,3.02,0.072,20.02,1,NORMAL
2026-01-08 08:45:00,LOT_04,W_00,5,2,ETCHER_B,PATH_0035,1.2,69.93,14.47,100.32,2.95,0.107,17.72,1,NORMAL
2026-01-08 08:50:00,LOT_04,W_00,6,2,ETCHER_B,PATH_0026,0.96,68.69,14.96,97.63,2.49,0.109,18.22,1,NORMAL
2026-01-08 08:55:00,LOT_04,W_00,7,2,ETCHER_B,PATH_0008,1.15,72.77,14.8,100.03,2.9,0.093,20.64,1,NORMAL
2026-01-08 09:00:00,LOT_04,W_00,8,2,ETCHER_B,PATH_0036,0.97,75.74,14.87,96.53,2.43,0.041,21.58,1,NORMAL
2026-01-08 09:05:00,LOT_04,W_00,9,2,ETCHER_B,PATH_0048,0.81,72.91,14.86,94.3,1.96,0.048,20.23,1,NORMAL
2026-01-08 09:10:00,LOT_04,W_00,0,3,ETCHER_B,PATH_0030,1.31,72.74,14.72,89.76,3.13,0.109,22.13,1,NORMAL
2026-01-08 09:15:00,LOT_04,W_00,1,3,ETCHER_B,PATH_0023,1.02,70.63,13.96,99.47,2.66,0.092,18.9,1,NORMAL
2026-01-08 09:20:00,LOT_04,W_00,2,3,ETCHER_B,PATH_0042,1.39,72.97,15.39,108.23,3.62,0.094,21.91,1,NORMAL
2026-01-08 09:25:00,LOT_04,W_00,3,3,ETCHER_B,PATH_0044,1.24,68.65,15.17,95.86,3.23,0.135,18.24,1,NORMAL
2026-01-08 09:30:00,LOT_04,W_00,4,3,ETCHER_B,PATH_0014,1.01,73.34,14.81,93.91,2.47,0.064,18.67,1,NORMAL
2026-01-08 09:35:00,LOT_04,W_00,5,3,ETCHER_B,PATH_0014,0.99,71.7,15.38,91.49,2.43,0.09,20.58,1,NORMAL
2026-01-08 09:40:00,LOT_04,W_00,6,3,ETCHER_B,PATH_0002,1.19,69.1,15.62,94.82,2.81,0.117,19.71,1,NORMAL
2026-01-08 09:45:00,LOT_04,W_00,7,3,ETCHER_B,PATH_0037,0.99,76.21,15.35,88.61,2.49,0.038,19.71,1,NORMAL
2026-01-08 09:50:00,LOT_04,W_00,8,3,ETCHER_B,PATH_0005,0.82,71.93,15.05,95.18,2.09,0.054,18.58,1,NORMAL
2026-01-08 09:55:00,LOT_04,W_00,9,3,ETCHER_B,PATH_0038,1.1,68.74,15.43,91.12,2.74,0.121,20.38,1,NORMAL
2026-01-08 10:00:00,LOT_04,W_00,0,4,ETCHER_B,PATH_0045,1.35,80.71,14.37,95.74,3.37,0.025,26.12,1,NORMAL
2026-01-08 10:05:00,LOT_04,W_00,1,4,ETCHER_B,PATH_0041,1.33,71.95,15.24,99.79,3.41,0.112,21.56,1,NORMAL
2026-01-08 10:10:00,LOT_04,W_00,2,4,ETCHER_B,PATH_0047,0.97,68.08,14.91,94.65,2.36,0.11,17.38,1,NORMAL
2026-01-08 10:15:00,LOT_04,W_00,3,4,ETCHER_B,PATH_0014,1.13,67.07,15.53,87.38,2.8,0.135,18.48,1,ERR-G202
2026-01-08 10:20:00,LOT_04,W_00,4,4,ETCHER_B,PATH_0039,1.22,67.62,14.98,84.89,3.12,0.139,20.18,1,ERR-G202
2026-01-08 10:25:00,LOT_04,W_00,5,4,ETCHER_B,PATH_0025,0.74,70.3,15.4,86.78,1.84,0.06,18.43,1,ERR-G202
2026-01-08 10:30:00,LOT_04,W_00,6,4,ETCHER_B,PATH_0020,1.02,67.01,14.56,98.32,2.4,0.142,17.69,1,NORMAL
2026-01-08 10:35:00,LOT_04,W_00,7,4,ETCHER_B,PATH_0002,1.2,73.38,14.82,88.05,3.02,0.092,20.72,1,NORMAL
2026-01-08 10:40:00,LOT_04,W_00,8,4,ETCHER_B,PATH_0039,1.26,71.37,14.67,93.36,3.23,0.116,22.39,1,NORMAL
2026-01-08 10:45:00,LOT_04,W_00,9,4,ETCHER_B,PATH_0006,1.04,65.36,15.13,99.1,2.65,0.165,18.64,1,NORMAL
2026-01-08 10:50:00,LOT_04,W_00,0,5,ETCHER_B,PATH_0017,1.06,69.17,14.58,86.52,2.67,0.115,18.92,1,ERR-G202
2026-01-08 10:55:00,LOT_04,W_00,1,5,ETCHER_B,PATH_0025,1.27,79.35,15.04,83.79,3.09,0.025,24.88,1,ERR-G202
2026-01-08 11:00:00,LOT_04,W_00,2,5,ETCHER_B,PATH_0028,1.32,74.6,15.28,99.94,3.27,0.098,21.55,1,NORMAL
2026-01-08 11:05:00,LOT_04,W_00,3,5,ETCHER_B,PATH_0002,1.4,70.61,15.05,101.05,3.33,0.142,21.86,1,NORMAL
2026-01-08 11:10:00,LOT_04,W_00,4,5,ETCHER_B,PATH_0035,1.27,65.68,15.11,93.49,3.28,0.169,20.26,1,NORMAL
2026-01-08 11:15:00,LOT_04,W_00,5,5,ETCHER_B,PATH_0037,1.22,72.05,15.13,100.83,3.1,0.09,22.1,1,NORMAL
2026-01-08 11:20:00,LOT_04,W_00,6,5,ETCHER_B,PATH_0005,0.93,68.93,14.96,98.33,2.35,0.102,17.48,1,NORMAL
2026-01-08 11:25:00,LOT_04,W_00,7,5,ETCHER_B,PATH_0001,1.02,67.9,14.78,99.07,2.68,0.131,19.51,1,NORMAL
2026-01-08 11:30:00,LOT_04,W_00,8,5,ETCHER_B,PATH_0040,0.93,67.25,14.7,85.9,2.42,0.119,17.38,1,ERR-G202
2026-01-08 11:35:00,LOT_04,W_00,9,5,ETCHER_B,PATH_0012,1.28,76.7,15.69,102.84,3.14,0.056,23.93,1,NORMAL
2026-01-08 11:40:00,LOT_04,W_00,0,6,ETCHER_B,PATH_0036,1.17,66.2,14.41,95.93,2.72,0.153,18.21,1,NORMAL
2026-01-08 11:45:00,LOT_04,W_00,1,6,ETCHER_B,PATH_0045,1.23,67.91,14.13,100.39,3.19,0.145,18.98,1,NORMAL
2026-01-08 11:50:00,LOT_04,W_00,2,6,ETCHER_B,PATH_0023,1.02,76.28,14.91,88.62,2.47,0.064,22.21,1,NORMAL
2026-01-08 11:55:00,LOT_04,W_00,3,6,ETCHER_B,PATH_0047,1.2,75.52,14.8,95.64,2.96,0.058,22.17,1,NORMAL
2026-01-08 12:00:00,LOT_04,W_00,4,6,ETCHER_B,PATH_0031,0.9,65.43,14.91,95.05,2.29,0.132,16.12,1,NORMAL
2026-01-08 12:05:00,LOT_04,W_00,5,6,ETCHER_B,PATH_0011,0.84,78.95,15.38,90.52,2.15,-0.012,20.53,0,ERR-T101
2026-01-08 12:10:00,LOT_04,W_00,6,6,ETCHER_B,PATH_0010,0.85,79.12,15.14,99.1,2.08,-0.008,23.04,0,ERR-T101
2026-01-08 12:15:00,LOT_04,W_00,7,6,ETCHER_B,PATH_0003,0.9,70.84,14.82,92.27,2.21,0.08,,1,NORMAL
2026-01-08 12:20:00,LOT_04,W_00,8,6,ETCHER_B,PATH_0014,0.71,76.21,15.02,91.57,1.78,0.025,20.07,1,NORMAL
2026-01-08 12:25:00,LOT_04,W_00,9,6,ETCHER_B,PATH_0016,1.28,73.94,15.98,100.24,3.15,0.081,21.42,1,NORMAL
2026-01-08 12:30:00,LOT_04,W_00,0,7,ETCHER_B,PATH_0010,1.1,67.59,15.09,94.19,2.75,0.146,19.63,1,NORMAL
2026-01-08 12:35:00,LOT_04,W_00,1,7,ETCHER_B,PATH_0029,0.93,72.02,14.46,106.4,2.2,0.065,20.67,1,NORMAL
2026-01-08 12:40:00,LOT_04,W_00,2,7,ETCHER_B,PATH_0010,1.1,67.99,14.97,97.8,2.79,0.145,,1,NORMAL
2026-01-08 12:45:00,LOT_04,W_00,3,7,ETCHER_B,PATH_0012,0.89,77.28,15.08,92.69,2.13,0.021,20.07,1,NORMAL
2026-01-08 12:50:00,LOT_04,W_00,4,7,ETCHER_B,PATH_0030,1.19,70.4,14.35,99.46,2.82,0.107,20.3,1,NORMAL
2026-01-08 12:55:00,LOT_04,W_00,5,7,ETCHER_B,PATH_0041,0.73,71.46,14.37,92.22,1.94,0.066,16.83,1,NORMAL
2026-01-08 13:00:00,LOT_04,W_00,6,7,ETCHER_B,PATH_0001,1.27,73.55,16.03,96.6,3.15,0.087,21.09,1,NORMAL
2026-01-08 13:05:00,LOT_04,W_00,7,7,ETCHER_B,PATH_0005,1.4,68.94,15.49,95.41,3.6,0.153,21.75,1,NORMAL
2026-01-08 13:10:00,LOT_04,W_00,8,7,ETCHER_B,PATH_0020,1.16,69.87,15.08,89.61,2.92,0.106,20.59,1,NORMAL
2026-01-08 13:15:00,LOT_04,W_00,9,7,ETCHER_B,PATH_0008,0.78,72.2,14.6,97.84,2.11,0.063,18.16,1,NORMAL
2026-01-08 13:20:00,LOT_04,W_00,0,8,ETCHER_B,PATH_0043,1.36,76.54,14.57,92.32,3.48,0.087,22.75,1,NORMAL
2026-01-08 13:25:00,LOT_04,W_00,1,8,ETCHER_B,PATH_0012,0.95,71.78,15.24,91.85,2.25,0.068,20.47,1,NORMAL
2026-01-08 13:30:00,LOT_04,W_00,2,8,ETCHER_B,PATH_0001,1.14,75.18,15.31,88.66,2.76,0.056,21.27,1,NORMAL
2026-01-08 13:35:00,LOT_04,W_00,3,8,ETCHER_B,PATH_0020,1.07,81.48,14.86,102.6,2.8,-0.004,23.97,0,ERR-T101
2026-01-08 13:40:00,LOT_04,W_00,4,8,ETCHER_B,PATH_0028,1.2,73.32,14.84,95.94,3.24,0.092,21.18,1,NORMAL
2026-01-08 13:45:00,LOT_04,W_00,5,8,ETCHER_B,PATH_0043,1.0,75.39,15.44,101.11,2.43,0.021,22.45,1,NORMAL
2026-01-08 13:50:00,LOT_04,W_00,6,8,ETCHER_B,PATH_0037,1.02,73.63,14.12,101.21,2.6,0.068,22.96,1,NORMAL
2026-01-08 13:55:00,LOT_04,W_00,7,8,ETCHER_B,PATH_0047,0.96,77.06,15.8,92.49,2.49,0.018,20.25,1,NORMAL
2026-01-08 14:00:00,LOT_04,W_00,8,8,ETCHER_B,PATH_0037,1.01,68.7,14.62,99.45,2.63,0.099,17.97,1,NORMAL
2026-01-08 14:05:00,LOT_04,W_00,9,8,ETCHER_B,PATH_0012,1.25,70.51,15.16,97.46,3.05,0.121,19.12,1,NORMAL
2026-01-08 14:10:00,LOT_04,W_00,0,9,ETCHER_B,PATH_0037,1.38,79.47,14.66,93.77,3.48,0.038,23.99,1,NORMAL
2026-01-08 14:15:00,LOT_04,W_00,1,9,ETCHER_B,PATH_0049,1.05,65.43,14.54,93.51,2.46,0.136,17.76,1,NORMAL
2026-01-08 14:20:00,LOT_04,W_00,2,9,ETCHER_B,PATH_0049,1.31,76.35,14.01,101.18,3.4,0.069,21.24,1,NORMAL
2026-01-08 14:25:00,LOT_04,W_00,3,9,ETCHER_B,PATH_0044,0.77,79.19,14.82,100.71,1.91,-0.011,20.27,0,ERR-T101
2026-01-08 14:30:00,LOT_04,W_00,4,9,ETCHER_B,PATH_0028,1.26,70.35,14.99,91.29,3.36,0.133,19.33,1,NORMAL
2026-01-08 14:35:00,LOT_04,W_00,5,9,ETCHER_B,PATH_0047,1.12,79.38,15.69,111.52,2.71,0.015,23.72,1,NORMAL
2026-01-08 14:40:00,LOT_04,W_00,6,9,ETCHER_B,PATH_0015,1.39,72.03,14.39,98.45,3.41,0.112,21.37,1,NORMAL
2026-01-08 14:45:00,LOT_04,W_00,7,9,ETCHER_B,PATH_0006,0.75,70.96,15.36,92.5,1.75,0.067,19.42,1,NORMAL
2026-01-08 14:50:00,LOT_04,W_00,8,9,ETCHER_B,PATH_0044,0.7,71.1,15.06,97.99,1.78,0.068,18.85,1,NORMAL
2026-01-08 14:55:00,LOT_04,W_00,9,9,ETCHER_B,PATH_0020,0.89,70.91,15.73,95.78,2.27,0.09,17.63,1,NORMAL
2026-01-08 15:00:00,LOT_04,W_01,0,0,ETCHER_A,PATH_0014,0.94,61.94,15.21,98.65,2.41,0.168,17.29,1,NORMAL
2026-01-08 15:05:00,LOT_04,W_01,1,0,ETCHER_A,PATH_0002,0.99,65.86,15.08,102.89,2.37,0.131,15.57,1,NORMAL
2026-01-08 15:10:00,LOT_04,W_01,2,0,ETCHER_A,PATH_0009,1.11,68.04,15.53,98.4,2.6,0.153,19.63,1,NORMAL
2026-01-08 15:15:00,LOT_04,W_01,3,0,ETCHER_A,PATH_0037,1.1,66.29,15.94,99.09,2.75,0.127,18.08,1,NORMAL
2026-01-08 15:20:00,LOT_04,W_01,4,0,ETCHER_A,PATH_0020,0.73,64.1,15.4,98.83,1.65,0.148,15.52,1,NORMAL
2026-01-08 15:25:00,LOT_04,W_01,5,0,ETCHER_A,PATH_0026,1.26,68.69,14.33,101.44,3.15,0.156,19.34,1,NORMAL
2026-01-08 15:30:00,LOT_04,W_01,6,0,ETCHER_A,PATH_0029,1.32,64.73,14.76,98.94,3.24,0.175,18.54,1,NORMAL
2026-01-08 15:35:00,LOT_04,W_01,7,0,ETCHER_A,PATH_0001,0.75,66.25,15.17,99.92,1.68,0.123,15.99,1,NORMAL
2026-01-08 15:40:00,LOT_04,W_01,8,0,ETCHER_A,PATH_0035,1.14,67.29,14.1,101.78,2.85,0.145,20.15,1,NORMAL
2026-01-08 15:45:00,LOT_04,W_01,9,0,ETCHER_A,PATH_0006,1.34,65.8,14.2,100.28,3.33,0.173,16.57,1,NORMAL
2026-01-08 15:50:00,LOT_04,W_01,0,1,ETCHER_A,PATH_0037,1.22,68.6,14.07,98.8,2.98,0.135,18.95,1,NORMAL
2026-01-08 15:55:00,LOT_04,W_01,1,1,ETCHER_A,PATH_0005,1.13,64.24,15.29,100.81,2.73,0.168,16.47,1,NORMAL
2026-01-08 16:00:00,LOT_04,W_01,2,1,ETCHER_A,PATH_0033,1.13,64.48,15.11,102.24,2.94,0.169,16.77,1,NORMAL
2026-01-08 16:05:00,LOT_04,W_01,3,1,ETCHER_A,PATH_0049,1.32,64.34,15.08,99.45,3.38,0.176,,1,NORMAL
2026-01-08 16:10:00,LOT_04,W_01,4,1,ETCHER_A,PATH_0014,1.07,70.05,14.79,98.2,2.51,0.133,20.79,1,NORMAL
2026-01-08 16:15:00,LOT_04,W_01,5,1,ETCHER_A,PATH_0012,0.81,62.19,14.3,101.32,2.02,0.148,14.91,1,NORMAL
2026-01-08 16:20:00,LOT_04,W_01,6,1,ETCHER_A,PATH_0042,1.11,62.58,14.62,100.21,2.76,0.184,15.83,1,NORMAL
2026-01-08 16:25:00,LOT_04,W_01,7,1,ETCHER_A,PATH_0020,0.76,67.19,16.4,99.17,1.98,0.088,15.71,1,NORMAL
2026-01-08 16:30:00,LOT_04,W_01,8,1,ETCHER_A,PATH_0024,1.17,64.78,14.3,99.93,3.05,0.175,18.9,1,NORMAL
2026-01-08 16:35:00,LOT_04,W_01,9,1,ETCHER_A,PATH_0043,0.71,62.5,14.1,100.9,1.67,0.131,14.39,1,NORMAL
2026-01-08 16:40:00,LOT_04,W_01,0,2,ETCHER_A,PATH_0034,0.78,64.96,14.98,101.05,1.84,0.135,16.22,1,NORMAL
2026-01-08 16:45:00,LOT_04,W_01,1,2,ETCHER_A,PATH_0025,1.4,65.6,15.29,101.25,3.5,0.185,17.97,1,NORMAL
2026-01-08 16:50:00,LOT_04,W_01,2,2,ETCHER_A,PATH_0029,1.21,66.0,14.16,102.16,3.26,0.173,18.01,1,NORMAL
2026-01-08 16:55:00,LOT_04,W_01,3,2,ETCHER_A,PATH_0039,0.86,66.22,14.35,100.38,2.06,0.123,16.19,1,NORMAL
2026-01-08 17:00:00,LOT_04,W_01,4,2,ETCHER_A,PATH_0031,0.89,66.56,15.49,97.77,2.53,0.126,16.64,1,NORMAL
2026-01-08 17:05:00,LOT_04,W_01,5,2,ETCHER_A,PATH_0047,1.11,67.16,14.1,100.24,2.62,0.133,19.54,1,NORMAL
2026-01-08 17:10:00,LOT_04,W_01,6,2,ETCHER_A,PATH_0043,0.87,63.88,14.87,101.19,2.28,0.145,16.45,1,NORMAL
2026-01-08 17:15:00,LOT_04,W_01,7,2,ETCHER_A,PATH_0023,1.31,62.84,14.88,99.14,3.3,0.201,17.36,1,NORMAL
2026-01-08 17:20:00,LOT_04,W_01,8,2,ETCHER_A,PATH_0044,0.86,63.5,15.38,101.48,2.09,0.151,15.13,1,NORMAL
2026-01-08 17:25:00,LOT_04,W_01,9,2,ETCHER_A,PATH_0038,1.29,65.63,14.62,99.75,3.06,0.171,17.16,1,NORMAL
2026-01-08 17:30:00,LOT_04,W_01,0,3,ETCHER_A,PATH_0020,1.37,64.53,14.85,101.78,3.32,0.185,18.5,1,NORMAL
2026-01-08 17:35:00,LOT_04,W_01,1,3,ETCHER_A,PATH_0023,0.89,64.55,15.33,99.08,2.28,0.145,15.87,1,NORMAL
2026-01-08 17:40:00,LOT_04,W_01,2,3,ETCHER_A,PATH_0045,0.99,62.54,15.32,102.78,2.49,0.18,16.32,1,NORMAL
2026-01-08 17:45:00,LOT_04,W_01,3,3,ETCHER_A,PATH_0016,1.09,65.28,14.63,102.52,2.63,0.159,17.97,1,NORMAL
2026-01-08 17:50:00,LOT_04,W_01,4,3,ETCHER_A,PATH_0042,0.84,66.27,15.21,98.97,1.96,0.113,15.38,1,NORMAL
2026-01-08 17:55:00,LOT_04,W_01,5,3,ETCHER_A,PATH_0008,1.22,66.39,15.49,102.68,3.12,0.15,18.4,1,NORMAL
2026-01-08 18:00:00,LOT_04,W_01,6,3,ETCHER_A,PATH_0021,0.7,62.09,15.34,98.17,1.84,0.133,15.25,1,NORMAL
2026-01-08 18:05:00,LOT_04,W_01,7,3,ETCHER_A,PATH_0001,1.04,67.28,14.63,99.77,2.56,0.143,18.01,1,NORMAL
2026-01-08 18:10:00,LOT_04,W_01,8,3,ETCHER_A,PATH_0008,0.79,63.99,15.54,97.89,1.97,0.144,15.21,1,NORMAL
2026-01-08 18:15:00,LOT_04,W_01,9,3,ETCHER_A,PATH_0029,1.35,65.97,15.17,98.76,3.47,0.185,17.91,1,NORMAL
2026-01-08 18:20:00,LOT_04,W_01,0,4,ETCHER_A,PATH_0032,1.15,64.46,14.38,99.24,2.94,0.186,18.14,1,NORMAL
2026-01-08 18:25:00,LOT_04,W_01,1,4,ETCHER_A,PATH_0038,1.07,63.7,14.78,101.03,2.66,0.171,14.67,1,NORMAL
2026-01-08 18:30:00,LOT_04,W_01,2,4,ETCHER_A,PATH_0005,1.02,61.8,15.87,100.38,2.53,0.177,15.95,1,NORMAL
2026-01-08 18:35:00,LOT_04,W_01,3,4,ETCHER_A,PATH_0047,1.08,62.91,14.95,100.99,2.83,0.183,14.76,1,NORMAL
2026-01-08 18:40:00,LOT_04,W_01,4,4,ETCHER_A,PATH_0022,0.73,68.39,14.62,99.84,1.7,0.101,18.33,1,NORMAL
2026-01-08 18:45:00,LOT_04,W_01,5,4,ETCHER_A,PATH_0047,1.36,62.57,15.47,98.77,3.49,0.198,18.47,1,NORMAL
2026-01-08 18:50:00,LOT_04,W_01,6,4,ETCHER_A,PATH_0034,0.73,62.92,15.55,99.92,2.0,0.125,13.9,1,NORMAL
2026-01-08 18:55:00,LOT_04,W_01,7,4,ETCHER_A,PATH_0001,0.93,64.86,14.72,99.74,2.43,0.161,16.48,1,NORMAL
2026-01-08 19:00:00,LOT_04,W_01,8,4,ETCHER_A,PATH_0026,0.8,68.1,15.16,98.81,1.78,0.102,17.38,1,NORMAL
2026-01-08 19:05:00,LOT_04,W_01,9,4,ETCHER_A,PATH_0043,1.4,64.36,14.65,98.34,3.39,0.2,19.34,1,NORMAL
2026-01-08 19:10:00,LOT_04,W_01,0,5,ETCHER_A,PATH_0010,1.0,64.31,15.11,102.71,2.29,0.16,16.72,1,NORMAL
2026-01-08 19:15:00,LOT_04,W_01,1,5,ETCHER_A,PATH_0030,0.77,64.49,13.95,103.11,1.9,0.139,15.87,1,NORMAL
2026-01-08 19:20:00,LOT_04,W_01,2,5,ETCHER_A,PATH_0018,0.77,60.8,14.77,100.61,1.92,0.159,14.44,1,NORMAL
2026-01-08 19:25:00,LOT_04,W_01,3,5,ETCHER_A,PATH_0017,0.87,63.76,14.79,100.59,2.15,0.154,15.51,1,NORMAL
2026-01-08 19:30:00,LOT_04,W_01,4,5,ETCHER_A,PATH_0026,1.1,66.12,14.75,99.65,2.69,0.144,19.72,1,NORMAL
2026-01-08 19:35:00,LOT_04,W_01,5,5,ETCHER_A,PATH_0008,1.35,67.29,14.59,102.6,3.49,0.181,17.84,1,NORMAL
2026-01-08 19:40:00,LOT_04,W_01,6,5,ETCHER_A,PATH_0047,0.91,64.27,15.02,99.32,2.52,0.143,15.46,1,NORMAL
2026-01-08 19:45:00,LOT_04,W_01,7,5,ETCHER_A,PATH_0040,1.32,62.78,13.74,99.93,3.12,0.193,18.23,1,NORMAL
2026-01-08 19:50:00,LOT_04,W_01,8,5,ETCHER_A,PATH_0049,0.87,66.07,15.42,100.17,2.2,0.147,18.39,1,NORMAL
2026-01-08 19:55:00,LOT_04,W_01,9,5,ETCHER_A,PATH_0012,1.15,64.17,14.33,99.49,2.92,0.171,16.78,1,NORMAL
2026-01-08 20:00:00,LOT_04,W_01,0,6,ETCHER_A,PATH_0027,0.78,68.53,15.31,101.41,2.09,0.095,19.14,1,NORMAL
2026-01-08 20:05:00,LOT_04,W_01,1,6,ETCHER_A,PATH_0008,1.02,62.3,15.51,100.8,2.61,0.184,16.36,1,NORMAL
2026-01-08 20:10:00,LOT_04,W_01,2,6,ETCHER_A,PATH_0025,1.08,68.7,15.34,99.75,2.63,0.111,19.02,1,NORMAL
2026-01-08 20:15:00,LOT_04,W_01,3,6,ETCHER_A,PATH_0046,0.82,71.06,15.17,98.94,1.87,0.076,19.24,1,NORMAL
2026-01-08 20:20:00,LOT_04,W_01,4,6,ETCHER_A,PATH_0004,0.77,65.28,14.86,98.58,1.95,0.13,16.47,1,NORMAL
2026-01-08 20:25:00,LOT_04,W_01,5,6,ETCHER_A,PATH_0033,1.01,65.08,15.22,98.51,2.28,0.154,18.73,1,NORMAL
2026-01-08 20:30:00,LOT_04,W_01,6,6,ETCHER_A,PATH_0001,1.02,62.74,14.66,100.84,2.52,0.178,16.25,1,NORMAL
2026-01-08 20:35:00,LOT_04,W_01,7,6,ETCHER_A,PATH_0019,0.94,64.58,14.97,99.83,2.22,0.145,16.1,1,NORMAL
2026-01-08 20:40:00,LOT_04,W_01,8,6,ETCHER_A,PATH_0031,1.1,67.38,15.18,100.3,2.73,0.126,17.56,1,NORMAL
2026-01-08 20:45:00,LOT_04,W_01,9,6,ETCHER_A,PATH_0016,1.06,63.33,13.81,99.88,2.61,0.176,16.57,1,NORMAL
2026-01-08 20:50:00,LOT_04,W_01,0,7,ETCHER_A,PATH_0014,1.38,67.31,15.3,97.99,3.43,0.17,19.68,1,NORMAL
2026-01-08 20:55:00,LOT_04,W_01,1,7,ETCHER_A,PATH_0048,1.33,62.89,15.82,100.76,3.34,0.183,14.76,1,NORMAL
2026-01-08 21:00:00,LOT_04,W_01,2,7,ETCHER_A,PATH_0005,1.38,66.4,16.02,100.3,3.4,0.17,19.32,1,NORMAL
2026-01-08 21:05:00,LOT_04,W_01,3,7,ETCHER_A,PATH_0041,1.4,63.96,15.52,101.52,3.6,0.195,20.26,1,NORMAL
2026-01-08 21:10:00,LOT_04,W_01,4,7,ETCHER_A,PATH_0026,0.87,62.31,15.14,99.76,2.19,0.152,16.41,1,NORMAL
2026-01-08 21:15:00,LOT_04,W_01,5,7,ETCHER_A,PATH_0028,1.27,64.54,15.47,101.55,3.01,0.178,19.89,1,NORMAL
2026-01-08 21:20:00,LOT_04,W_01,6,7,ETCHER_A,PATH_0002,0.77,74.23,15.31,92.1,2.06,0.016,19.26,1,NORMAL
2026-01-08 21:25:00,LOT_04,W_01,7,7,ETCHER_A,PATH_0006,1.32,62.06,15.66,99.47,3.18,0.199,18.98,1,NORMAL
2026-01-08 21:30:00,LOT_04,W_01,8,7,ETCHER_A,PATH_0009,1.18,66.62,15.05,100.12,2.83,0.162,18.4,1,NORMAL
2026-01-08 21:35:00,LOT_04,W_01,9,7,ETCHER_A,PATH_0033,1.07,64.69,15.04,100.57,2.52,0.168,16.84,1,NORMAL
2026-01-08 21:40:00,LOT_04,W_01,0,8,ETCHER_A,PATH_0041,1.01,65.53,15.5,100.78,2.61,0.136,17.45,1,NORMAL
2026-01-08 21:45:00,LOT_04,W_01,1,8,ETCHER_A,PATH_0025,1.14,62.12,16.19,97.62,3.04,0.194,17.14,1,NORMAL
2026-01-08 21:50:00,LOT_04,W_01,2,8,ETCHER_A,PATH_0048,1.32,68.31,14.62,99.26,3.31,0.158,19.61,1,NORMAL
2026-01-08 21:55:00,LOT_04,W_01,3,8,ETCHER_A,PATH_0013,1.15,63.89,14.58,102.16,3.02,0.204,18.2,1,NORMAL
2026-01-08 22:00:00,LOT_04,W_01,4,8,ETCHER_A,PATH_0009,1.3,69.16,15.2,100.76,3.27,0.136,20.54,1,NORMAL
2026-01-08 22:05:00,LOT_04,W_01,5,8,ETCHER_A,PATH_0013,1.26,67.3,16.28,97.9,3.3,0.145,19.82,1,NORMAL
2026-01-08 22:10:00,LOT_04,W_01,6,8,ETCHER_A,PATH_0031,0.98,62.86,14.5,103.29,2.51,0.165,16.2,1,NORMAL
2026-01-08 22:15:00,LOT_04,W_01,7,8,ETCHER_A,PATH_0041,0.89,65.26,14.65,99.45,2.29,0.129,15.92,1,NORMAL
2026-01-08 22:20:00,LOT_04,W_01,8,8,ETCHER_A,PATH_0011,1.26,62.16,15.27,97.89,3.2,0.21,15.3,1,NORMAL
2026-01-08 22:25:00,LOT_04,W_01,9,8,ETCHER_A,PATH_0004,1.02,66.57,14.93,97.38,2.58,0.141,18.7,1,NORMAL
2026-01-08 22:30:00,LOT_04,W_01,0,9,ETCHER_A,PATH_0034,1.3,66.2,15.09,99.48,3.18,0.16,17.63,1,NORMAL
2026-01-08 22:35:00,LOT_04,W_01,1,9,ETCHER_A,PATH_0038,0.91,70.82,14.45,101.08,2.25,0.08,19.64,1,NORMAL
2026-01-08 22:40:00,LOT_04,W_01,2,9,ETCHER_A,PATH_0046,1.3,64.8,14.69,97.16,3.2,0.199,18.16,1,NORMAL
2026-01-08 22:45:00,LOT_04,W_01,3,9,ETCHER_A,PATH_0004,1.22,62.79,14.86,101.35,2.84,0.188,16.16,1,NORMAL
2026-01-08 22:50:00,LOT_04,W_01,4,9,ETCHER_A,PATH_0038,1.35,64.66,14.93,100.34,3.49,0.186,17.42,1,NORMAL
2026-01-08 22:55:00,LOT_04,W_01,5,9,ETCHER_A,PATH_0019,1.14,68.57,14.72,101.73,2.84,0.13,18.84,1,NORMAL
2026-01-08 23:00:00,LOT_04,W_01,6,9,ETCHER_A,PATH_0006,1.3,65.71,15.05,100.54,3.33,0.185,19.14,1,NORMAL
2026-01-08 23:05:00,LOT_04,W_01,7,9,ETCHER_A,PATH_0034,1.27,65.66,14.58,98.67,3.29,0.175,19.08,1,NORMAL
2026-01-08 23:10:00,LOT_04,W_01,8,9,ETCHER_A,PATH_0018,1.17,64.71,14.79,99.96,3.06,0.17,18.53,1,NORMAL
2026-01-08 23:15:00,LOT_04,W_01,9,9,ETCHER_A,PATH_0013,0.89,65.42,15.28,98.51,2.21,0.126,17.97,1,NORMAL
2026-01-08 23:20:00,LOT_04,W_02,0,0,ETCHER_B,PATH_0041,0.81,74.16,15.42,87.71,2.15,0.056,20.79,1,ERR-G202
2026-01-08 23:25:00,LOT_04,W_02,1,0,ETCHER_B,PATH_0023,1.23,78.86,15.29,96.72,3.01,0.051,23.76,1,NORMAL
2026-01-08 23:30:00,LOT_04,W_02,2,0,ETCHER_B,PATH_0019,0.94,67.55,14.99,87.83,2.52,0.122,18.78,1,ERR-G202
2026-01-08 23:35:00,LOT_04,W_02,3,0,ETCHER_B,PATH_0045,1.34,73.92,14.45,90.97,3.37,0.097,21.12,1,NORMAL
2026-01-08 23:40:00,LOT_04,W_02,4,0,ETCHER_B,PATH_0011,0.89,77.68,14.97,101.85,2.27,0.011,21.57,1,NORMAL
2026-01-08 23:45:00,LOT_04,W_02,5,0,ETCHER_B,PATH_0001,1.39,75.08,15.17,95.98,3.5,0.085,21.87,1,NORMAL
2026-01-08 23:50:00,LOT_04,W_02,6,0,ETCHER_B,PATH_0024,0.91,71.42,14.47,90.55,2.28,0.076,18.29,1,NORMAL
2026-01-08 23:55:00,LOT_04,W_02,7,0,ETCHER_B,PATH_0007,1.02,68.47,15.12,94.03,2.66,0.125,16.36,1,NORMAL
2026-01-09 00:00:00,LOT_04,W_02,8,0,ETCHER_B,PATH_0025,1.03,75.22,14.55,93.16,2.76,0.059,22.3,1,NORMAL
2026-01-09 00:05:00,LOT_04,W_02,9,0,ETCHER_B,PATH_0021,1.37,76.69,15.18,94.51,3.23,0.073,23.71,1,NORMAL
2026-01-09 00:10:00,LOT_04,W_02,0,1,ETCHER_B,PATH_0015,1.05,69.49,15.11,92.18,2.59,0.135,18.08,1,NORMAL
2026-01-09 00:15:00,LOT_04,W_02,1,1,ETCHER_B,PATH_0001,1.22,84.63,14.77,92.35,3.18,-0.02,25.84,0,ERR-T101
2026-01-09 00:20:00,LOT_04,W_02,2,1,ETCHER_B,PATH_0012,0.74,73.23,15.36,94.39,1.77,0.038,19.13,1,NORMAL
2026-01-09 00:25:00,LOT_04,W_02,3,1,ETCHER_B,PATH_0007,0.77,65.49,15.8,102.78,1.98,0.12,17.34,1,NORMAL
2026-01-09 00:30:00,LOT_04,W_02,4,1,ETCHER_B,PATH_0015,1.16,78.98,15.16,92.23,2.92,0.032,24.28,1,NORMAL
2026-01-09 00:35:00,LOT_04,W_02,5,1,ETCHER_B,PATH_0021,0.85,72.47,14.76,103.99,2.03,0.038,19.04,1,NORMAL
2026-01-09 00:40:00,LOT_04,W_02,6,1,ETCHER_B,PATH_0019,1.27,73.31,14.47,91.65,3.17,0.086,21.31,1,NORMAL
2026-01-09 00:45:00,LOT_04,W_02,7,1,ETCHER_B,PATH_0029,0.94,74.04,15.76,91.74,2.41,0.056,21.85,1,NORMAL
2026-01-09 00:50:00,LOT_04,W_02,8,1,ETCHER_B,PATH_0025,0.79,70.74,14.71,100.73,2.12,0.067,18.83,1,NORMAL
2026-01-09 00:55:00,LOT_04,W_02,9,1,ETCHER_B,PATH_0033,0.92,74.02,14.51,108.29,2.34,0.045,18.74,1,NORMAL
2026-01-09 01:00:00,LOT_04,W_02,0,2,ETCHER_B,PATH_0049,0.88,74.82,14.55,100.83,2.29,0.032,21.07,1,NORMAL
2026-01-09 01:05:00,LOT_04,W_02,1,2,ETCHER_B,PATH_0032,0.84,69.56,15.31,86.96,2.01,0.103,19.73,1,ERR-G202
2026-01-09 01:10:00,LOT_04,W_02,2,2,ETCHER_B,PATH_0049,0.83,72.35,14.38,94.64,2.03,0.065,,1,NORMAL
2026-01-09 01:15:00,LOT_04,W_02,3,2,ETCHER_B,PATH_0035,1.27,74.45,15.39,91.79,3.05,0.092,21.62,1,NORMAL
2026-01-09 01:20:00,LOT_04,W_02,4,2,ETCHER_B,PATH_0044,1.29,79.45,15.07,97.14,3.15,0.012,23.45,1,NORMAL
2026-01-09 01:25:00,LOT_04,W_02,5,2,ETCHER_B,PATH_0038,0.71,72.28,14.24,96.48,1.69,0.04,18.04,1,NORMAL
2026-01-09 01:30:00,LOT_04,W_02,6,2,ETCHER_B,PATH_0026,0.89,75.62,14.73,89.21,2.23,0.023,21.57,1,NORMAL
2026-01-09 01:35:00,LOT_04,W_02,7,2,ETCHER_B,PATH_0011,1.09,70.07,14.92,88.14,2.9,0.114,19.05,1,NORMAL
2026-01-09 01:40:00,LOT_04,W_02,8,2,ETCHER_B,PATH_0035,0.7,76.26,15.55,93.95,1.88,0.004,18.6,1,NORMAL
2026-01-09 01:45:00,LOT_04,W_02,9,2,ETCHER_B,PATH_0008,1.38,74.85,14.38,93.37,3.44,0.087,22.25,1,NORMAL
2026-01-09 01:50:00,LOT_04,W_02,0,3,ETCHER_B,PATH_0046,1.05,73.74,15.0,94.92,2.59,0.081,20.62,1,NORMAL
2026-01-09 01:55:00,LOT_04,W_02,1,3,ETCHER_B,PATH_0014,1.28,81.02,15.48,92.62,3.28,0.012,25.83,1,NORMAL
2026-01-09 02:00:00,LOT_04,W_02,2,3,ETCHER_B,PATH_0010,0.88,74.48,14.91,91.68,2.39,0.041,19.67,1,NORMAL
2026-01-09 02:05:00,LOT_04,W_02,3,3,ETCHER_B,PATH_0002,1.03,76.0,15.72,97.0,2.7,0.032,22.78,1,NORMAL
2026-01-09 02:10:00,LOT_04,W_02,4,3,ETCHER_B,PATH_0046,1.0,73.62,14.59,98.17,2.29,0.073,21.85,1,NORMAL
2026-01-09 02:15:00,LOT_04,W_02,5,3,ETCHER_B,PATH_0009,1.2,76.41,15.31,101.41,2.99,0.033,21.01,1,NORMAL
2026-01-09 02:20:00,LOT_04,W_02,6,3,ETCHER_B,PATH_0003,1.29,72.97,14.07,102.01,3.23,0.115,24.34,1,NORMAL
2026-01-09 02:25:00,LOT_04,W_02,7,3,ETCHER_B,PATH_0021,1.32,66.06,15.03,91.97,3.3,0.171,17.93,1,NORMAL
2026-01-09 02:30:00,LOT_04,W_02,8,3,ETCHER_B,PATH_0026,1.13,73.81,15.05,94.15,2.77,0.071,22.13,1,NORMAL
2026-01-09 02:35:00,LOT_04,W_02,9,3,ETCHER_B,PATH_0008,1.22,71.13,15.01,95.32,3.05,0.123,21.28,1,NORMAL
2026-01-09 02:40:00,LOT_04,W_02,0,4,ETCHER_B,PATH_0048,1.08,77.41,14.8,96.27,2.78,0.029,24.06,1,NORMAL
2026-01-09 02:45:00,LOT_04,W_02,1,4,ETCHER_B,PATH_0002,1.26,79.46,14.46,97.64,3.08,0.032,23.95,1,NORMAL
2026-01-09 02:50:00,LOT_04,W_02,2,4,ETCHER_B,PATH_0006,1.19,72.51,15.59,88.77,2.88,0.072,20.27,1,NORMAL
2026-01-09 02:55:00,LOT_04,W_02,3,4,ETCHER_B,PATH_0028,0.79,76.5,14.5,90.12,1.94,0.008,21.69,1,NORMAL
2026-01-09 03:00:00,LOT_04,W_02,4,4,ETCHER_B,PATH_0029,0.83,69.99,15.22,99.35,2.05,0.077,18.41,1,NORMAL
2026-01-09 03:05:00,LOT_04,W_02,5,4,ETCHER_B,PATH_0026,1.06,72.71,15.49,102.23,2.7,0.07,19.51,1,NORMAL
2026-01-09 03:10:00,LOT_04,W_02,6,4,ETCHER_B,PATH_0025,1.26,77.17,14.26,93.16,3.08,0.054,23.27,1,NORMAL
2026-01-09 03:15:00,LOT_04,W_02,7,4,ETCHER_B,PATH_0012,1.2,73.03,14.97,100.49,2.83,0.09,20.98,1,NORMAL
2026-01-09 03:20:00,LOT_04,W_02,8,4,ETCHER_B,PATH_0005,1.15,74.81,15.67,93.55,2.84,0.066,22.57,1,NORMAL
2026-01-09 03:25:00,LOT_04,W_02,9,4,ETCHER_B,PATH_0034,1.33,71.54,15.12,96.38,3.41,0.106,21.13,1,NORMAL
2026-01-09 03:30:00,LOT_04,W_02,0,5,ETCHER_B,PATH_0048,0.79,66.56,15.33,91.44,2.09,0.11,17.25,1,NORMAL
2026-01-09 03:35:00,LOT_04,W_02,1,5,ETCHER_B,PATH_0037,1.12,79.72,15.06,103.58,2.88,-0.0,22.26,0,ERR-T101
2026-01-09 03:40:00,LOT_04,W_02,2,5,ETCHER_B,PATH_0015,0.82,69.49,14.15,101.34,2.09,0.089,16.4,1,NORMAL
2026-01-09 03:45:00,LOT_04,W_02,3,5,ETCHER_B,PATH_0044,0.88,72.8,14.24,98.58,2.26,0.062,20.18,1,NORMAL
2026-01-09 03:50:00,LOT_04,W_02,4,5,ETCHER_B,PATH_0036,1.05,78.74,15.11,93.5,2.78,0.016,22.45,1,NORMAL
2026-01-09 03:55:00,LOT_04,W_02,5,5,ETCHER_B,PATH_0015,0.75,78.45,15.13,95.23,1.69,-0.013,20.09,0,ERR-T101
2026-01-09 04:00:00,LOT_04,W_02,6,5,ETCHER_B,PATH_0043,0.71,77.74,15.59,100.37,1.76,-0.011,21.59,0,ERR-T101
2026-01-09 04:05:00,LOT_04,W_02,7,5,ETCHER_B,PATH_0048,1.21,75.23,15.16,85.32,3.12,0.063,21.56,1,ERR-G202
2026-01-09 04:10:00,LOT_04,W_02,8,5,ETCHER_B,PATH_0023,1.1,73.87,14.72,87.63,2.85,0.079,20.42,1,ERR-G202
2026-01-09 04:15:00,LOT_04,W_02,9,5,ETCHER_B,PATH_0006,1.01,74.53,15.3,94.56,2.44,0.058,21.27,1,NORMAL
2026-01-09 04:20:00,LOT_04,W_02,0,6,ETCHER_B,PATH_0046,0.82,69.8,15.22,83.89,2.01,0.086,18.37,1,ERR-G202
2026-01-09 04:25:00,LOT_04,W_02,1,6,ETCHER_B,PATH_0044,0.95,72.61,15.4,92.33,2.43,0.057,20.22,1,NORMAL
2026-01-09 04:30:00,LOT_04,W_02,2,6,ETCHER_B,PATH_0043,1.15,74.18,15.07,104.99,2.86,0.078,21.56,1,NORMAL
2026-01-09 04:35:00,LOT_04,W_02,3,6,ETCHER_B,PATH_0045,0.95,77.78,14.91,100.8,2.38,0.012,21.56,1,NORMAL
2026-01-09 04:40:00,LOT_04,W_02,4,6,ETCHER_B,PATH_0021,1.26,68.67,14.35,94.42,3.19,0.131,18.7,1,NORMAL
2026-01-09 04:45:00,LOT_04,W_02,5,6,ETCHER_B,PATH_0023,0.94,74.74,14.89,100.77,2.45,0.047,19.88,1,NORMAL
2026-01-09 04:50:00,LOT_04,W_02,6,6,ETCHER_B,PATH_0043,0.84,72.35,15.29,92.82,2.17,0.058,19.25,1,NORMAL
2026-01-09 04:55:00,LOT_04,W_02,7,6,ETCHER_B,PATH_0016,0.88,74.46,15.88,91.23,2.22,0.046,20.06,1,NORMAL
2026-01-09 05:00:00,LOT_04,W_02,8,6,ETCHER_B,PATH_0047,1.35,70.26,14.44,89.21,3.32,0.129,,1,NORMAL
2026-01-09 05:05:00,LOT_04,W_02,9,6,ETCHER_B,PATH_0015,1.16,74.16,15.35,88.35,2.92,0.072,20.92,1,NORMAL
2026-01-09 05:10:00,LOT_04,W_02,0,7,ETCHER_B,PATH_0025,1.08,72.79,15.42,95.04,2.77,0.075,21.6,1,NORMAL
2026-01-09 05:15:00,LOT_04,W_02,1,7,ETCHER_B,PATH_0036,1.26,73.03,15.06,88.75,3.23,0.095,22.8,1,NORMAL
2026-01-09 05:20:00,LOT_04,W_02,2,7,ETCHER_B,PATH_0011,0.73,73.47,14.37,95.52,1.56,0.025,18.3,1,NORMAL
2026-01-09 05:25:00,LOT_04,W_02,3,7,ETCHER_B,PATH_0015,0.74,66.08,15.19,100.52,1.88,0.123,14.72,1,NORMAL
2026-01-09 05:30:00,LOT_04,W_02,4,7,ETCHER_B,PATH_0004,1.09,72.07,14.66,108.53,2.7,0.096,18.69,1,NORMAL
2026-01-09 05:35:00,LOT_04,W_02,5,7,ETCHER_B,PATH_0021,1.31,72.45,15.65,98.92,3.11,0.111,20.94,1,NORMAL
2026-01-09 05:40:00,LOT_04,W_02,6,7,ETCHER_B,PATH_0013,1.1,76.22,15.82,99.79,2.77,0.046,21.12,1,NORMAL
2026-01-09 05:45:00,LOT_04,W_02,7,7,ETCHER_B,PATH_0022,1.19,73.76,15.29,94.41,2.99,0.079,21.67,1,NORMAL
2026-01-09 05:50:00,LOT_04,W_02,8,7,ETCHER_B,PATH_0019,1.34,76.7,14.16,99.34,3.49,0.082,23.18,1,NORMAL
2026-01-09 05:55:00,LOT_04,W_02,9,7,ETCHER_B,PATH_0034,1.31,71.05,15.11,90.92,3.12,0.126,21.64,1,NORMAL
2026-01-09 06:00:00,LOT_04,W_02,0,8,ETCHER_B,PATH_0014,1.19,66.46,15.37,92.65,3.03,0.148,18.6,1,NORMAL
2026-01-09 06:05:00,LOT_04,W_02,1,8,ETCHER_B,PATH_0004,1.34,69.69,14.46,92.65,3.44,0.122,21.06,1,NORMAL
2026-01-09 06:10:00,LOT_04,W_02,2,8,ETCHER_B,PATH_0048,1.34,72.72,15.27,101.34,3.44,0.103,21.11,1,NORMAL
2026-01-09 06:15:00,LOT_04,W_02,3,8,ETCHER_B,PATH_0046,0.72,79.79,14.17,93.71,1.76,-0.032,22.65,0,ERR-T101
2026-01-09 06:20:00,LOT_04,W_02,4,8,ETCHER_B,PATH_0027,0.72,72.47,15.09,90.81,1.9,0.032,18.26,1,NORMAL
2026-01-09 06:25:00,LOT_04,W_02,5,8,ETCHER_B,PATH_0029,1.11,73.69,14.49,108.61,2.59,0.08,20.54,1,NORMAL
2026-01-09 06:30:00,LOT_04,W_02,6,8,ETCHER_B,PATH_0047,1.24,75.96,14.56,101.66,3.16,0.06,22.8,1,NORMAL
2026-01-09 06:35:00,LOT_04,W_02,7,8,ETCHER_B,PATH_0028,0.83,79.06,14.93,91.85,1.97,-0.009,21.0,0,ERR-T101
2026-01-09 06:40:00,LOT_04,W_02,8,8,ETCHER_B,PATH_0035,0.79,73.71,15.33,99.76,2.02,0.048,18.92,1,NORMAL
2026-01-09 06:45:00,LOT_04,W_02,9,8,ETCHER_B,PATH_0008,1.26,82.81,14.88,93.4,3.06,-0.004,26.66,0,ERR-T101
2026-01-09 06:50:00,LOT_04,W_02,0,9,ETCHER_B,PATH_0016,1.34,71.87,15.18,103.15,3.51,0.13,19.71,1,NORMAL
2026-01-09 06:55:00,LOT_04,W_02,1,9,ETCHER_B,PATH_0042,1.19,75.35,15.47,98.45,3.04,0.054,21.42,1,NORMAL
2026-01-09 07:00:00,LOT_04,W_02,2,9,ETCHER_B,PATH_0036,1.3,67.53,14.63,105.81,3.4,0.156,18.99,1,NORMAL
2026-01-09 07:05:00,LOT_04,W_02,3,9,ETCHER_B,PATH_0030,1.4,82.66,14.73,105.48,3.62,0.021,26.36,1,NORMAL
2026-01-09 07:10:00,LOT_04,W_02,4,9,ETCHER_B,PATH_0018,1.15,84.9,14.35,95.75,2.89,-0.038,25.91,0,ERR-T101
2026-01-09 07:15:00,LOT_04,W_02,5,9,ETCHER_B,PATH_0002,0.94,72.06,15.1,100.98,2.3,0.062,20.33,1,NORMAL
2026-01-09 07:20:00,LOT_04,W_02,6,9,ETCHER_B,PATH_0049,1.12,84.27,15.15,94.32,2.77,-0.027,25.45,0,ERR-T101
2026-01-09 07:25:00,LOT_04,W_02,7,9,ETCHER_B,PATH_0013,0.72,78.92,15.4,91.52,1.65,-0.018,21.63,0,ERR-T101
2026-01-09 07:30:00,LOT_04,W_02,8,9,ETCHER_B,PATH_0004,1.19,77.17,15.52,91.86,2.87,0.032,23.2,1,NORMAL
2026-01-09 07:35:00,LOT_04,W_02,9,9,ETCHER_B,PATH_0026,0.88,72.88,15.5,100.43,2.32,0.065,19.68,1,NORMAL
2026-01-09 07:40:00,LOT_04,W_03,0,0,ETCHER_B,PATH_0025,1.14,70.09,15.87,93.18,2.82,0.115,20.59,1,NORMAL
2026-01-09 07:45:00,LOT_04,W_03,1,0,ETCHER_B,PATH_0030,0.89,77.94,15.86,81.74,2.14,-0.001,22.05,0,ERR-T101
2026-01-09 07:50:00,LOT_04,W_03,2,0,ETCHER_B,PATH_0011,1.35,69.13,15.13,94.14,3.4,0.168,19.89,1,NORMAL
2026-01-09 07:55:00,LOT_04,W_03,3,0,ETCHER_B,PATH_0007,1.33,75.62,14.19,93.23,3.15,0.073,22.93,1,NORMAL
2026-01-09 08:00:00,LOT_04,W_03,4,0,ETCHER_B,PATH_0031,1.26,75.77,15.29,91.04,3.26,0.071,21.36,1,NORMAL
2026-01-09 08:05:00,LOT_04,W_03,5,0,ETCHER_B,PATH_0044,0.97,76.09,14.85,94.79,2.41,0.015,20.79,1,NORMAL
2026-01-09 08:10:00,LOT_04,W_03,6,0,ETCHER_B,PATH_0010,1.33,74.93,15.42,95.5,3.37,0.074,20.84,1,NORMAL
2026-01-09 08:15:00,LOT_04,W_03,7,0,ETCHER_B,PATH_0039,1.16,76.06,14.49,98.19,2.9,0.043,21.08,1,NORMAL
2026-01-09 08:20:00,LOT_04,W_03,8,0,ETCHER_B,PATH_0013,0.85,66.04,14.91,92.96,2.02,0.106,16.4,1,NORMAL
2026-01-09 08:25:00,LOT_04,W_03,9,0,ETCHER_B,PATH_0031,1.3,71.15,15.09,91.37,3.37,0.118,21.85,1,NORMAL
2026-01-09 08:30:00,LOT_04,W_03,0,1,ETCHER_B,PATH_0007,0.99,76.92,15.42,88.33,2.48,0.039,21.94,1,NORMAL
2026-01-09 08:35:00,LOT_04,W_03,1,1,ETCHER_B,PATH_0049,0.92,76.77,14.43,97.08,2.19,0.03,22.58,1,NORMAL
2026-01-09 08:40:00,LOT_04,W_03,2,1,ETCHER_B,PATH_0042,0.8,74.54,15.42,92.86,1.98,0.033,20.27,1,NORMAL
2026-01-09 08:45:00,LOT_04,W_03,3,1,ETCHER_B,PATH_0042,1.39,79.27,14.93,91.36,3.5,0.05,24.35,1,NORMAL
2026-01-09 08:50:00,LOT_04,W_03,4,1,ETCHER_B,PATH_0036,1.21,78.18,14.92,87.95,3.05,0.034,24.16,1,ERR-G202
2026-01-09 08:55:00,LOT_04,W_03,5,1,ETCHER_B,PATH_0020,0.97,75.25,15.43,105.27,2.46,0.047,20.36,1,NORMAL
2026-01-09 09:00:00,LOT_04,W_03,6,1,ETCHER_B,PATH_0004,1.09,78.41,15.7,99.53,2.7,0.034,22.71,1,NORMAL
2026-01-09 09:05:00,LOT_04,W_03,7,1,ETCHER_B,PATH_0007,0.84,74.47,15.01,96.03,2.14,0.039,20.36,1,NORMAL
2026-01-09 09:10:00,LOT_04,W_03,8,1,ETCHER_B,PATH_0001,1.08,76.01,14.86,94.75,2.84,0.059,23.42,1,NORMAL
2026-01-09 09:15:00,LOT_04,W_03,9,1,ETCHER_B,PATH_0044,1.1,77.02,14.49,96.13,2.94,0.052,21.79,1,NORMAL
2026-01-09 09:20:00,LOT_04,W_03,0,2,ETCHER_B,PATH_0045,1.11,74.1,14.91,98.32,2.93,0.083,21.36,1,NORMAL
2026-01-09 09:25:00,LOT_04,W_03,1,2,ETCHER_B,PATH_0042,0.84,77.59,16.51,98.75,2.21,-0.002,21.58,0,ERR-T101
2026-01-09 09:30:00,LOT_04,W_03,2,2,ETCHER_B,PATH_0047,1.06,71.31,14.24,95.0,2.8,0.104,19.06,1,NORMAL
2026-01-09 09:35:00,LOT_04,W_03,3,2,ETCHER_B,PATH_0013,1.06,80.87,14.8,93.34,2.63,-0.008,23.67,0,ERR-T101
2026-01-09 09:40:00,LOT_04,W_03,4,2,ETCHER_B,PATH_0022,0.9,67.99,14.48,93.82,2.29,0.127,17.48,1,NORMAL
2026-01-09 09:45:00,LOT_04,W_03,5,2,ETCHER_B,PATH_0021,1.22,66.83,15.06,93.63,3.05,0.143,20.1,1,NORMAL
2026-01-09 09:50:00,LOT_04,W_03,6,2,ETCHER_B,PATH_0022,0.92,71.02,14.9,92.12,2.31,0.09,21.18,1,NORMAL
2026-01-09 09:55:00,LOT_04,W_03,7,2,ETCHER_B,PATH_0028,0.91,72.78,15.26,101.7,2.27,0.052,20.48,1,NORMAL
2026-01-09 10:00:00,LOT_04,W_03,8,2,ETCHER_B,PATH_0009,1.17,72.51,15.33,102.51,2.86,0.086,21.36,1,NORMAL
2026-01-09 10:05:00,LOT_04,W_03,9,2,ETCHER_B,PATH_0026,1.15,75.26,15.19,94.29,3.02,0.056,22.85,1,NORMAL
2026-01-09 10:10:00,LOT_04,W_03,0,3,ETCHER_B,PATH_0009,1.27,68.25,14.76,94.4,3.24,0.123,17.87,1,NORMAL
2026-01-09 10:15:00,LOT_04,W_03,1,3,ETCHER_B,PATH_0015,0.77,76.33,15.5,93.92,1.96,0.02,21.27,1,NORMAL
2026-01-09 10:20:00,LOT_04,W_03,2,3,ETCHER_B,PATH_0010,1.17,72.6,14.44,108.58,2.8,0.087,21.04,1,NORMAL
2026-01-09 10:25:00,LOT_04,W_03,3,3,ETCHER_B,PATH_0024,1.11,73.26,15.49,86.47,2.78,0.097,21.6,1,ERR-G202
2026-01-09 10:30:00,LOT_04,W_03,4,3,ETCHER_B,PATH_0042,1.02,72.46,14.97,105.26,2.51,0.091,19.09,1,NORMAL
2026-01-09 10:35:00,LOT_04,W_03,5,3,ETCHER_B,PATH_0008,1.18,72.3,14.42,100.54,2.88,0.091,20.6,1,NORMAL
2026-01-09 10:40:00,LOT_04,W_03,6,3,ETCHER_B,PATH_0024,0.89,70.83,15.1,91.54,1.92,0.092,17.45,1,NORMAL
2026-01-09 10:45:00,LOT_04,W_03,7,3,ETCHER_B,PATH_0016,0.95,79.32,15.3,92.41,2.39,0.008,23.02,1,NORMAL
2026-01-09 10:50:00,LOT_04,W_03,8,3,ETCHER_B,PATH_0049,0.9,70.34,14.83,103.29,2.29,0.085,17.99,1,NORMAL
2026-01-09 10:55:00,LOT_04,W_03,9,3,ETCHER_B,PATH_0026,0.95,76.15,15.06,99.24,2.52,0.035,23.31,1,NORMAL
2026-01-09 11:00:00,LOT_04,W_03,0,4,ETCHER_B,PATH_0027,0.8,72.32,14.72,93.4,1.89,0.064,18.56,1,NORMAL
2026-01-09 11:05:00,LOT_04,W_03,1,4,ETCHER_B,PATH_0037,1.11,73.39,14.67,101.7,2.79,0.076,20.36,1,NORMAL
2026-01-09 11:10:00,LOT_04,W_03,2,4,ETCHER_B,PATH_0004,0.95,75.18,14.77,99.33,2.22,0.06,21.66,1,NORMAL
2026-01-09 11:15:00,LOT_04,W_03,3,4,ETCHER_B,PATH_0024,1.18,63.51,15.91,89.86,2.96,0.175,18.19,1,NORMAL
2026-01-09 11:20:00,LOT_04,W_03,4,4,ETCHER_B,PATH_0019,1.02,74.89,15.03,91.97,2.61,0.05,21.31,1,NORMAL
2026-01-09 11:25:00,LOT_04,W_03,5,4,ETCHER_B,PATH_0036,1.31,80.23,14.45,90.73,3.18,0.043,24.75,1,NORMAL
2026-01-09 11:30:00,LOT_04,W_03,6,4,ETCHER_B,PATH_0039,1.03,71.28,15.44,96.66,2.62,0.094,20.15,1,NORMAL
2026-01-09 11:35:00,LOT_04,W_03,7,4,ETCHER_B,PATH_0010,1.15,71.92,15.34,104.93,2.84,0.108,20.78,1,NORMAL
2026-01-09 11:40:00,LOT_04,W_03,8,4,ETCHER_B,PATH_0025,1.32,72.26,15.4,89.13,3.29,0.119,21.08,1,NORMAL
2026-01-09 11:45:00,LOT_04,W_03,9,4,ETCHER_B,PATH_0018,1.22,80.29,14.86,92.75,3.2,0.024,25.65,1,NORMAL
2026-01-09 11:50:00,LOT_04,W_03,0,5,ETCHER_B,PATH_0019,0.97,72.04,15.09,95.27,2.53,0.052,18.69,1,NORMAL
2026-01-09 11:55:00,LOT_04,W_03,1,5,ETCHER_B,PATH_0036,1.09,73.69,15.22,93.61,2.8,0.07,19.25,1,NORMAL
2026-01-09 12:00:00,LOT_04,W_03,2,5,ETCHER_B,PATH_0010,1.27,84.09,14.59,91.74,3.23,-0.034,26.03,0,ERR-T101
2026-01-09 12:05:00,LOT_04,W_03,3,5,ETCHER_B,PATH_0033,1.0,73.33,14.52,107.58,2.52,0.067,19.89,1,NORMAL
2026-01-09 12:10:00,LOT_04,W_03,4,5,ETCHER_B,PATH_0005,1.09,76.07,14.74,89.06,2.67,0.051,21.95,1,NORMAL
2026-01-09 12:15:00,LOT_04,W_03,5,5,ETCHER_B,PATH_0047,0.88,75.12,15.78,99.56,2.15,0.027,20.24,1,NORMAL
2026-01-09 12:20:00,LOT_04,W_03,6,5,ETCHER_B,PATH_0049,1.34,78.6,14.45,89.32,3.36,0.073,23.08,1,NORMAL
2026-01-09 12:25:00,LOT_04,W_03,7,5,ETCHER_B,PATH_0035,1.06,72.16,15.21,101.35,2.68,0.077,21.29,1,NORMAL
2026-01-09 12:30:00,LOT_04,W_03,8,5,ETCHER_B,PATH_0044,1.29,70.55,14.83,89.08,3.26,0.121,19.04,1,NORMAL
2026-01-09 12:35:00,LOT_04,W_03,9,5,ETCHER_B,PATH_0034,0.88,82.39,15.58,96.44,2.1,-0.049,23.47,0,ERR-T101
2026-01-09 12:40:00,LOT_04,W_03,0,6,ETCHER_B,PATH_0033,1.06,77.44,15.08,92.89,2.63,0.026,20.61,1,NORMAL
2026-01-09 12:45:00,LOT_04,W_03,1,6,ETCHER_B,PATH_0021,1.4,72.81,14.79,97.59,3.67,0.115,21.27,1,NORMAL
2026-01-09 12:50:00,LOT_04,W_03,2,6,ETCHER_B,PATH_0017,1.3,71.66,14.53,94.63,3.11,0.117,19.63,1,NORMAL
2026-01-09 12:55:00,LOT_04,W_03,3,6,ETCHER_B,PATH_0022,1.31,71.85,15.01,89.5,3.26,0.1,21.65,1,NORMAL
2026-01-09 13:00:00,LOT_04,W_03,4,6,ETCHER_B,PATH_0048,0.79,75.2,15.79,96.96,1.98,0.029,21.17,1,NORMAL
2026-01-09 13:05:00,LOT_04,W_03,5,6,ETCHER_B,PATH_0037,1.36,75.02,15.25,96.95,3.42,0.084,21.79,1,NORMAL
2026-01-09 13:10:00,LOT_04,W_03,6,6,ETCHER_B,PATH_0015,0.78,84.25,14.91,87.94,2.02,-0.069,23.03,0,ERR-T101
2026-01-09 13:15:00,LOT_04,W_03,7,6,ETCHER_B,PATH_0035,0.83,77.94,15.96,93.61,1.89,-0.002,22.38,0,ERR-T101
2026-01-09 13:20:00,LOT_04,W_03,8,6,ETCHER_B,PATH_0028,1.17,72.79,14.55,98.64,2.97,0.087,21.07,1,NORMAL
2026-01-09 13:25:00,LOT_04,W_03,9,6,ETCHER_B,PATH_0007,1.2,69.42,14.87,98.87,3.09,0.131,18.74,1,NORMAL
2026-01-09 13:30:00,LOT_04,W_03,0,7,ETCHER_B,PATH_0032,1.36,75.78,15.17,85.38,3.61,0.074,23.07,1,ERR-G202
2026-01-09 13:35:00,LOT_04,W_03,1,7,ETCHER_B,PATH_0011,1.02,70.04,14.8,98.58,2.56,0.111,17.93,1,NORMAL
2026-01-09 13:40:00,LOT_04,W_03,2,7,ETCHER_B,PATH_0010,1.1,75.63,15.32,97.48,2.78,0.05,21.59,1,NORMAL
2026-01-09 13:45:00,LOT_04,W_03,3,7,ETCHER_B,PATH_0009,0.83,72.89,15.62,91.43,2.03,0.069,19.26,1,NORMAL
2026-01-09 13:50:00,LOT_04,W_03,4,7,ETCHER_B,PATH_0014,0.79,74.23,15.01,96.23,1.86,0.036,17.87,1,NORMAL
2026-01-09 13:55:00,LOT_04,W_03,5,7,ETCHER_B,PATH_0013,1.08,77.1,14.65,95.19,2.64,0.045,22.73,1,NORMAL
2026-01-09 14:00:00,LOT_04,W_03,6,7,ETCHER_B,PATH_0025,1.34,70.67,15.09,100.17,3.35,0.119,21.63,1,NORMAL
2026-01-09 14:05:00,LOT_04,W_03,7,7,ETCHER_B,PATH_0002,1.17,72.15,14.87,95.76,2.69,0.094,21.06,1,NORMAL
2026-01-09 14:10:00,LOT_04,W_03,8,7,ETCHER_B,PATH_0035,1.15,68.08,15.56,93.71,2.79,0.141,18.1,1,NORMAL
2026-01-09 14:15:00,LOT_04,W_03,9,7,ETCHER_B,PATH_0007,0.93,70.61,15.29,87.06,2.23,0.077,17.71,1,ERR-G202
2026-01-09 14:20:00,LOT_04,W_03,0,8,ETCHER_B,PATH_0021,1.13,80.6,15.21,93.92,2.88,-0.003,,0,ERR-T101
2026-01-09 14:25:00,LOT_04,W_03,1,8,ETCHER_B,PATH_0018,0.74,77.22,15.41,100.79,1.95,-0.002,19.84,0,ERR-T101
2026-01-09 14:30:00,LOT_04,W_03,2,8,ETCHER_B,PATH_0003,1.14,78.44,14.82,85.61,2.9,0.02,22.61,1,ERR-G202
2026-01-09 14:35:00,LOT_04,W_03,3,8,ETCHER_B,PATH_0042,0.95,68.03,14.47,96.73,2.33,0.113,18.33,1,NORMAL
2026-01-09 14:40:00,LOT_04,W_03,4,8,ETCHER_B,PATH_0039,1.31,76.99,14.66,96.69,3.18,0.071,23.64,1,NORMAL
2026-01-09 14:45:00,LOT_04,W_03,5,8,ETCHER_B,PATH_0041,1.16,70.31,14.81,91.66,2.95,0.104,19.07,1,NORMAL
2026-01-09 14:50:00,LOT_04,W_03,6,8,ETCHER_B,PATH_0049,0.86,75.65,14.27,92.2,2.16,0.045,20.18,1,NORMAL
2026-01-09 14:55:00,LOT_04,W_03,7,8,ETCHER_B,PATH_0011,1.23,75.14,15.4,97.11,3.19,0.057,22.44,1,NORMAL
2026-01-09 15:00:00,LOT_04,W_03,8,8,ETCHER_B,PATH_0039,1.14,73.17,14.56,92.66,2.79,0.079,20.14,1,NORMAL
2026-01-09 15:05:00,LOT_04,W_03,9,8,ETCHER_B,PATH_0024,1.22,75.68,14.64,98.14,2.92,0.072,21.81,1,NORMAL
2026-01-09 15:10:00,LOT_04,W_03,0,9,ETCHER_B,PATH_0046,0.72,72.81,15.22,91.22,1.73,0.034,18.81,1,NORMAL
2026-01-09 15:15:00,LOT_04,W_03,1,9,ETCHER_B,PATH_0019,1.36,76.1,14.93,95.81,3.49,0.068,25.1,1,NORMAL
2026-01-09 15:20:00,LOT_04,W_03,2,9,ETCHER_B,PATH_0004,1.18,77.61,16.15,88.53,3.03,0.027,22.39,1,NORMAL
2026-01-09 15:25:00,LOT_04,W_03,3,9,ETCHER_B,PATH_0026,1.36,71.67,15.65,97.76,3.27,0.108,21.48,1,NORMAL
2026-01-09 15:30:00,LOT_04,W_03,4,9,ETCHER_B,PATH_0038,1.23,73.75,15.24,91.63,2.97,0.075,22.48,1,NORMAL
2026-01-09 15:35:00,LOT_04,W_03,5,9,ETCHER_B,PATH_0042,0.86,67.6,13.84,93.06,2.2,0.122,18.09,1,NORMAL
2026-01-09 15:40:00,LOT_04,W_03,6,9,ETCHER_B,PATH_0032,0.93,72.65,15.16,101.37,2.29,0.071,20.44,1,NORMAL
2026-01-09 15:45:00,LOT_04,W_03,7,9,ETCHER_B,PATH_0039,1.1,72.34,15.09,102.03,2.81,0.087,20.3,1,NORMAL
2026-01-09 15:50:00,LOT_04,W_03,8,9,ETCHER_B,PATH_0045,0.98,78.29,14.85,93.88,2.34,-0.004,23.09,0,ERR-T101
2026-01-09 15:55:00,LOT_04,W_03,9,9,ETCHER_B,PATH_0046,1.1,78.64,14.57,99.22,2.77,0.03,22.83,1,NORMAL
2026-01-09 16:00:00,LOT_04,W_04,0,0,ETCHER_B,PATH_0036,1.38,76.14,15.32,95.79,3.55,0.069,23.86,1,NORMAL
2026-01-09 16:05:00,LOT_04,W_04,1,0,ETCHER_B,PATH_0040,0.92,67.65,14.74,89.4,2.3,0.115,17.47,1,NORMAL
2026-01-09 16:10:00,LOT_04,W_04,2,0,ETCHER_B,PATH_0037,1.22,78.93,15.07,92.29,2.92,0.032,23.82,1,NORMAL
2026-01-09 16:15:00,LOT_04,W_04,3,0,ETCHER_B,PATH_0033,1.17,73.05,15.49,98.07,2.8,0.091,22.6,1,NORMAL
2026-01-09 16:20:00,LOT_04,W_04,4,0,ETCHER_B,PATH_0036,1.19,76.32,15.04,98.29,2.95,0.064,22.32,1,NORMAL
2026-01-09 16:25:00,LOT_04,W_04,5,0,ETCHER_B,PATH_0003,1.39,71.37,14.63,93.63,3.34,0.155,21.36,1,NORMAL
2026-01-09 16:30:00,LOT_04,W_04,6,0,ETCHER_B,PATH_0009,0.82,82.36,14.93,95.21,2.1,-0.04,23.8,0,ERR-T101
2026-01-09 16:35:00,LOT_04,W_04,7,0,ETCHER_B,PATH_0008,0.78,74.56,16.16,99.65,1.92,0.05,18.94,1,NORMAL
2026-01-09 16:40:00,LOT_04,W_04,8,0,ETCHER_B,PATH_0033,0.96,78.21,15.45,104.98,2.23,0.001,22.65,1,NORMAL
2026-01-09 16:45:00,LOT_04,W_04,9,0,ETCHER_B,PATH_0006,1.1,77.32,15.21,93.51,2.62,0.022,22.16,1,NORMAL
2026-01-09 16:50:00,LOT_04,W_04,0,1,ETCHER_B,PATH_0041,0.86,69.89,15.13,100.93,2.05,0.091,19.14,1,NORMAL
2026-01-09 16:55:00,LOT_04,W_04,1,1,ETCHER_B,PATH_0039,0.93,73.96,16.03,90.05,2.25,0.048,20.05,1,NORMAL
2026-01-09 17:00:00,LOT_04,W_04,2,1,ETCHER_B,PATH_0004,0.93,75.4,14.76,90.12,2.28,0.035,20.0,1,NORMAL
2026-01-09 17:05:00,LOT_04,W_04,3,1,ETCHER_B,PATH_0013,1.34,71.99,14.81,102.19,3.38,0.119,20.99,1,NORMAL
2026-01-09 17:10:00,LOT_04,W_04,4,1,ETCHER_B,PATH_0049,1.04,77.13,14.95,89.14,2.68,0.019,21.44,1,NORMAL
2026-01-09 17:15:00,LOT_04,W_04,5,1,ETCHER_B,PATH_0002,0.93,70.97,15.58,88.56,2.44,0.086,18.71,1,NORMAL
2026-01-09 17:20:00,LOT_04,W_04,6,1,ETCHER_B,PATH_0005,0.72,80.67,15.31,91.79,1.84,-0.047,22.36,0,ERR-T101
2026-01-09 17:25:00,LOT_04,W_04,7,1,ETCHER_B,PATH_0044,0.95,73.32,14.12,94.57,2.53,0.053,19.99,1,NORMAL
2026-01-09 17:30:00,LOT_04,W_04,8,1,ETCHER_B,PATH_0027,0.91,77.2,14.22,93.27,2.22,0.002,21.53,1,NORMAL
2026-01-09 17:35:00,LOT_04,W_04,9,1,ETCHER_B,PATH_0032,1.12,80.0,15.91,88.55,2.73,0.002,24.33,1,NORMAL
2026-01-09 17:40:00,LOT_04,W_04,0,2,ETCHER_B,PATH_0021,1.05,75.98,15.17,93.65,2.73,0.058,20.31,1,NORMAL
2026-01-09 17:45:00,LOT_04,W_04,1,2,ETCHER_B,PATH_0008,0.86,68.25,15.18,103.42,2.31,0.101,17.56,1,NORMAL
2026-01-09 17:50:00,LOT_04,W_04,2,2,ETCHER_B,PATH_0038,1.2,69.41,15.9,96.15,2.87,0.117,19.92,1,NORMAL
2026-01-09 17:55:00,LOT_04,W_04,3,2,ETCHER_B,PATH_0008,0.77,76.39,15.14,90.36,1.91,0.017,20.32,1,NORMAL
2026-01-09 18:00:00,LOT_04,W_04,4,2,ETCHER_B,PATH_0003,1.25,68.47,14.64,98.62,3.19,0.14,19.34,1,NORMAL
2026-01-09 18:05:00,LOT_04,W_04,5,2,ETCHER_B,PATH_0044,1.09,80.15,14.83,94.69,2.71,0.017,24.64,1,NORMAL
2026-01-09 18:10:00,LOT_04,W_04,6,2,ETCHER_B,PATH_0003,1.36,71.34,14.12,94.13,3.49,0.131,17.97,1,NORMAL
2026-01-09 18:15:00,LOT_04,W_04,7,2,ETCHER_B,PATH_0022,1.32,70.41,14.03,88.78,3.32,0.128,19.03,1,NORMAL
2026-01-09 18:20:00,LOT_04,W_04,8,2,ETCHER_B,PATH_0006,1.09,76.54,14.98,90.58,2.67,0.035,23.26,1,NORMAL
2026-01-09 18:25:00,LOT_04,W_04,9,2,ETCHER_B,PATH_0002,0.72,87.17,14.69,98.75,1.66,-0.087,23.35,0,ERR-T101
2026-01-09 18:30:00,LOT_04,W_04,0,3,ETCHER_B,PATH_0023,1.04,68.12,14.54,96.5,2.81,0.128,18.56,1,NORMAL
2026-01-09 18:35:00,LOT_04,W_04,1,3,ETCHER_B,PATH_0044,1.28,74.84,15.72,86.53,3.19,0.071,23.19,1,ERR-G202
2026-01-09 18:40:00,LOT_04,W_04,2,3,ETCHER_B,PATH_0002,1.3,76.93,14.58,91.79,3.14,0.062,23.41,1,NORMAL
2026-01-09 18:45:00,LOT_04,W_04,3,3,ETCHER_B,PATH_0038,0.76,74.23,14.48,89.19,1.87,0.037,19.94,1,NORMAL
2026-01-09 18:50:00,LOT_04,W_04,4,3,ETCHER_B,PATH_0017,1.06,70.31,15.05,102.29,2.66,0.117,20.26,1,NORMAL
2026-01-09 18:55:00,LOT_04,W_04,5,3,ETCHER_B,PATH_0035,1.4,77.48,14.99,104.12,3.49,0.084,23.38,1,NORMAL
2026-01-09 19:00:00,LOT_04,W_04,6,3,ETCHER_B,PATH_0034,1.25,71.85,15.18,94.53,3.18,0.115,20.14,1,NORMAL
2026-01-09 19:05:00,LOT_04,W_04,7,3,ETCHER_B,PATH_0023,1.03,75.08,15.35,90.18,2.45,0.048,22.72,1,NORMAL
2026-01-09 19:10:00,LOT_04,W_04,8,3,ETCHER_B,PATH_0030,1.25,66.49,15.44,92.17,2.96,0.167,19.86,1,NORMAL
2026-01-09 19:15:00,LOT_04,W_04,9,3,ETCHER_B,PATH_0008,0.7,73.5,14.58,93.96,1.84,0.025,18.12,1,NORMAL
2026-01-09 19:20:00,LOT_04,W_04,0,4,ETCHER_B,PATH_0022,1.37,76.25,14.91,94.11,3.27,0.082,22.99,1,NORMAL
2026-01-09 19:25:00,LOT_04,W_04,1,4,ETCHER_B,PATH_0044,0.99,78.42,15.53,86.62,2.44,0.023,23.27,1,ERR-G202
2026-01-09 19:30:00,LOT_04,W_04,2,4,ETCHER_B,PATH_0036,1.28,73.8,15.85,88.04,3.24,0.106,21.87,1,NORMAL
2026-01-09 19:35:00,LOT_04,W_04,3,4,ETCHER_B,PATH_0005,1.11,67.12,15.49,100.68,2.88,0.118,,1,NORMAL
2026-01-09 19:40:00,LOT_04,W_04,4,4,ETCHER_B,PATH_0013,1.05,77.04,15.42,94.03,2.59,0.039,20.73,1,NORMAL
2026-01-09 19:45:00,LOT_04,W_04,5,4,ETCHER_B,PATH_0029,0.87,70.75,15.62,101.16,2.03,0.064,18.04,1,NORMAL
2026-01-09 19:50:00,LOT_04,W_04,6,4,ETCHER_B,PATH_0031,1.18,72.0,15.34,98.63,3.04,0.094,22.35,1,NORMAL
2026-01-09 19:55:00,LOT_04,W_04,7,4,ETCHER_B,PATH_0047,0.7,74.8,15.01,94.41,1.71,0.032,18.77,1,NORMAL
2026-01-09 20:00:00,LOT_04,W_04,8,4,ETCHER_B,PATH_0016,0.71,72.48,15.38,92.3,1.98,0.042,19.33,1,NORMAL
2026-01-09 20:05:00,LOT_04,W_04,9,4,ETCHER_B,PATH_0042,1.3,74.39,15.52,95.79,3.04,0.084,22.74,1,NORMAL
2026-01-09 20:10:00,LOT_04,W_04,0,5,ETCHER_B,PATH_0030,0.86,77.17,14.74,96.92,2.22,0.012,22.4,1,NORMAL
2026-01-09 20:15:00,LOT_04,W_04,1,5,ETCHER_B,PATH_0016,0.93,73.53,13.51,96.48,2.13,0.071,20.28,1,NORMAL
2026-01-09 20:20:00,LOT_04,W_04,2,5,ETCHER_B,PATH_0012,1.4,79.34,14.21,93.31,3.44,0.061,24.86,1,NORMAL
2026-01-09 20:25:00,LOT_04,W_04,3,5,ETCHER_B,PATH_0017,1.04,74.19,15.16,95.19,2.66,0.058,21.09,1,NORMAL
2026-01-09 20:30:00,LOT_04,W_04,4,5,ETCHER_B,PATH_0016,0.93,80.12,14.5,85.35,2.24,0.007,,1,ERR-G202
2026-01-09 20:35:00,LOT_04,W_04,5,5,ETCHER_B,PATH_0012,0.9,72.25,14.53,86.07,2.27,0.072,19.46,1,ERR-G202
2026-01-09 20:40:00,LOT_04,W_04,6,5,ETCHER_B,PATH_0008,1.29,72.42,14.76,86.57,3.3,0.105,20.06,1,ERR-G202
2026-01-09 20:45:00,LOT_04,W_04,7,5,ETCHER_B,PATH_0020,1.37,72.85,15.41,101.14,3.49,0.11,20.34,1,NORMAL
2026-01-09 20:50:00,LOT_04,W_04,8,5,ETCHER_B,PATH_0003,1.29,71.7,14.46,94.8,3.22,0.115,21.03,1,NORMAL
2026-01-09 20:55:00,LOT_04,W_04,9,5,ETCHER_B,PATH_0016,1.28,72.89,14.46,99.75,3.16,0.101,21.02,1,NORMAL
2026-01-09 21:00:00,LOT_04,W_04,0,6,ETCHER_B,PATH_0030,1.3,74.16,15.24,96.95,3.36,0.084,23.42,1,NORMAL
2026-01-09 21:05:00,LOT_04,W_04,1,6,ETCHER_B,PATH_0045,0.79,73.67,14.97,95.79,2.06,0.029,21.33,1,NORMAL
2026-01-09 21:10:00,LOT_04,W_04,2,6,ETCHER_B,PATH_0023,1.34,82.01,15.37,103.81,3.2,-0.002,27.06,0,ERR-T101
2026-01-09 21:15:00,LOT_04,W_04,3,6,ETCHER_B,PATH_0028,0.96,72.6,15.46,95.61,2.52,0.066,20.61,1,NORMAL
2026-01-09 21:20:00,LOT_04,W_04,4,6,ETCHER_B,PATH_0040,0.77,75.0,14.1,93.73,2.05,0.022,20.37,1,NORMAL
2026-01-09 21:25:00,LOT_04,W_04,5,6,ETCHER_B,PATH_0005,0.72,72.69,15.26,95.59,1.67,0.055,,1,NORMAL
2026-01-09 21:30:00,LOT_04,W_04,6,6,ETCHER_B,PATH_0020,1.23,82.04,14.83,93.32,3.06,0.009,25.07,1,NORMAL
2026-01-09 21:35:00,LOT_04,W_04,7,6,ETCHER_B,PATH_0040,1.36,86.29,13.64,87.82,3.31,-0.02,,0,ERR-T101
2026-01-09 21:40:00,LOT_04,W_04,8,6,ETCHER_B,PATH_0044,1.2,72.62,15.32,101.97,3.17,0.083,22.54,1,NORMAL
2026-01-09 21:45:00,LOT_04,W_04,9,6,ETCHER_B,PATH_0001,1.32,73.47,15.15,87.76,3.34,0.106,22.02,1,ERR-G202
2026-01-09 21:50:00,LOT_04,W_04,0,7,ETCHER_B,PATH_0030,0.94,78.87,14.45,102.7,2.25,0.0,22.95,1,NORMAL
2026-01-09 21:55:00,LOT_04,W_04,1,7,ETCHER_B,PATH_0021,1.14,72.49,15.26,102.07,2.9,0.085,20.23,1,NORMAL
2026-01-09 22:00:00,LOT_04,W_04,2,7,ETCHER_B,PATH_0020,0.91,75.15,15.26,86.68,2.16,0.033,,1,ERR-G202
2026-01-09 22:05:00,LOT_04,W_04,3,7,ETCHER_B,PATH_0006,1.37,77.33,14.07,99.62,3.38,0.062,23.86,1,NORMAL
2026-01-09 22:10:00,LOT_04,W_04,4,7,ETCHER_B,PATH_0022,0.98,70.92,15.32,93.18,2.27,0.086,19.53,1,NORMAL
2026-01-09 22:15:00,LOT_04,W_04,5,7,ETCHER_B,PATH_0018,1.3,74.35,14.21,98.59,3.16,0.092,21.39,1,NORMAL
2026-01-09 22:20:00,LOT_04,W_04,6,7,ETCHER_B,PATH_0008,0.77,75.36,14.11,100.87,1.83,0.017,20.03,1,NORMAL
2026-01-09 22:25:00,LOT_04,W_04,7,7,ETCHER_B,PATH_0039,0.9,69.95,15.95,96.08,2.15,0.082,17.68,1,NORMAL
2026-01-09 22:30:00,LOT_04,W_04,8,7,ETCHER_B,PATH_0032,0.98,81.54,15.14,86.47,2.36,-0.007,22.33,0,ERR-T101
2026-01-09 22:35:00,LOT_04,W_04,9,7,ETCHER_B,PATH_0033,0.8,82.81,15.54,101.03,2.07,-0.05,24.06,0,ERR-T101
2026-01-09 22:40:00,LOT_04,W_04,0,8,ETCHER_B,PATH_0016,0.81,73.37,15.06,94.55,2.04,0.052,20.52,1,NORMAL
2026-01-09 22:45:00,LOT_04,W_04,1,8,ETCHER_B,PATH_0012,1.1,73.85,14.82,97.48,2.71,0.081,21.21,1,NORMAL
2026-01-09 22:50:00,LOT_04,W_04,2,8,ETCHER_B,PATH_0038,0.93,75.12,14.85,95.41,2.34,0.039,20.55,1,NORMAL
2026-01-09 22:55:00,LOT_04,W_04,3,8,ETCHER_B,PATH_0034,1.11,76.65,15.35,82.14,2.7,0.052,23.32,1,ERR-G202
2026-01-09 23:00:00,LOT_04,W_04,4,8,ETCHER_B,PATH_0014,0.77,75.85,14.61,95.63,1.82,0.035,18.48,1,NORMAL
2026-01-09 23:05:00,LOT_04,W_04,5,8,ETCHER_B,PATH_0036,0.89,69.79,15.61,94.96,2.37,0.087,19.3,1,NORMAL
2026-01-09 23:10:00,LOT_04,W_04,6,8,ETCHER_B,PATH_0033,1.35,72.08,14.62,98.62,3.35,0.124,21.72,1,NORMAL
2026-01-09 23:15:00,LOT_04,W_04,7,8,ETCHER_B,PATH_0023,1.37,76.0,15.56,94.81,3.46,0.087,22.15,1,NORMAL
2026-01-09 23:20:00,LOT_04,W_04,8,8,ETCHER_B,PATH_0045,1.03,73.12,15.41,94.0,2.57,0.074,21.13,1,NORMAL
2026-01-09 23:25:00,LOT_04,W_04,9,8,ETCHER_B,PATH_0002,0.97,78.33,15.5,100.17,2.51,0.004,20.46,1,NORMAL
2026-01-09 23:30:00,LOT_04,W_04,0,9,ETCHER_B,PATH_0041,0.74,74.41,15.14,89.19,1.92,0.037,20.0,1,NORMAL
2026-01-09 23:35:00,LOT_04,W_04,1,9,ETCHER_B,PATH_0021,0.77,73.31,14.61,90.23,1.95,0.05,19.37,1,NORMAL
2026-01-09 23:40:00,LOT_04,W_04,2,9,ETCHER_B,PATH_0002,1.22,71.3,14.66,89.04,3.02,0.105,21.08,1,NORMAL
2026-01-09 23:45:00,LOT_04,W_04,3,9,ETCHER_B,PATH_0027,1.1,76.58,14.69,100.05,2.81,0.059,23.31,1,NORMAL
2026-01-09 23:50:00,LOT_04,W_04,4,9,ETCHER_B,PATH_0009,1.24,73.66,15.38,90.97,2.91,0.089,23.18,1,NORMAL
2026-01-09 23:55:00,LOT_04,W_04,5,9,ETCHER_B,PATH_0001,0.85,72.8,15.13,95.23,2.36,0.036,19.32,1,NORMAL
2026-01-10 00:00:00,LOT_04,W_04,6,9,ETCHER_B,PATH_0011,0.88,70.96,14.7,92.02,2.19,0.087,18.72,1,NORMAL
2026-01-10 00:05:00,LOT_04,W_04,7,9,ETCHER_B,PATH_0003,1.17,80.77,14.2,99.82,2.8,-0.005,25.39,0,ERR-T101
2026-01-10 00:10:00,LOT_04,W_04,8,9,ETCHER_B,PATH_0023,1.37,86.47,15.27,103.92,3.52,-0.025,27.0,0,ERR-T101
2026-01-10 00:15:00,LOT_04,W_04,9,9,ETCHER_B,PATH_0026,0.74,78.36,14.86,101.06,2.08,-0.009,19.83,0,ERR-T101
2026-01-10 00:20:00,LOT_05,W_00,0,0,ETCHER_B,PATH_0004,1.23,73.93,15.8,101.26,2.97,0.095,22.32,1,NORMAL
2026-01-10 00:25:00,LOT_05,W_00,1,0,ETCHER_B,PATH_0018,0.87,71.09,14.8,92.64,2.04,0.061,17.89,1,NORMAL
2026-01-10 00:30:00,LOT_05,W_00,2,0,ETCHER_B,PATH_0006,0.86,79.42,14.8,90.28,2.15,0.003,21.04,1,NORMAL
2026-01-10 00:35:00,LOT_05,W_00,3,0,ETCHER_B,PATH_0035,1.17,75.9,15.07,97.18,2.73,0.05,21.59,1,NORMAL
2026-01-10 00:40:00,LOT_05,W_00,4,0,ETCHER_B,PATH_0022,0.83,78.24,14.47,95.06,1.91,0.009,22.98,1,NORMAL
2026-01-10 00:45:00,LOT_05,W_00,5,0,ETCHER_B,PATH_0043,0.88,81.37,15.54,93.11,2.1,-0.023,23.53,0,ERR-T101
2026-01-10 00:50:00,LOT_05,W_00,6,0,ETCHER_B,PATH_0015,1.39,72.59,15.19,98.17,3.66,0.106,23.24,1,NORMAL
2026-01-10 00:55:00,LOT_05,W_00,7,0,ETCHER_B,PATH_0022,0.82,69.8,14.86,86.76,2.0,0.099,17.84,1,ERR-G202
2026-01-10 01:00:00,LOT_05,W_00,8,0,ETCHER_B,PATH_0037,0.77,76.86,15.01,101.15,2.04,0.018,22.12,1,NORMAL
2026-01-10 01:05:00,LOT_05,W_00,9,0,ETCHER_B,PATH_0042,1.27,79.85,14.76,97.51,3.35,0.034,23.59,1,NORMAL
2026-01-10 01:10:00,LOT_05,W_00,0,1,ETCHER_B,PATH_0012,0.77,81.95,15.31,96.49,1.94,-0.038,23.44,0,ERR-T101
2026-01-10 01:15:00,LOT_05,W_00,1,1,ETCHER_B,PATH_0047,0.98,71.6,15.67,102.59,2.27,0.082,18.61,1,NORMAL
2026-01-10 01:20:00,LOT_05,W_00,2,1,ETCHER_B,PATH_0049,0.8,82.19,15.26,96.64,1.91,-0.02,22.97,0,ERR-T101
2026-01-10 01:25:00,LOT_05,W_00,3,1,ETCHER_B,PATH_0042,0.76,72.46,14.64,93.29,2.04,0.061,18.06,1,NORMAL
2026-01-10 01:30:00,LOT_05,W_00,4,1,ETCHER_B,PATH_0038,0.75,76.84,14.82,103.11,1.87,0.026,,1,NORMAL
2026-01-10 01:35:00,LOT_05,W_00,5,1,ETCHER_B,PATH_0018,1.15,76.85,15.71,85.06,3.07,0.049,22.34,1,ERR-G202
2026-01-10 01:40:00,LOT_05,W_00,6,1,ETCHER_B,PATH_0045,1.1,79.34,15.22,86.96,2.73,0.019,23.74,1,ERR-G202
2026-01-10 01:45:00,LOT_05,W_00,7,1,ETCHER_B,PATH_0035,0.98,75.26,15.6,99.96,2.25,0.031,20.24,1,NORMAL
2026-01-10 01:50:00,LOT_05,W_00,8,1,ETCHER_B,PATH_0030,0.86,71.99,14.92,90.5,2.08,0.064,20.54,1,NORMAL
2026-01-10 01:55:00,LOT_05,W_00,9,1,ETCHER_B,PATH_0024,0.87,77.44,15.06,94.63,2.17,0.018,20.09,1,NORMAL
2026-01-10 02:00:00,LOT_05,W_00,0,2,ETCHER_B,PATH_0042,0.99,79.63,15.1,102.09,2.53,-0.009,23.34,0,ERR-T101
2026-01-10 02:05:00,LOT_05,W_00,1,2,ETCHER_B,PATH_0030,1.16,75.71,14.14,86.76,3.03,0.066,22.02,1,ERR-G202
2026-01-10 02:10:00,LOT_05,W_00,2,2,ETCHER_B,PATH_0014,1.06,75.35,14.63,104.17,2.69,0.033,20.48,1,NORMAL
2026-01-10 02:15:00,LOT_05,W_00,3,2,ETCHER_B,PATH_0006,0.94,71.98,14.49,100.79,2.27,0.069,18.18,1,NORMAL
2026-01-10 02:20:00,LOT_05,W_00,4,2,ETCHER_B,PATH_0003,1.23,73.67,14.39,95.61,2.97,0.078,21.17,1,NORMAL
2026-01-10 02:25:00,LOT_05,W_00,5,2,ETCHER_B,PATH_0016,0.81,72.54,14.93,90.44,2.19,0.029,18.25,1,NORMAL
2026-01-10 02:30:00,LOT_05,W_00,6,2,ETCHER_B,PATH_0007,0.84,75.9,14.99,99.3,2.2,0.043,20.77,1,NORMAL
2026-01-10 02:35:00,LOT_05,W_00,7,2,ETCHER_B,PATH_0014,0.93,71.38,14.38,97.24,2.49,0.1,20.13,1,NORMAL
2026-01-10 02:40:00,LOT_05,W_00,8,2,ETCHER_B,PATH_0009,1.13,76.27,15.48,95.41,2.96,0.044,23.28,1,NORMAL
2026-01-10 02:45:00,LOT_05,W_00,9,2,ETCHER_B,PATH_0015,0.79,81.13,14.61,90.48,1.93,-0.019,20.97,0,ERR-T101
2026-01-10 02:50:00,LOT_05,W_00,0,3,ETCHER_B,PATH_0021,1.08,77.69,15.64,87.08,2.61,0.037,22.07,1,ERR-G202
2026-01-10 02:55:00,LOT_05,W_00,1,3,ETCHER_B,PATH_0035,0.9,75.13,15.41,98.12,2.26,0.024,,1,NORMAL
2026-01-10 03:00:00,LOT_05,W_00,2,3,ETCHER_B,PATH_0002,1.3,77.89,15.18,99.87,3.4,0.053,22.16,1,NORMAL
2026-01-10 03:05:00,LOT_05,W_00,3,3,ETCHER_B,PATH_0027,0.73,82.3,14.39,96.69,1.9,-0.06,22.41,0,ERR-T101
2026-01-10 03:10:00,LOT_05,W_00,4,3,ETCHER_B,PATH_0002,1.12,78.61,15.15,96.51,2.83,0.032,22.65,1,NORMAL
2026-01-10 03:15:00,LOT_05,W_00,5,3,ETCHER_B,PATH_0035,0.95,79.81,15.4,93.75,2.35,-0.015,21.28,0,ERR-T101
2026-01-10 03:20:00,LOT_05,W_00,6,3,ETCHER_B,PATH_0018,0.96,70.87,15.9,95.6,2.63,0.106,17.75,1,NORMAL
2026-01-10 03:25:00,LOT_05,W_00,7,3,ETCHER_B,PATH_0014,1.11,81.7,14.0,94.59,2.8,0.011,25.6,1,NORMAL
2026-01-10 03:30:00,LOT_05,W_00,8,3,ETCHER_B,PATH_0020,1.17,81.32,14.74,100.47,2.73,0.02,23.97,1,NORMAL
2026-01-10 03:35:00,LOT_05,W_00,9,3,ETCHER_B,PATH_0018,0.96,80.73,14.35,90.57,2.4,-0.015,24.08,0,ERR-T101
2026-01-10 03:40:00,LOT_05,W_00,0,4,ETCHER_B,PATH_0010,0.76,79.81,14.75,87.95,2.09,-0.019,21.26,0,ERR-T101
2026-01-10 03:45:00,LOT_05,W_00,1,4,ETCHER_B,PATH_0025,1.39,78.17,14.49,92.54,3.62,0.045,24.79,1,NORMAL
2026-01-10 03:50:00,LOT_05,W_00,2,4,ETCHER_B,PATH_0002,0.88,76.68,15.13,97.09,2.15,-0.002,20.91,0,ERR-T101
2026-01-10 03:55:00,LOT_05,W_00,3,4,ETCHER_B,PATH_0025,0.82,73.07,14.89,97.21,2.11,0.058,20.56,1,NORMAL
2026-01-10 04:00:00,LOT_05,W_00,4,4,ETCHER_B,PATH_0033,1.37,78.49,16.1,99.71,3.43,0.051,24.71,1,NORMAL
2026-01-10 04:05:00,LOT_05,W_00,5,4,ETCHER_B,PATH_0036,0.77,74.78,15.05,88.23,1.99,0.033,20.32,1,NORMAL
2026-01-10 04:10:00,LOT_05,W_00,6,4,ETCHER_B,PATH_0031,1.08,67.83,15.36,86.96,2.67,0.137,20.37,1,ERR-G202
2026-01-10 04:15:00,LOT_05,W_00,7,4,ETCHER_B,PATH_0014,0.97,72.82,15.93,86.1,2.34,0.057,17.39,1,ERR-G202
2026-01-10 04:20:00,LOT_05,W_00,8,4,ETCHER_B,PATH_0001,1.35,73.5,14.38,95.69,3.51,0.114,21.83,1,NORMAL
2026-01-10 04:25:00,LOT_05,W_00,9,4,ETCHER_B,PATH_0046,1.06,73.9,14.38,101.96,2.63,0.063,21.07,1,NORMAL
2026-01-10 04:30:00,LOT_05,W_00,0,5,ETCHER_B,PATH_0016,1.22,78.43,15.72,90.26,3.12,0.032,24.18,1,NORMAL
2026-01-10 04:35:00,LOT_05,W_00,1,5,ETCHER_B,PATH_0046,1.3,81.68,16.24,97.67,3.41,0.016,25.76,1,NORMAL
2026-01-10 04:40:00,LOT_05,W_00,2,5,ETCHER_B,PATH_0003,1.13,81.64,15.51,102.06,2.79,-0.013,23.6,0,ERR-T101
2026-01-10 04:45:00,LOT_05,W_00,3,5,ETCHER_B,PATH_0035,1.13,76.57,14.38,99.77,2.78,0.037,22.14,1,NORMAL
2026-01-10 04:50:00,LOT_05,W_00,4,5,ETCHER_B,PATH_0041,0.84,77.94,14.91,104.14,2.08,-0.001,21.73,0,ERR-T101
2026-01-10 04:55:00,LOT_05,W_00,5,5,ETCHER_B,PATH_0006,1.14,77.84,15.9,93.88,2.81,0.039,20.99,1,NORMAL
2026-01-10 05:00:00,LOT_05,W_00,6,5,ETCHER_B,PATH_0025,1.29,78.67,15.6,101.31,3.5,0.042,23.31,1,NORMAL
2026-01-10 05:05:00,LOT_05,W_00,7,5,ETCHER_B,PATH_0013,0.89,81.31,16.08,95.06,2.32,-0.026,22.62,0,ERR-T101
2026-01-10 05:10:00,LOT_05,W_00,8,5,ETCHER_B,PATH_0034,1.24,77.16,14.87,94.31,3.09,0.066,23.04,1,NORMAL
2026-01-10 05:15:00,LOT_05,W_00,9,5,ETCHER_B,PATH_0008,0.89,76.09,15.18,91.93,2.2,0.039,20.65,1,NORMAL
2026-01-10 05:20:00,LOT_05,W_00,0,6,ETCHER_B,PATH_0021,1.03,80.57,14.82,97.1,2.48,0.007,25.39,1,NORMAL
2026-01-10 05:25:00,LOT_05,W_00,1,6,ETCHER_B,PATH_0034,1.03,70.64,14.32,89.84,2.57,0.104,19.98,1,NORMAL
2026-01-10 05:30:00,LOT_05,W_00,2,6,ETCHER_B,PATH_0004,1.13,81.28,15.72,87.49,2.87,-0.006,23.01,0,ERR-T101
2026-01-10 05:35:00,LOT_05,W_00,3,6,ETCHER_B,PATH_0025,1.29,67.88,14.73,93.24,3.42,0.139,19.28,1,NORMAL
2026-01-10 05:40:00,LOT_05,W_00,4,6,ETCHER_B,PATH_0015,0.86,71.08,14.18,95.67,2.22,0.07,18.35,1,NORMAL
2026-01-10 05:45:00,LOT_05,W_00,5,6,ETCHER_B,PATH_0004,1.35,74.01,15.29,100.21,3.65,0.103,21.69,1,NORMAL
2026-01-10 05:50:00,LOT_05,W_00,6,6,ETCHER_B,PATH_0045,1.18,77.61,14.87,96.01,2.88,0.034,24.27,1,NORMAL
2026-01-10 05:55:00,LOT_05,W_00,7,6,ETCHER_B,PATH_0012,0.79,77.37,14.08,99.94,1.94,0.009,22.7,1,NORMAL
2026-01-10 06:00:00,LOT_05,W_00,8,6,ETCHER_B,PATH_0032,1.24,82.22,14.74,96.76,3.08,-0.01,25.63,0,ERR-T101
2026-01-10 06:05:00,LOT_05,W_00,9,6,ETCHER_B,PATH_0032,1.22,73.81,15.82,96.41,3.14,0.077,21.91,1,NORMAL
2026-01-10 06:10:00,LOT_05,W_00,0,7,ETCHER_B,PATH_0028,0.91,75.46,14.26,90.31,2.25,0.028,20.47,1,NORMAL
2026-01-10 06:15:00,LOT_05,W_00,1,7,ETCHER_B,PATH_0013,1.4,74.7,14.04,100.38,3.49,0.099,23.22,1,NORMAL
2026-01-10 06:20:00,LOT_05,W_00,2,7,ETCHER_B,PATH_0031,0.79,79.13,15.54,93.79,1.96,-0.004,23.03,0,ERR-T101
2026-01-10 06:25:00,LOT_05,W_00,3,7,ETCHER_B,PATH_0014,1.12,72.59,14.45,104.83,2.87,0.094,18.73,1,NORMAL
2026-01-10 06:30:00,LOT_05,W_00,4,7,ETCHER_B,PATH_0020,1.29,74.84,15.09,88.43,3.32,0.081,23.88,1,NORMAL
2026-01-10 06:35:00,LOT_05,W_00,5,7,ETCHER_B,PATH_0018,0.82,79.31,15.62,92.08,1.85,-0.009,22.07,0,ERR-T101
2026-01-10 06:40:00,LOT_05,W_00,6,7,ETCHER_B,PATH_0029,1.06,73.9,14.9,97.01,2.6,0.08,20.44,1,NORMAL
2026-01-10 06:45:00,LOT_05,W_00,7,7,ETCHER_B,PATH_0006,1.39,72.2,14.5,87.83,3.59,0.112,22.35,1,ERR-G202
2026-01-10 06:50:00,LOT_05,W_00,8,7,ETCHER_B,PATH_0032,1.18,69.56,14.84,97.25,3.1,0.126,18.95,1,NORMAL
2026-01-10 06:55:00,LOT_05,W_00,9,7,ETCHER_B,PATH_0029,0.84,77.24,14.86,99.34,2.24,0.009,21.75,1,NORMAL
2026-01-10 07:00:00,LOT_05,W_00,0,8,ETCHER_B,PATH_0043,1.24,75.2,15.53,98.46,3.0,0.065,22.63,1,NORMAL
2026-01-10 07:05:00,LOT_05,W_00,1,8,ETCHER_B,PATH_0002,1.11,80.51,15.22,95.49,2.65,-0.017,23.96,0,ERR-T101
2026-01-10 07:10:00,LOT_05,W_00,2,8,ETCHER_B,PATH_0023,1.07,79.02,14.58,95.89,2.74,0.034,,1,NORMAL
2026-01-10 07:15:00,LOT_05,W_00,3,8,ETCHER_B,PATH_0019,1.09,77.71,15.25,94.06,2.74,0.039,23.22,1,NORMAL
2026-01-10 07:20:00,LOT_05,W_00,4,8,ETCHER_B,PATH_0031,0.87,75.92,15.1,91.03,2.24,0.012,21.73,1,NORMAL
2026-01-10 07:25:00,LOT_05,W_00,5,8,ETCHER_B,PATH_0005,1.07,77.42,13.92,95.38,2.71,0.053,22.51,1,NORMAL
2026-01-10 07:30:00,LOT_05,W_00,6,8,ETCHER_B,PATH_0019,1.36,70.65,14.63,88.5,3.36,0.128,21.25,1,NORMAL
2026-01-10 07:35:00,LOT_05,W_00,7,8,ETCHER_B,PATH_0034,0.98,81.02,14.73,101.79,2.59,-0.027,24.05,0,ERR-T101
2026-01-10 07:40:00,LOT_05,W_00,8,8,ETCHER_B,PATH_0010,1.35,77.57,14.77,96.21,3.13,0.066,24.79,1,NORMAL
2026-01-10 07:45:00,LOT_05,W_00,9,8,ETCHER_B,PATH_0025,1.33,74.68,14.46,93.77,3.28,0.075,22.84,1,NORMAL
2026-01-10 07:50:00,LOT_05,W_00,0,9,ETCHER_B,PATH_0002,0.92,77.83,14.02,100.1,2.25,0.018,21.4,1,NORMAL
2026-01-10 07:55:00,LOT_05,W_00,1,9,ETCHER_B,PATH_0011,1.19,78.42,14.7,91.68,3.08,0.034,,1,NORMAL
2026-01-10 08:00:00,LOT_05,W_00,2,9,ETCHER_B,PATH_0031,1.36,63.84,14.99,95.94,3.3,0.207,19.28,1,NORMAL
2026-01-10 08:05:00,LOT_05,W_00,3,9,ETCHER_B,PATH_0015,1.09,78.59,14.73,99.05,2.8,0.027,21.9,1,NORMAL
2026-01-10 08:10:00,LOT_05,W_00,4,9,ETCHER_B,PATH_0009,1.09,73.23,14.45,93.66,2.75,0.089,21.5,1,NORMAL
2026-01-10 08:15:00,LOT_05,W_00,5,9,ETCHER_B,PATH_0023,1.21,71.87,15.06,99.61,3.07,0.104,21.76,1,NORMAL
2026-01-10 08:20:00,LOT_05,W_00,6,9,ETCHER_B,PATH_0019,1.16,73.82,15.69,93.46,2.9,0.073,,1,NORMAL
2026-01-10 08:25:00,LOT_05,W_00,7,9,ETCHER_B,PATH_0009,1.39,77.02,15.4,91.51,3.57,0.059,25.47,1,NORMAL
2026-01-10 08:30:00,LOT_05,W_00,8,9,ETCHER_B,PATH_0035,1.33,73.74,14.25,88.51,3.33,0.11,21.18,1,NORMAL
2026-01-10 08:35:00,LOT_05,W_00,9,9,ETCHER_B,PATH_0021,1.05,73.74,15.56,91.25,2.67,0.061,20.49,1,NORMAL
2026-01-10 08:40:00,LOT_05,W_01,0,0,ETCHER_B,PATH_0009,0.9,80.37,14.6,87.73,2.17,0.014,22.44,1,ERR-G202
2026-01-10 08:45:00,LOT_05,W_01,1,0,ETCHER_B,PATH_0028,0.74,77.35,14.54,99.0,1.89,0.003,19.85,1,NORMAL
2026-01-10 08:50:00,LOT_05,W_01,2,0,ETCHER_B,PATH_0046,0.76,74.5,14.72,94.47,2.0,0.021,20.46,1,NORMAL
2026-01-10 08:55:00,LOT_05,W_01,3,0,ETCHER_B,PATH_0007,1.18,73.29,14.71,96.51,3.07,0.092,22.27,1,NORMAL
2026-01-10 09:00:00,LOT_05,W_01,4,0,ETCHER_B,PATH_0016,0.79,70.35,14.34,95.16,1.95,0.104,17.94,1,NORMAL
2026-01-10 09:05:00,LOT_05,W_01,5,0,ETCHER_B,PATH_0016,1.0,72.52,16.08,93.69,2.43,0.065,20.33,1,NORMAL
2026-01-10 09:10:00,LOT_05,W_01,6,0,ETCHER_B,PATH_0033,0.93,72.12,14.82,92.8,2.32,0.074,19.8,1,NORMAL
2026-01-10 09:15:00,LOT_05,W_01,7,0,ETCHER_B,PATH_0004,0.98,69.94,15.25,97.02,2.33,0.092,19.41,1,NORMAL
2026-01-10 09:20:00,LOT_05,W_01,8,0,ETCHER_B,PATH_0004,0.89,72.98,15.08,89.63,2.2,0.049,18.89,1,NORMAL
2026-01-10 09:25:00,LOT_05,W_01,9,0,ETCHER_B,PATH_0039,0.85,75.64,15.23,100.15,2.06,0.008,21.99,1,NORMAL
2026-01-10 09:30:00,LOT_05,W_01,0,1,ETCHER_B,PATH_0040,1.39,72.61,14.96,95.47,3.61,0.112,20.88,1,NORMAL
2026-01-10 09:35:00,LOT_05,W_01,1,1,ETCHER_B,PATH_0017,1.06,79.01,14.77,98.42,2.72,0.019,22.13,1,NORMAL
2026-01-10 09:40:00,LOT_05,W_01,2,1,ETCHER_B,PATH_0037,0.79,75.07,15.38,98.52,2.01,0.034,20.43,1,NORMAL
2026-01-10 09:45:00,LOT_05,W_01,3,1,ETCHER_B,PATH_0039,0.96,75.38,15.03,100.99,2.39,0.021,19.71,1,NORMAL
2026-01-10 09:50:00,LOT_05,W_01,4,1,ETCHER_B,PATH_0029,1.17,83.94,15.45,94.31,3.0,-0.022,25.15,0,ERR-T101
2026-01-10 09:55:00,LOT_05,W_01,5,1,ETCHER_B,PATH_0036,1.03,73.98,13.72,100.32,2.69,0.065,19.94,1,NORMAL
2026-01-10 10:00:00,LOT_05,W_01,6,1,ETCHER_B,PATH_0038,0.79,75.0,14.82,90.03,1.93,0.033,20.51,1,NORMAL
2026-01-10 10:05:00,LOT_05,W_01,7,1,ETCHER_B,PATH_0039,1.07,79.46,14.21,96.86,2.91,0.003,24.27,1,NORMAL
2026-01-10 10:10:00,LOT_05,W_01,8,1,ETCHER_B,PATH_0037,1.39,76.22,15.3,96.07,3.47,0.075,24.56,1,NORMAL
2026-01-10 10:15:00,LOT_05,W_01,9,1,ETCHER_B,PATH_0035,1.05,73.68,14.63,90.68,2.62,0.061,19.88,1,NORMAL
2026-01-10 10:20:00,LOT_05,W_01,0,2,ETCHER_B,PATH_0007,1.21,67.59,15.0,92.76,3.1,0.141,17.76,1,NORMAL
2026-01-10 10:25:00,LOT_05,W_01,1,2,ETCHER_B,PATH_0027,1.28,80.68,14.14,100.86,3.18,0.013,25.57,1,NORMAL
2026-01-10 10:30:00,LOT_05,W_01,2,2,ETCHER_B,PATH_0028,0.86,73.28,15.3,83.11,2.03,0.05,17.54,1,ERR-G202
2026-01-10 10:35:00,LOT_05,W_01,3,2,ETCHER_B,PATH_0022,1.4,74.73,15.61,90.27,3.67,0.102,24.47,1,NORMAL
2026-01-10 10:40:00,LOT_05,W_01,4,2,ETCHER_B,PATH_0014,0.91,72.72,14.28,91.22,2.18,0.072,20.91,1,NORMAL
2026-01-10 10:45:00,LOT_05,W_01,5,2,ETCHER_B,PATH_0007,0.97,71.69,14.5,90.43,2.24,0.089,19.45,1,NORMAL
2026-01-10 10:50:00,LOT_05,W_01,6,2,ETCHER_B,PATH_0037,1.3,81.95,15.3,96.42,3.42,0.012,26.22,1,NORMAL
2026-01-10 10:55:00,LOT_05,W_01,7,2,ETCHER_B,PATH_0022,1.16,72.51,14.79,92.74,3.01,0.103,19.92,1,NORMAL
2026-01-10 11:00:00,LOT_05,W_01,8,2,ETCHER_B,PATH_0005,1.23,79.4,15.17,94.81,3.14,0.033,24.21,1,NORMAL
2026-01-10 11:05:00,LOT_05,W_01,9,2,ETCHER_B,PATH_0002,0.78,72.27,14.59,93.03,1.94,0.061,18.95,1,NORMAL
2026-01-10 11:10:00,LOT_05,W_01,0,3,ETCHER_B,PATH_0027,1.37,77.1,14.81,99.6,3.42,0.06,23.86,1,NORMAL
2026-01-10 11:15:00,LOT_05,W_01,1,3,ETCHER_B,PATH_0021,1.32,74.32,15.11,91.96,3.17,0.1,23.76,1,NORMAL
2026-01-10 11:20:00,LOT_05,W_01,2,3,ETCHER_B,PATH_0038,1.31,76.39,14.88,96.5,3.37,0.071,22.17,1,NORMAL
2026-01-10 11:25:00,LOT_05,W_01,3,3,ETCHER_B,PATH_0015,0.89,79.87,15.8,92.78,2.27,-0.003,23.58,0,ERR-T101
2026-01-10 11:30:00,LOT_05,W_01,4,3,ETCHER_B,PATH_0021,1.22,76.03,14.43,100.66,3.1,0.076,22.81,1,NORMAL
2026-01-10 11:35:00,LOT_05,W_01,5,3,ETCHER_B,PATH_0010,0.92,74.15,16.0,91.17,2.28,0.056,19.88,1,NORMAL
2026-01-10 11:40:00,LOT_05,W_01,6,3,ETCHER_B,PATH_0023,1.4,80.12,14.69,97.46,3.59,0.054,25.6,1,NORMAL
2026-01-10 11:45:00,LOT_05,W_01,7,3,ETCHER_B,PATH_0039,1.18,77.61,15.07,91.09,3.02,0.039,23.17,1,NORMAL
2026-01-10 11:50:00,LOT_05,W_01,8,3,ETCHER_B,PATH_0005,1.25,77.46,14.98,92.64,3.05,0.061,24.0,1,NORMAL
2026-01-10 11:55:00,LOT_05,W_01,9,3,ETCHER_B,PATH_0001,0.81,73.84,15.57,96.84,2.18,0.037,20.67,1,NORMAL
2026-01-10 12:00:00,LOT_05,W_01,0,4,ETCHER_B,PATH_0013,1.27,75.58,14.08,94.8,3.2,0.074,21.91,1,NORMAL
2026-01-10 12:05:00,LOT_05,W_01,1,4,ETCHER_B,PATH_0021,0.81,79.28,14.49,87.94,1.94,-0.021,21.84,0,ERR-T101
2026-01-10 12:10:00,LOT_05,W_01,2,4,ETCHER_B,PATH_0026,1.09,73.57,15.17,104.3,2.64,0.062,19.34,1,NORMAL
2026-01-10 12:15:00,LOT_05,W_01,3,4,ETCHER_B,PATH_0045,1.01,74.22,14.84,93.2,2.5,0.061,21.33,1,NORMAL
2026-01-10 12:20:00,LOT_05,W_01,4,4,ETCHER_B,PATH_0021,1.01,81.3,14.52,101.97,2.5,-0.003,25.13,0,ERR-T101
2026-01-10 12:25:00,LOT_05,W_01,5,4,ETCHER_B,PATH_0018,1.1,73.41,15.19,98.34,2.59,0.061,21.27,1,NORMAL
2026-01-10 12:30:00,LOT_05,W_01,6,4,ETCHER_B,PATH_0037,1.24,80.61,15.36,87.76,2.93,0.027,20.75,1,ERR-G202
2026-01-10 12:35:00,LOT_05,W_01,7,4,ETCHER_B,PATH_0045,0.74,73.84,14.63,94.42,2.03,0.052,20.3,1,NORMAL
2026-01-10 12:40:00,LOT_05,W_01,8,4,ETCHER_B,PATH_0032,1.08,78.41,14.73,102.47,2.76,0.025,23.59,1,NORMAL
2026-01-10 12:45:00,LOT_05,W_01,9,4,ETCHER_B,PATH_0036,1.13,84.2,15.11,101.75,2.81,-0.031,,0,ERR-T101
2026-01-10 12:50:00,LOT_05,W_01,0,5,ETCHER_B,PATH_0017,1.05,74.37,15.73,94.25,2.59,0.072,22.37,1,NORMAL
2026-01-10 12:55:00,LOT_05,W_01,1,5,ETCHER_B,PATH_0035,0.98,71.45,14.75,102.6,2.53,0.085,19.07,1,NORMAL
2026-01-10 13:00:00,LOT_05,W_01,2,5,ETCHER_B,PATH_0049,1.15,78.2,15.0,95.6,2.99,0.035,22.34,1,NORMAL
2026-01-10 13:05:00,LOT_05,W_01,3,5,ETCHER_B,PATH_0011,1.18,72.92,15.21,87.6,2.96,0.111,21.51,1,ERR-G202
2026-01-10 13:10:00,LOT_05,W_01,4,5,ETCHER_B,PATH_0021,1.0,79.72,15.05,100.97,2.58,0.008,23.41,1,NORMAL
2026-01-10 13:15:00,LOT_05,W_01,5,5,ETCHER_B,PATH_0026,1.06,73.57,14.97,91.48,2.72,0.051,20.55,1,NORMAL
2026-01-10 13:20:00,LOT_05,W_01,6,5,ETCHER_B,PATH_0004,1.35,75.13,14.69,103.14,3.35,0.089,23.1,1,NORMAL
2026-01-10 13:25:00,LOT_05,W_01,7,5,ETCHER_B,PATH_0034,1.27,76.25,15.07,104.37,3.2,0.047,22.15,1,NORMAL
2026-01-10 13:30:00,LOT_05,W_01,8,5,ETCHER_B,PATH_0048,1.01,72.04,16.11,101.88,2.51,0.077,19.55,1,NORMAL
2026-01-10 13:35:00,LOT_05,W_01,9,5,ETCHER_B,PATH_0018,1.26,72.72,14.91,96.92,3.18,0.099,20.48,1,NORMAL
2026-01-10 13:40:00,LOT_05,W_01,0,6,ETCHER_B,PATH_0040,1.01,78.91,14.77,95.5,2.43,0.012,22.73,1,NORMAL
2026-01-10 13:45:00,LOT_05,W_01,1,6,ETCHER_B,PATH_0035,0.82,81.7,14.65,88.81,1.99,-0.058,24.04,0,ERR-T101
2026-01-10 13:50:00,LOT_05,W_01,2,6,ETCHER_B,PATH_0041,1.3,70.74,15.0,94.9,3.09,0.112,19.59,1,NORMAL
2026-01-10 13:55:00,LOT_05,W_01,3,6,ETCHER_B,PATH_0029,1.33,71.38,16.0,88.58,3.21,0.109,19.73,1,NORMAL
2026-01-10 14:00:00,LOT_05,W_01,4,6,ETCHER_B,PATH_0029,0.94,82.56,15.56,97.96,2.24,-0.02,25.11,0,ERR-T101
2026-01-10 14:05:00,LOT_05,W_01,5,6,ETCHER_B,PATH_0038,0.9,79.04,14.23,87.77,2.14,-0.002,23.28,0,ERR-T101
2026-01-10 14:10:00,LOT_05,W_01,6,6,ETCHER_B,PATH_0042,0.72,78.84,14.86,89.1,1.88,-0.02,21.44,0,ERR-T101
2026-01-10 14:15:00,LOT_05,W_01,7,6,ETCHER_B,PATH_0021,0.83,79.58,14.61,88.09,1.99,0.001,23.54,1,NORMAL
2026-01-10 14:20:00,LOT_05,W_01,8,6,ETCHER_B,PATH_0042,1.28,77.48,14.58,91.37,3.1,0.076,23.52,1,NORMAL
2026-01-10 14:25:00,LOT_05,W_01,9,6,ETCHER_B,PATH_0013,0.83,79.16,15.78,97.13,1.99,-0.01,21.86,0,ERR-T101
2026-01-10 14:30:00,LOT_05,W_01,0,7,ETCHER_B,PATH_0049,1.11,74.21,14.7,100.9,2.92,0.073,20.87,1,NORMAL
2026-01-10 14:35:00,LOT_05,W_01,1,7,ETCHER_B,PATH_0041,0.9,78.31,14.38,84.19,2.13,0.005,22.36,1,ERR-G202
2026-01-10 14:40:00,LOT_05,W_01,2,7,ETCHER_B,PATH_0017,1.01,76.56,15.8,96.96,2.54,0.029,21.74,1,NORMAL
2026-01-10 14:45:00,LOT_05,W_01,3,7,ETCHER_B,PATH_0009,1.21,79.87,14.61,93.87,3.15,0.024,22.56,1,NORMAL
2026-01-10 14:50:00,LOT_05,W_01,4,7,ETCHER_B,PATH_0041,0.83,70.0,13.91,92.6,1.93,0.092,18.23,1,NORMAL
2026-01-10 14:55:00,LOT_05,W_01,5,7,ETCHER_B,PATH_0001,1.06,75.63,15.03,101.48,2.43,0.054,20.71,1,NORMAL
2026-01-10 15:00:00,LOT_05,W_01,6,7,ETCHER_B,PATH_0002,1.19,76.31,15.94,98.25,3.03,0.037,20.13,1,NORMAL
2026-01-10 15:05:00,LOT_05,W_01,7,7,ETCHER_B,PATH_0048,1.03,73.95,14.65,88.7,2.58,0.062,20.82,1,NORMAL
2026-01-10 15:10:00,LOT_05,W_01,8,7,ETCHER_B,PATH_0029,1.25,81.02,15.37,96.57,3.13,0.007,24.25,1,NORMAL
2026-01-10 15:15:00,LOT_05,W_01,9,7,ETCHER_B,PATH_0033,1.07,75.42,15.34,93.08,2.67,0.059,20.78,1,NORMAL
2026-01-10 15:20:00,LOT_05,W_01,0,8,ETCHER_B,PATH_0010,0.82,77.14,15.27,92.66,2.01,0.015,21.37,1,NORMAL
2026-01-10 15:25:00,LOT_05,W_01,1,8,ETCHER_B,PATH_0040,0.81,79.96,14.52,96.32,1.98,-0.033,21.64,0,ERR-T101
2026-01-10 15:30:00,LOT_05,W_01,2,8,ETCHER_B,PATH_0021,1.12,77.73,15.08,96.06,2.96,0.038,21.77,1,NORMAL
2026-01-10 15:35:00,LOT_05,W_01,3,8,ETCHER_B,PATH_0028,0.81,76.15,13.81,87.69,2.04,0.018,18.82,1,ERR-G202
2026-01-10 15:40:00,LOT_05,W_01,4,8,ETCHER_B,PATH_0011,1.25,79.31,15.87,89.12,3.22,0.029,23.28,1,NORMAL
2026-01-10 15:45:00,LOT_05,W_01,5,8,ETCHER_B,PATH_0034,1.28,69.32,13.73,92.26,3.16,0.135,19.37,1,NORMAL
2026-01-10 15:50:00,LOT_05,W_01,6,8,ETCHER_B,PATH_0008,0.84,75.81,14.93,95.23,2.07,0.029,,1,NORMAL
2026-01-10 15:55:00,LOT_05,W_01,7,8,ETCHER_B,PATH_0022,0.99,75.1,15.07,89.84,2.5,0.05,21.43,1,NORMAL
2026-01-10 16:00:00,LOT_05,W_01,8,8,ETCHER_B,PATH_0008,0.95,73.8,14.41,92.06,2.35,0.065,21.39,1,NORMAL
2026-01-10 16:05:00,LOT_05,W_01,9,8,ETCHER_B,PATH_0049,1.27,71.45,14.72,89.74,3.31,0.129,,1,NORMAL
2026-01-10 16:10:00,LOT_05,W_01,0,9,ETCHER_B,PATH_0015,1.23,76.13,15.09,93.78,2.98,0.043,21.15,1,NORMAL
2026-01-10 16:15:00,LOT_05,W_01,1,9,ETCHER_B,PATH_0017,1.23,76.14,15.68,106.12,3.12,0.066,23.48,1,NORMAL
2026-01-10 16:20:00,LOT_05,W_01,2,9,ETCHER_B,PATH_0023,1.09,76.09,15.27,99.57,2.58,0.033,22.4,1,NORMAL
2026-01-10 16:25:00,LOT_05,W_01,3,9,ETCHER_B,PATH_0024,1.06,78.06,15.43,97.39,2.7,0.025,22.99,1,NORMAL
2026-01-10 16:30:00,LOT_05,W_01,4,9,ETCHER_B,PATH_0045,0.79,78.15,15.59,95.74,1.99,-0.007,19.12,0,ERR-T101
2026-01-10 16:35:00,LOT_05,W_01,5,9,ETCHER_B,PATH_0019,1.35,77.85,14.36,96.02,3.43,0.062,25.69,1,NORMAL
2026-01-10 16:40:00,LOT_05,W_01,6,9,ETCHER_B,PATH_0005,1.08,81.35,14.72,94.74,2.97,-0.01,21.27,0,ERR-T101
2026-01-10 16:45:00,LOT_05,W_01,7,9,ETCHER_B,PATH_0032,1.32,72.02,15.75,98.81,3.39,0.104,22.3,1,NORMAL
2026-01-10 16:50:00,LOT_05,W_01,8,9,ETCHER_B,PATH_0044,1.37,76.43,14.76,96.99,3.56,0.085,22.19,1,NORMAL
2026-01-10 16:55:00,LOT_05,W_01,9,9,ETCHER_B,PATH_0001,0.86,82.57,15.38,87.71,2.06,-0.034,24.97,0,ERR-T101
2026-01-10 17:00:00,LOT_05,W_02,0,0,ETCHER_B,PATH_0023,0.86,77.51,15.55,97.88,2.19,0.015,20.76,1,NORMAL
2026-01-10 17:05:00,LOT_05,W_02,1,0,ETCHER_B,PATH_0037,0.83,75.04,14.86,97.04,2.05,0.006,21.32,1,NORMAL
2026-01-10 17:10:00,LOT_05,W_02,2,0,ETCHER_B,PATH_0008,0.79,74.95,15.35,98.31,1.9,0.037,19.74,1,NORMAL
2026-01-10 17:15:00,LOT_05,W_02,3,0,ETCHER_B,PATH_0013,1.0,71.03,15.18,96.76,2.46,0.092,19.43,1,NORMAL
2026-01-10 17:20:00,LOT_05,W_02,4,0,ETCHER_B,PATH_0008,0.81,79.33,14.92,91.39,2.2,-0.009,22.63,0,ERR-T101
2026-01-10 17:25:00,LOT_05,W_02,5,0,ETCHER_B,PATH_0023,1.32,76.15,15.3,95.31,3.27,0.064,21.94,1,NORMAL
2026-01-10 17:30:00,LOT_05,W_02,6,0,ETCHER_B,PATH_0043,0.89,76.64,15.74,94.66,1.97,0.028,20.96,1,NORMAL
2026-01-10 17:35:00,LOT_05,W_02,7,0,ETCHER_B,PATH_0001,1.03,75.63,15.31,102.0,2.51,0.039,20.93,1,NORMAL
2026-01-10 17:40:00,LOT_05,W_02,8,0,ETCHER_B,PATH_0045,1.06,74.23,15.9,94.6,2.58,0.069,19.33,1,NORMAL
2026-01-10 17:45:00,LOT_05,W_02,9,0,ETCHER_B,PATH_0024,0.91,77.78,15.01,92.1,2.38,0.014,22.73,1,NORMAL
2026-01-10 17:50:00,LOT_05,W_02,0,1,ETCHER_B,PATH_0035,1.16,79.05,15.61,96.72,2.79,0.048,24.41,1,NORMAL
2026-01-10 17:55:00,LOT_05,W_02,1,1,ETCHER_B,PATH_0024,0.79,80.51,15.4,95.43,2.0,-0.029,21.36,0,ERR-T101
2026-01-10 18:00:00,LOT_05,W_02,2,1,ETCHER_B,PATH_0017,0.71,83.29,15.09,91.92,1.88,-0.059,22.88,0,ERR-T101
2026-01-10 18:05:00,LOT_05,W_02,3,1,ETCHER_B,PATH_0005,1.14,85.13,15.01,92.26,2.84,-0.047,26.81,0,ERR-T101
2026-01-10 18:10:00,LOT_05,W_02,4,1,ETCHER_B,PATH_0020,1.19,81.66,15.05,90.49,3.05,-0.006,24.09,0,ERR-T101
2026-01-10 18:15:00,LOT_05,W_02,5,1,ETCHER_B,PATH_0021,1.18,67.31,14.32,92.99,2.95,0.143,18.65,1,NORMAL
2026-01-10 18:20:00,LOT_05,W_02,6,1,ETCHER_B,PATH_0040,1.38,78.13,15.13,90.62,3.47,0.064,22.37,1,NORMAL
2026-01-10 18:25:00,LOT_05,W_02,7,1,ETCHER_B,PATH_0031,1.16,71.74,14.89,86.97,3.14,0.108,19.63,1,ERR-G202
2026-01-10 18:30:00,LOT_05,W_02,8,1,ETCHER_B,PATH_0046,1.3,73.62,15.62,96.25,3.33,0.093,22.27,1,NORMAL
2026-01-10 18:35:00,LOT_05,W_02,9,1,ETCHER_B,PATH_0036,0.82,83.94,15.27,95.75,2.09,-0.052,,0,ERR-T101
2026-01-10 18:40:00,LOT_05,W_02,0,2,ETCHER_B,PATH_0011,0.87,80.1,14.97,89.6,2.19,-0.016,21.87,0,ERR-T101
2026-01-10 18:45:00,LOT_05,W_02,1,2,ETCHER_B,PATH_0015,1.31,75.03,15.68,97.44,3.39,0.089,21.11,1,NORMAL
2026-01-10 18:50:00,LOT_05,W_02,2,2,ETCHER_B,PATH_0019,0.83,78.25,14.85,98.17,2.15,-0.0,21.96,0,ERR-T101
2026-01-10 18:55:00,LOT_05,W_02,3,2,ETCHER_B,PATH_0007,0.89,87.54,14.5,92.33,2.23,-0.087,27.08,0,ERR-T101
2026-01-10 19:00:00,LOT_05,W_02,4,2,ETCHER_B,PATH_0028,1.39,79.56,15.11,101.35,3.5,0.044,24.63,1,NORMAL
2026-01-10 19:05:00,LOT_05,W_02,5,2,ETCHER_B,PATH_0043,0.89,75.41,15.77,91.38,2.34,0.039,20.19,1,NORMAL
2026-01-10 19:10:00,LOT_05,W_02,6,2,ETCHER_B,PATH_0005,1.29,75.68,14.56,98.71,3.28,0.087,22.57,1,NORMAL
2026-01-10 19:15:00,LOT_05,W_02,7,2,ETCHER_B,PATH_0005,1.06,69.21,14.93,99.63,2.61,0.112,19.03,1,NORMAL
2026-01-10 19:20:00,LOT_05,W_02,8,2,ETCHER_B,PATH_0030,0.88,75.07,15.18,96.02,2.23,0.042,20.33,1,NORMAL
2026-01-10 19:25:00,LOT_05,W_02,9,2,ETCHER_B,PATH_0032,0.78,77.0,15.29,89.23,1.79,-0.02,22.31,0,ERR-T101
2026-01-10 19:30:00,LOT_05,W_02,0,3,ETCHER_B,PATH_0008,1.28,75.24,15.0,84.62,3.29,0.067,22.68,1,ERR-G202
2026-01-10 19:35:00,LOT_05,W_02,1,3,ETCHER_B,PATH_0010,1.14,78.25,14.79,97.22,2.71,0.019,24.09,1,NORMAL
2026-01-10 19:40:00,LOT_05,W_02,2,3,ETCHER_B,PATH_0038,1.09,69.86,14.98,88.37,2.86,0.108,18.45,1,NORMAL
2026-01-10 19:45:00,LOT_05,W_02,3,3,ETCHER_B,PATH_0047,1.14,69.86,15.04,93.12,2.95,0.122,,1,NORMAL
2026-01-10 19:50:00,LOT_05,W_02,4,3,ETCHER_B,PATH_0032,1.17,81.31,15.46,101.74,3.06,0.008,25.21,1,NORMAL
2026-01-10 19:55:00,LOT_05,W_02,5,3,ETCHER_B,PATH_0048,1.26,81.88,14.63,91.6,3.0,0.019,23.65,1,NORMAL
2026-01-10 20:00:00,LOT_05,W_02,6,3,ETCHER_B,PATH_0028,1.3,80.09,15.45,102.35,3.35,0.012,24.34,1,NORMAL
2026-01-10 20:05:00,LOT_05,W_02,7,3,ETCHER_B,PATH_0017,1.32,78.32,15.15,105.18,3.19,0.04,25.71,1,NORMAL
2026-01-10 20:10:00,LOT_05,W_02,8,3,ETCHER_B,PATH_0031,1.08,69.89,14.3,101.67,2.74,0.12,,1,NORMAL
2026-01-10 20:15:00,LOT_05,W_02,9,3,ETCHER_B,PATH_0008,0.74,72.67,14.68,93.02,1.92,0.045,20.4,1,NORMAL
2026-01-10 20:20:00,LOT_05,W_02,0,4,ETCHER_B,PATH_0040,0.86,73.56,15.61,90.01,2.2,0.031,18.08,1,NORMAL
2026-01-10 20:25:00,LOT_05,W_02,1,4,ETCHER_B,PATH_0025,0.9,73.03,15.01,98.38,2.29,0.067,20.73,1,NORMAL
2026-01-10 20:30:00,LOT_05,W_02,2,4,ETCHER_B,PATH_0009,1.0,76.29,14.72,92.31,2.63,0.028,20.12,1,NORMAL
2026-01-10 20:35:00,LOT_05,W_02,3,4,ETCHER_B,PATH_0002,0.72,70.89,15.34,94.35,1.79,0.056,18.43,1,NORMAL
2026-01-10 20:40:00,LOT_05,W_02,4,4,ETCHER_B,PATH_0015,0.83,74.38,15.34,91.3,2.06,0.041,20.1,1,NORMAL
2026-01-10 20:45:00,LOT_05,W_02,5,4,ETCHER_B,PATH_0003,1.39,80.79,14.72,99.12,3.46,0.059,24.86,1,NORMAL
2026-01-10 20:50:00,LOT_05,W_02,6,4,ETCHER_B,PATH_0049,1.21,73.51,15.11,93.63,3.08,0.086,19.85,1,NORMAL
2026-01-10 20:55:00,LOT_05,W_02,7,4,ETCHER_B,PATH_0036,1.31,75.05,14.56,96.69,3.35,0.096,23.85,1,NORMAL
2026-01-10 21:00:00,LOT_05,W_02,8,4,ETCHER_B,PATH_0004,1.32,75.3,14.07,90.15,3.31,0.096,,1,NORMAL
2026-01-10 21:05:00,LOT_05,W_02,9,4,ETCHER_B,PATH_0014,1.18,80.36,14.16,91.61,2.95,0.04,24.62,1,NORMAL
2026-01-10 21:10:00,LOT_05,W_02,0,5,ETCHER_B,PATH_0041,1.05,79.86,14.49,92.47,2.72,-0.0,22.74,0,ERR-T101
2026-01-10 21:15:00,LOT_05,W_02,1,5,ETCHER_B,PATH_0041,0.94,71.87,14.91,98.42,2.4,0.093,21.06,1,NORMAL
2026-01-10 21:20:00,LOT_05,W_02,2,5,ETCHER_B,PATH_0025,1.12,82.74,14.68,103.58,2.61,-0.006,23.5,0,ERR-T101
2026-01-10 21:25:00,LOT_05,W_02,3,5,ETCHER_B,PATH_0010,1.03,77.85,14.87,95.59,2.59,0.017,20.38,1,NORMAL
2026-01-10 21:30:00,LOT_05,W_02,4,5,ETCHER_B,PATH_0021,0.82,64.53,14.69,92.43,1.94,0.143,16.28,1,NORMAL
2026-01-10 21:35:00,LOT_05,W_02,5,5,ETCHER_B,PATH_0036,0.8,80.12,15.23,93.7,1.85,-0.021,21.94,0,ERR-T101
2026-01-10 21:40:00,LOT_05,W_02,6,5,ETCHER_B,PATH_0012,1.13,71.12,14.83,88.84,2.95,0.081,21.26,1,NORMAL
2026-01-10 21:45:00,LOT_05,W_02,7,5,ETCHER_B,PATH_0027,1.39,75.35,15.22,91.55,3.55,0.099,22.83,1,NORMAL
2026-01-10 21:50:00,LOT_05,W_02,8,5,ETCHER_B,PATH_0040,0.98,80.42,14.93,97.99,2.45,-0.013,22.64,0,ERR-T101
2026-01-10 21:55:00,LOT_05,W_02,9,5,ETCHER_B,PATH_0002,1.07,69.36,15.24,102.3,2.52,0.106,18.04,1,NORMAL
2026-01-10 22:00:00,LOT_05,W_02,0,6,ETCHER_B,PATH_0013,0.82,70.81,15.14,84.3,2.1,0.069,19.69,1,ERR-G202
2026-01-10 22:05:00,LOT_05,W_02,1,6,ETCHER_B,PATH_0032,0.77,66.89,14.57,93.65,1.91,0.085,16.69,1,NORMAL
2026-01-10 22:10:00,LOT_05,W_02,2,6,ETCHER_B,PATH_0031,1.15,78.34,14.58,89.61,2.85,0.032,22.59,1,NORMAL
2026-01-10 22:15:00,LOT_05,W_02,3,6,ETCHER_B,PATH_0016,1.36,76.44,15.57,97.56,3.38,0.063,23.99,1,NORMAL
2026-01-10 22:20:00,LOT_05,W_02,4,6,ETCHER_B,PATH_0032,0.96,74.83,15.85,95.21,2.49,0.046,20.93,1,NORMAL
2026-01-10 22:25:00,LOT_05,W_02,5,6,ETCHER_B,PATH_0032,1.27,75.19,14.91,96.96,3.03,0.065,21.75,1,NORMAL
2026-01-10 22:30:00,LOT_05,W_02,6,6,ETCHER_B,PATH_0034,0.85,69.37,14.87,92.23,2.12,0.104,17.68,1,NORMAL
2026-01-10 22:35:00,LOT_05,W_02,7,6,ETCHER_B,PATH_0011,0.78,70.98,15.86,97.71,2.07,0.061,19.33,1,NORMAL
2026-01-10 22:40:00,LOT_05,W_02,8,6,ETCHER_B,PATH_0010,1.15,76.41,14.39,100.78,2.96,0.06,21.7,1,NORMAL
2026-01-10 22:45:00,LOT_05,W_02,9,6,ETCHER_B,PATH_0015,0.95,81.24,14.98,97.88,2.36,-0.028,23.42,0,ERR-T101
2026-01-10 22:50:00,LOT_05,W_02,0,7,ETCHER_B,PATH_0017,1.25,71.35,15.18,82.52,3.14,0.125,19.38,1,ERR-G202
2026-01-10 22:55:00,LOT_05,W_02,1,7,ETCHER_B,PATH_0040,1.04,72.95,15.38,101.38,2.57,0.07,21.94,1,NORMAL
2026-01-10 23:00:00,LOT_05,W_02,2,7,ETCHER_B,PATH_0018,1.35,76.76,15.26,103.81,3.39,0.079,24.74,1,NORMAL
2026-01-10 23:05:00,LOT_05,W_02,3,7,ETCHER_B,PATH_0009,1.16,78.83,15.55,91.82,2.95,0.019,22.41,1,NORMAL
2026-01-10 23:10:00,LOT_05,W_02,4,7,ETCHER_B,PATH_0025,0.74,76.71,15.43,90.7,1.71,-0.002,18.99,0,ERR-T101
2026-01-10 23:15:00,LOT_05,W_02,5,7,ETCHER_B,PATH_0040,0.71,74.01,14.7,93.69,1.81,0.057,21.06,1,NORMAL
2026-01-10 23:20:00,LOT_05,W_02,6,7,ETCHER_B,PATH_0014,0.96,71.83,14.4,84.93,2.38,0.085,19.04,1,ERR-G202
2026-01-10 23:25:00,LOT_05,W_02,7,7,ETCHER_B,PATH_0025,0.93,79.51,15.68,100.89,2.22,0.007,23.68,1,NORMAL
2026-01-10 23:30:00,LOT_05,W_02,8,7,ETCHER_B,PATH_0022,1.2,73.4,14.74,95.04,2.89,0.087,21.31,1,NORMAL
2026-01-10 23:35:00,LOT_05,W_02,9,7,ETCHER_B,PATH_0030,1.04,69.32,14.45,95.19,2.74,0.12,20.72,1,NORMAL
2026-01-10 23:40:00,LOT_05,W_02,0,8,ETCHER_B,PATH_0020,0.85,76.46,14.47,91.0,2.09,0.023,21.5,1,NORMAL
2026-01-10 23:45:00,LOT_05,W_02,1,8,ETCHER_B,PATH_0021,1.21,76.78,14.94,98.66,2.91,0.058,22.61,1,NORMAL
2026-01-10 23:50:00,LOT_05,W_02,2,8,ETCHER_B,PATH_0044,0.83,78.83,15.05,99.68,1.99,0.01,22.62,1,NORMAL
2026-01-10 23:55:00,LOT_05,W_02,3,8,ETCHER_B,PATH_0032,1.29,79.09,14.68,99.8,3.32,0.036,22.47,1,NORMAL
2026-01-11 00:00:00,LOT_05,W_02,4,8,ETCHER_B,PATH_0046,1.11,77.88,14.78,94.59,2.8,0.03,22.75,1,NORMAL
2026-01-11 00:05:00,LOT_05,W_02,5,8,ETCHER_B,PATH_0049,0.81,81.33,14.16,87.65,2.06,-0.028,22.77,0,ERR-T101
2026-01-11 00:10:00,LOT_05,W_02,6,8,ETCHER_B,PATH_0021,1.11,82.46,14.92,92.39,2.71,0.003,24.7,1,NORMAL
2026-01-11 00:15:00,LOT_05,W_02,7,8,ETCHER_B,PATH_0035,0.94,82.52,14.7,94.89,2.33,-0.008,22.26,0,ERR-T101
2026-01-11 00:20:00,LOT_05,W_02,8,8,ETCHER_B,PATH_0032,0.89,80.16,15.31,93.3,2.04,-0.024,24.62,0,ERR-T101
2026-01-11 00:25:00,LOT_05,W_02,9,8,ETCHER_B,PATH_0030,0.86,81.89,15.44,97.89,2.23,-0.05,21.7,0,ERR-T101
2026-01-11 00:30:00,LOT_05,W_02,0,9,ETCHER_B,PATH_0039,1.0,75.74,15.3,97.07,2.37,0.031,22.13,1,NORMAL
2026-01-11 00:35:00,LOT_05,W_02,1,9,ETCHER_B,PATH_0049,1.36,78.17,14.09,88.63,3.34,0.046,22.93,1,NORMAL
2026-01-11 00:40:00,LOT_05,W_02,2,9,ETCHER_B,PATH_0012,1.13,74.88,14.13,91.52,2.95,0.061,21.09,1,NORMAL
2026-01-11 00:45:00,LOT_05,W_02,3,9,ETCHER_B,PATH_0041,1.38,70.42,15.85,96.07,3.27,0.121,21.0,1,NORMAL
2026-01-11 00:50:00,LOT_05,W_02,4,9,ETCHER_B,PATH_0047,1.01,80.9,14.26,92.52,2.44,-0.013,24.72,0,ERR-T101
2026-01-11 00:55:00,LOT_05,W_02,5,9,ETCHER_B,PATH_0018,1.17,78.7,14.91,88.72,2.97,0.016,23.67,1,NORMAL
2026-01-11 01:00:00,LOT_05,W_02,6,9,ETCHER_B,PATH_0021,0.7,74.28,14.73,96.11,1.92,0.032,19.79,1,NORMAL
2026-01-11 01:05:00,LOT_05,W_02,7,9,ETCHER_B,PATH_0013,0.75,81.15,15.07,89.72,1.84,-0.022,23.93,0,ERR-T101
2026-01-11 01:10:00,LOT_05,W_02,8,9,ETCHER_B,PATH_0021,1.11,74.24,15.03,93.26,2.83,0.071,22.09,1,NORMAL
2026-01-11 01:15:00,LOT_05,W_02,9,9,ETCHER_B,PATH_0008,1.07,75.58,14.95,93.92,2.61,0.056,22.59,1,NORMAL
2026-01-11 01:20:00,LOT_05,W_03,0,0,ETCHER_B,PATH_0046,1.2,68.97,13.97,89.19,3.17,0.119,19.23,1,NORMAL
2026-01-11 01:25:00,LOT_05,W_03,1,0,ETCHER_B,PATH_0040,0.91,77.27,15.86,96.45,2.35,0.011,22.79,1,NORMAL
2026-01-11 01:30:00,LOT_05,W_03,2,0,ETCHER_B,PATH_0046,1.2,72.38,14.68,91.98,2.99,0.091,20.51,1,NORMAL
2026-01-11 01:35:00,LOT_05,W_03,3,0,ETCHER_B,PATH_0007,0.85,76.65,15.26,99.52,1.94,0.014,21.0,1,NORMAL
2026-01-11 01:40:00,LOT_05,W_03,4,0,ETCHER_B,PATH_0023,0.82,78.8,15.19,96.21,2.13,-0.003,,0,ERR-T101
2026-01-11 01:45:00,LOT_05,W_03,5,0,ETCHER_B,PATH_0044,1.32,73.68,14.72,99.85,3.3,0.102,22.47,1,NORMAL
2026-01-11 01:50:00,LOT_05,W_03,6,0,ETCHER_B,PATH_0032,1.07,71.37,14.8,90.15,2.73,0.112,18.09,1,NORMAL
2026-01-11 01:55:00,LOT_05,W_03,7,0,ETCHER_B,PATH_0011,0.85,82.57,15.23,91.36,2.08,-0.021,23.36,0,ERR-T101
2026-01-11 02:00:00,LOT_05,W_03,8,0,ETCHER_B,PATH_0022,0.82,80.15,14.47,100.95,2.01,0.006,23.42,1,NORMAL
2026-01-11 02:05:00,LOT_05,W_03,9,0,ETCHER_B,PATH_0022,0.88,77.55,14.43,98.78,2.27,0.022,22.29,1,NORMAL
2026-01-11 02:10:00,LOT_05,W_03,0,1,ETCHER_B,PATH_0043,0.72,81.18,15.56,91.65,1.78,-0.043,22.08,0,ERR-T101
2026-01-11 02:15:00,LOT_05,W_03,1,1,ETCHER_B,PATH_0025,1.16,80.15,15.33,104.64,2.91,0.02,25.1,1,NORMAL
2026-01-11 02:20:00,LOT_05,W_03,2,1,ETCHER_B,PATH_0022,0.79,74.65,15.65,97.45,2.17,0.03,19.06,1,NORMAL
2026-01-11 02:25:00,LOT_05,W_03,3,1,ETCHER_B,PATH_0028,0.86,77.07,15.3,89.46,1.97,0.013,22.23,1,NORMAL
2026-01-11 02:30:00,LOT_05,W_03,4,1,ETCHER_B,PATH_0029,0.97,70.27,14.54,88.07,2.42,0.094,18.97,1,NORMAL
2026-01-11 02:35:00,LOT_05,W_03,5,1,ETCHER_B,PATH_0013,1.3,76.96,14.81,100.23,3.26,0.061,23.59,1,NORMAL
2026-01-11 02:40:00,LOT_05,W_03,6,1,ETCHER_B,PATH_0018,0.82,74.27,15.27,95.11,2.09,0.019,20.58,1,NORMAL
2026-01-11 02:45:00,LOT_05,W_03,7,1,ETCHER_B,PATH_0002,1.28,79.42,14.66,96.27,3.32,0.028,24.01,1,NORMAL
2026-01-11 02:50:00,LOT_05,W_03,8,1,ETCHER_B,PATH_0029,1.02,76.24,14.5,90.98,2.38,0.057,22.16,1,NORMAL
2026-01-11 02:55:00,LOT_05,W_03,9,1,ETCHER_B,PATH_0021,0.96,75.9,15.67,95.66,2.42,0.03,23.11,1,NORMAL
2026-01-11 03:00:00,LOT_05,W_03,0,2,ETCHER_B,PATH_0015,0.73,75.28,15.22,99.69,1.83,0.011,21.84,1,NORMAL
2026-01-11 03:05:00,LOT_05,W_03,1,2,ETCHER_B,PATH_0027,0.91,80.65,14.61,84.86,2.21,-0.03,22.47,0,ERR-T101
2026-01-11 03:10:00,LOT_05,W_03,2,2,ETCHER_B,PATH_0031,0.93,77.71,14.68,102.43,2.55,0.008,21.33,1,NORMAL
2026-01-11 03:15:00,LOT_05,W_03,3,2,ETCHER_B,PATH_0015,0.85,81.17,16.08,98.66,2.07,-0.052,23.22,0,ERR-T101
2026-01-11 03:20:00,LOT_05,W_03,4,2,ETCHER_B,PATH_0023,1.17,73.83,15.11,106.26,2.97,0.079,20.53,1,NORMAL
2026-01-11 03:25:00,LOT_05,W_03,5,2,ETCHER_B,PATH_0024,1.27,75.0,15.49,91.19,3.16,0.081,21.81,1,NORMAL
2026-01-11 03:30:00,LOT_05,W_03,6,2,ETCHER_B,PATH_0044,1.07,68.73,14.59,91.61,2.57,0.116,19.66,1,NORMAL
2026-01-11 03:35:00,LOT_05,W_03,7,2,ETCHER_B,PATH_0013,0.94,78.6,15.24,98.42,2.55,0.009,22.34,1,NORMAL
2026-01-11 03:40:00,LOT_05,W_03,8,2,ETCHER_B,PATH_0022,0.95,75.82,15.26,91.59,2.28,0.049,21.12,1,NORMAL
2026-01-11 03:45:00,LOT_05,W_03,9,2,ETCHER_B,PATH_0043,1.2,71.58,15.54,88.44,2.93,0.081,20.51,1,NORMAL
2026-01-11 03:50:00,LOT_05,W_03,0,3,ETCHER_B,PATH_0037,0.81,78.45,15.69,92.74,2.23,-0.014,21.54,0,ERR-T101
2026-01-11 03:55:00,LOT_05,W_03,1,3,ETCHER_B,PATH_0033,0.88,72.18,14.85,93.9,2.32,0.06,20.31,1,NORMAL
2026-01-11 04:00:00,LOT_05,W_03,2,3,ETCHER_B,PATH_0003,1.19,73.07,14.33,85.8,2.88,0.099,19.48,1,ERR-G202
2026-01-11 04:05:00,LOT_05,W_03,3,3,ETCHER_B,PATH_0019,0.95,74.75,14.26,90.36,2.23,0.045,20.6,1,NORMAL
2026-01-11 04:10:00,LOT_05,W_03,4,3,ETCHER_B,PATH_0023,0.96,74.83,14.95,96.32,2.28,0.049,21.36,1,NORMAL
2026-01-11 04:15:00,LOT_05,W_03,5,3,ETCHER_B,PATH_0029,1.08,79.44,14.18,99.74,2.63,0.014,21.58,1,NORMAL
2026-01-11 04:20:00,LOT_05,W_03,6,3,ETCHER_B,PATH_0030,0.78,74.4,15.57,97.87,1.91,0.031,18.64,1,NORMAL
2026-01-11 04:25:00,LOT_05,W_03,7,3,ETCHER_B,PATH_0039,1.17,73.96,15.72,93.94,2.94,0.075,22.74,1,NORMAL
2026-01-11 04:30:00,LOT_05,W_03,8,3,ETCHER_B,PATH_0044,0.79,78.78,14.58,91.83,1.84,-0.017,20.9,0,ERR-T101
2026-01-11 04:35:00,LOT_05,W_03,9,3,ETCHER_B,PATH_0047,0.85,67.85,14.68,96.36,2.09,0.106,15.54,1,NORMAL
2026-01-11 04:40:00,LOT_05,W_03,0,4,ETCHER_B,PATH_0025,0.95,82.67,14.34,92.9,2.34,-0.013,23.33,0,ERR-T101
2026-01-11 04:45:00,LOT_05,W_03,1,4,ETCHER_B,PATH_0037,1.4,74.57,14.09,86.57,3.45,0.109,23.57,1,ERR-G202
2026-01-11 04:50:00,LOT_05,W_03,2,4,ETCHER_B,PATH_0047,1.05,78.04,14.8,98.78,2.76,0.011,23.85,1,NORMAL
2026-01-11 04:55:00,LOT_05,W_03,3,4,ETCHER_B,PATH_0008,0.83,85.61,14.64,90.48,2.02,-0.071,26.12,0,ERR-T101
2026-01-11 05:00:00,LOT_05,W_03,4,4,ETCHER_B,PATH_0042,1.18,79.54,14.85,91.54,3.02,0.018,24.03,1,NORMAL
2026-01-11 05:05:00,LOT_05,W_03,5,4,ETCHER_B,PATH_0016,1.03,78.39,15.37,89.82,2.55,0.012,22.46,1,NORMAL
2026-01-11 05:10:00,LOT_05,W_03,6,4,ETCHER_B,PATH_0008,0.7,78.68,14.28,100.08,1.77,-0.027,21.82,0,ERR-T101
2026-01-11 05:15:00,LOT_05,W_03,7,4,ETCHER_B,PATH_0001,1.04,78.58,14.88,102.37,2.68,-0.007,24.03,0,ERR-T101
2026-01-11 05:20:00,LOT_05,W_03,8,4,ETCHER_B,PATH_0044,0.94,82.74,15.98,98.01,2.37,-0.038,22.92,0,ERR-T101
2026-01-11 05:25:00,LOT_05,W_03,9,4,ETCHER_B,PATH_0005,0.83,69.9,15.66,92.38,2.03,0.084,18.43,1,NORMAL
2026-01-11 05:30:00,LOT_05,W_03,0,5,ETCHER_B,PATH_0003,0.83,72.63,14.62,97.67,2.02,0.062,17.17,1,NORMAL
2026-01-11 05:35:00,LOT_05,W_03,1,5,ETCHER_B,PATH_0001,0.85,77.93,15.42,85.31,2.08,0.011,21.75,1,ERR-G202
2026-01-11 05:40:00,LOT_05,W_03,2,5,ETCHER_B,PATH_0004,1.14,76.41,15.12,90.75,2.88,0.046,22.16,1,NORMAL
2026-01-11 05:45:00,LOT_05,W_03,3,5,ETCHER_B,PATH_0040,1.13,78.66,14.56,83.99,2.75,0.033,23.3,1,ERR-G202
2026-01-11 05:50:00,LOT_05,W_03,4,5,ETCHER_B,PATH_0035,1.05,74.82,14.27,102.3,2.6,0.054,19.23,1,NORMAL
2026-01-11 05:55:00,LOT_05,W_03,5,5,ETCHER_B,PATH_0032,0.98,68.08,15.36,89.15,2.41,0.122,17.37,1,NORMAL
2026-01-11 06:00:00,LOT_05,W_03,6,5,ETCHER_B,PATH_0042,1.17,79.58,15.0,91.48,3.1,0.011,24.24,1,NORMAL
2026-01-11 06:05:00,LOT_05,W_03,7,5,ETCHER_B,PATH_0034,1.02,79.18,13.67,94.41,2.45,0.012,21.7,1,NORMAL
2026-01-11 06:10:00,LOT_05,W_03,8,5,ETCHER_B,PATH_0043,0.74,75.02,14.8,99.75,1.86,0.028,20.68,1,NORMAL
2026-01-11 06:15:00,LOT_05,W_03,9,5,ETCHER_B,PATH_0025,1.03,71.38,16.1,94.16,2.72,0.095,20.69,1,NORMAL
2026-01-11 06:20:00,LOT_05,W_03,0,6,ETCHER_B,PATH_0010,1.25,81.68,14.35,99.46,3.01,0.025,25.01,1,NORMAL
2026-01-11 06:25:00,LOT_05,W_03,1,6,ETCHER_B,PATH_0021,1.33,76.21,14.76,98.7,3.23,0.073,23.15,1,NORMAL
2026-01-11 06:30:00,LOT_05,W_03,2,6,ETCHER_B,PATH_0046,1.14,74.36,16.05,90.21,3.01,0.073,21.96,1,NORMAL
2026-01-11 06:35:00,LOT_05,W_03,3,6,ETCHER_B,PATH_0039,0.82,73.86,15.2,86.89,2.15,0.036,20.69,1,ERR-G202
2026-01-11 06:40:00,LOT_05,W_03,4,6,ETCHER_B,PATH_0027,1.18,78.57,14.43,89.73,2.98,0.025,23.04,1,NORMAL
2026-01-11 06:45:00,LOT_05,W_03,5,6,ETCHER_B,PATH_0027,1.27,80.89,14.72,88.69,3.22,0.017,24.71,1,NORMAL
2026-01-11 06:50:00,LOT_05,W_03,6,6,ETCHER_B,PATH_0002,1.32,85.8,14.62,95.85,3.3,-0.036,26.66,0,ERR-T101
2026-01-11 06:55:00,LOT_05,W_03,7,6,ETCHER_B,PATH_0041,0.72,83.14,14.93,83.86,1.94,-0.059,22.74,0,ERR-T101
2026-01-11 07:00:00,LOT_05,W_03,8,6,ETCHER_B,PATH_0048,0.71,81.06,14.8,96.94,1.6,-0.029,22.6,0,ERR-T101
2026-01-11 07:05:00,LOT_05,W_03,9,6,ETCHER_B,PATH_0013,0.81,74.24,14.5,87.43,2.17,0.043,21.55,1,ERR-G202
2026-01-11 07:10:00,LOT_05,W_03,0,7,ETCHER_B,PATH_0009,1.06,73.43,14.74,92.45,2.72,0.084,19.57,1,NORMAL
2026-01-11 07:15:00,LOT_05,W_03,1,7,ETCHER_B,PATH_0036,1.28,74.21,15.96,104.73,3.34,0.089,20.81,1,NORMAL
2026-01-11 07:20:00,LOT_05,W_03,2,7,ETCHER_B,PATH_0022,0.82,76.37,15.01,89.7,1.87,0.009,19.42,1,NORMAL
2026-01-11 07:25:00,LOT_05,W_03,3,7,ETCHER_B,PATH_0042,1.04,66.27,14.64,90.34,2.57,0.15,18.17,1,NORMAL
2026-01-11 07:30:00,LOT_05,W_03,4,7,ETCHER_B,PATH_0026,0.81,73.12,14.85,101.2,2.2,0.048,18.23,1,NORMAL
2026-01-11 07:35:00,LOT_05,W_03,5,7,ETCHER_B,PATH_0012,1.3,72.7,15.18,88.15,3.44,0.094,21.03,1,NORMAL
2026-01-11 07:40:00,LOT_05,W_03,6,7,ETCHER_B,PATH_0017,1.03,76.16,14.98,97.65,2.72,0.04,21.72,1,NORMAL
2026-01-11 07:45:00,LOT_05,W_03,7,7,ETCHER_B,PATH_0014,1.32,75.59,15.04,91.7,3.5,0.072,22.93,1,NORMAL
2026-01-11 07:50:00,LOT_05,W_03,8,7,ETCHER_B,PATH_0014,1.07,71.68,14.72,93.85,2.83,0.097,20.02,1,NORMAL
2026-01-11 07:55:00,LOT_05,W_03,9,7,ETCHER_B,PATH_0034,0.88,78.64,15.36,97.43,2.22,0.011,21.4,1,NORMAL
2026-01-11 08:00:00,LOT_05,W_03,0,8,ETCHER_B,PATH_0020,1.25,76.41,15.1,101.09,3.38,0.034,23.02,1,NORMAL
2026-01-11 08:05:00,LOT_05,W_03,1,8,ETCHER_B,PATH_0011,0.87,73.05,14.8,86.68,2.1,0.047,18.49,1,ERR-G202
2026-01-11 08:10:00,LOT_05,W_03,2,8,ETCHER_B,PATH_0016,0.79,70.16,15.01,96.12,2.05,0.068,18.99,1,NORMAL
2026-01-11 08:15:00,LOT_05,W_03,3,8,ETCHER_B,PATH_0031,1.36,80.73,15.0,80.57,3.44,0.038,24.52,1,ERR-G202
2026-01-11 08:20:00,LOT_05,W_03,4,8,ETCHER_B,PATH_0006,0.78,71.54,14.99,87.13,1.95,0.075,17.9,1,ERR-G202
2026-01-11 08:25:00,LOT_05,W_03,5,8,ETCHER_B,PATH_0019,1.15,79.26,15.94,95.2,2.98,0.021,22.36,1,NORMAL
2026-01-11 08:30:00,LOT_05,W_03,6,8,ETCHER_B,PATH_0037,0.92,75.69,15.57,94.13,2.5,0.066,19.92,1,NORMAL
2026-01-11 08:35:00,LOT_05,W_03,7,8,ETCHER_B,PATH_0004,1.03,73.18,15.39,89.15,2.65,0.087,20.02,1,NORMAL
2026-01-11 08:40:00,LOT_05,W_03,8,8,ETCHER_B,PATH_0047,1.07,74.83,15.04,98.75,2.77,0.072,20.12,1,NORMAL
2026-01-11 08:45:00,LOT_05,W_03,9,8,ETCHER_B,PATH_0004,0.96,72.84,15.82,100.03,2.32,0.061,20.29,1,NORMAL
2026-01-11 08:50:00,LOT_05,W_03,0,9,ETCHER_B,PATH_0020,0.95,77.38,15.39,97.62,2.4,0.021,21.42,1,NORMAL
2026-01-11 08:55:00,LOT_05,W_03,1,9,ETCHER_B,PATH_0010,1.3,78.74,15.85,96.61,3.13,0.046,23.46,1,NORMAL
2026-01-11 09:00:00,LOT_05,W_03,2,9,ETCHER_B,PATH_0024,0.77,72.93,15.76,100.13,1.87,0.059,18.89,1,NORMAL
2026-01-11 09:05:00,LOT_05,W_03,3,9,ETCHER_B,PATH_0035,0.72,76.14,15.09,94.29,1.77,0.008,19.84,1,NORMAL
2026-01-11 09:10:00,LOT_05,W_03,4,9,ETCHER_B,PATH_0026,1.36,76.16,15.22,101.34,3.31,0.075,22.37,1,NORMAL
2026-01-11 09:15:00,LOT_05,W_03,5,9,ETCHER_B,PATH_0037,0.98,79.29,14.64,95.22,2.46,0.023,21.49,1,NORMAL
2026-01-11 09:20:00,LOT_05,W_03,6,9,ETCHER_B,PATH_0038,1.11,70.55,15.2,95.48,2.68,0.11,20.89,1,NORMAL
2026-01-11 09:25:00,LOT_05,W_03,7,9,ETCHER_B,PATH_0021,1.19,80.84,15.45,87.44,2.86,-0.0,24.65,0,ERR-T101
2026-01-11 09:30:00,LOT_05,W_03,8,9,ETCHER_B,PATH_0040,1.24,72.63,13.47,91.69,3.11,0.103,,1,NORMAL
2026-01-11 09:35:00,LOT_05,W_03,9,9,ETCHER_B,PATH_0039,0.93,64.93,15.01,100.49,2.34,0.15,16.32,1,NORMAL
2026-01-11 09:40:00,LOT_05,W_04,0,0,ETCHER_B,PATH_0021,1.17,76.42,15.13,85.3,2.99,0.065,23.33,1,ERR-G202
2026-01-11 09:45:00,LOT_05,W_04,1,0,ETCHER_B,PATH_0010,1.3,73.76,14.77,97.21,3.13,0.11,22.51,1,NORMAL
2026-01-11 09:50:00,LOT_05,W_04,2,0,ETCHER_B,PATH_0038,1.12,74.14,14.6,97.84,2.87,0.08,22.62,1,NORMAL
2026-01-11 09:55:00,LOT_05,W_04,3,0,ETCHER_B,PATH_0046,1.07,84.65,15.33,89.52,2.66,-0.053,25.82,0,ERR-T101
2026-01-11 10:00:00,LOT_05,W_04,4,0,ETCHER_B,PATH_0004,1.35,82.12,14.72,95.29,3.29,0.022,25.47,1,NORMAL
2026-01-11 10:05:00,LOT_05,W_04,5,0,ETCHER_B,PATH_0045,0.92,76.22,14.75,93.01,2.16,0.043,22.46,1,NORMAL
2026-01-11 10:10:00,LOT_05,W_04,6,0,ETCHER_B,PATH_0020,1.25,77.7,15.61,104.72,3.17,0.057,23.59,1,NORMAL
2026-01-11 10:15:00,LOT_05,W_04,7,0,ETCHER_B,PATH_0017,1.01,76.3,14.95,96.95,2.38,0.039,22.93,1,NORMAL
2026-01-11 10:20:00,LOT_05,W_04,8,0,ETCHER_B,PATH_0007,1.1,72.37,15.3,96.82,2.92,0.104,21.14,1,NORMAL
2026-01-11 10:25:00,LOT_05,W_04,9,0,ETCHER_B,PATH_0004,1.05,85.12,14.54,90.97,2.69,-0.045,24.73,0,ERR-T101
2026-01-11 10:30:00,LOT_05,W_04,0,1,ETCHER_B,PATH_0029,0.81,75.04,14.96,99.65,1.95,0.048,20.69,1,NORMAL
2026-01-11 10:35:00,LOT_05,W_04,1,1,ETCHER_B,PATH_0014,1.37,78.52,15.03,85.31,3.57,0.031,25.08,1,ERR-G202
2026-01-11 10:40:00,LOT_05,W_04,2,1,ETCHER_B,PATH_0003,0.75,73.55,14.76,92.25,1.8,0.036,18.3,1,NORMAL
2026-01-11 10:45:00,LOT_05,W_04,3,1,ETCHER_B,PATH_0024,0.87,79.9,14.43,96.87,2.08,-0.011,21.53,0,ERR-T101
2026-01-11 10:50:00,LOT_05,W_04,4,1,ETCHER_B,PATH_0037,0.9,80.65,14.56,96.79,2.44,-0.032,21.23,0,ERR-T101
2026-01-11 10:55:00,LOT_05,W_04,5,1,ETCHER_B,PATH_0016,1.09,78.84,14.72,95.23,2.63,0.019,22.69,1,NORMAL
2026-01-11 11:00:00,LOT_05,W_04,6,1,ETCHER_B,PATH_0004,0.82,82.32,14.84,91.45,2.11,-0.033,23.86,0,ERR-T101
2026-01-11 11:05:00,LOT_05,W_04,7,1,ETCHER_B,PATH_0024,1.01,74.04,14.91,102.47,2.61,0.053,20.3,1,NORMAL
2026-01-11 11:10:00,LOT_05,W_04,8,1,ETCHER_B,PATH_0034,1.26,75.71,14.04,93.92,3.08,0.07,22.87,1,NORMAL
2026-01-11 11:15:00,LOT_05,W_04,9,1,ETCHER_B,PATH_0030,0.95,72.78,14.69,98.19,2.33,0.059,18.21,1,NORMAL
2026-01-11 11:20:00,LOT_05,W_04,0,2,ETCHER_B,PATH_0018,1.28,75.62,15.02,99.06,3.22,0.072,21.41,1,NORMAL
2026-01-11 11:25:00,LOT_05,W_04,1,2,ETCHER_B,PATH_0019,1.19,76.54,15.62,99.21,2.79,0.068,22.35,1,NORMAL
2026-01-11 11:30:00,LOT_05,W_04,2,2,ETCHER_B,PATH_0031,0.83,76.66,15.61,90.07,1.94,0.012,21.21,1,NORMAL
2026-01-11 11:35:00,LOT_05,W_04,3,2,ETCHER_B,PATH_0019,1.08,77.48,14.44,90.2,2.92,0.038,22.54,1,NORMAL
2026-01-11 11:40:00,LOT_05,W_04,4,2,ETCHER_B,PATH_0049,1.22,77.75,13.48,98.55,2.97,0.052,22.22,1,NORMAL
2026-01-11 11:45:00,LOT_05,W_04,5,2,ETCHER_B,PATH_0046,0.82,75.19,15.69,89.41,2.1,0.028,22.33,1,NORMAL
2026-01-11 11:50:00,LOT_05,W_04,6,2,ETCHER_B,PATH_0019,0.72,67.76,15.74,89.79,1.78,0.102,17.38,1,NORMAL
2026-01-11 11:55:00,LOT_05,W_04,7,2,ETCHER_B,PATH_0022,0.82,77.32,14.93,86.09,2.0,0.008,,1,ERR-G202
2026-01-11 12:00:00,LOT_05,W_04,8,2,ETCHER_B,PATH_0024,1.4,78.21,14.49,95.15,3.67,0.054,23.42,1,NORMAL
2026-01-11 12:05:00,LOT_05,W_04,9,2,ETCHER_B,PATH_0045,0.83,78.45,15.68,78.12,1.97,0.034,21.57,1,ERR-G202
2026-01-11 12:10:00,LOT_05,W_04,0,3,ETCHER_B,PATH_0012,1.38,71.68,14.46,99.43,3.52,0.136,21.28,1,NORMAL
2026-01-11 12:15:00,LOT_05,W_04,1,3,ETCHER_B,PATH_0030,0.98,74.97,15.1,100.97,2.42,0.053,20.71,1,NORMAL
2026-01-11 12:20:00,LOT_05,W_04,2,3,ETCHER_B,PATH_0038,1.02,78.6,14.77,98.6,2.63,0.028,23.03,1,NORMAL
2026-01-11 12:25:00,LOT_05,W_04,3,3,ETCHER_B,PATH_0031,1.01,77.5,15.57,82.91,2.56,0.029,22.12,1,ERR-G202
2026-01-11 12:30:00,LOT_05,W_04,4,3,ETCHER_B,PATH_0036,1.19,74.31,15.54,92.86,2.78,0.065,21.9,1,NORMAL
2026-01-11 12:35:00,LOT_05,W_04,5,3,ETCHER_B,PATH_0019,0.75,72.79,14.0,96.64,1.94,0.061,20.38,1,NORMAL
2026-01-11 12:40:00,LOT_05,W_04,6,3,ETCHER_B,PATH_0048,0.98,73.56,14.77,96.14,2.38,0.068,20.5,1,NORMAL
2026-01-11 12:45:00,LOT_05,W_04,7,3,ETCHER_B,PATH_0045,1.06,80.79,14.42,101.56,2.74,-0.004,24.74,0,ERR-T101
2026-01-11 12:50:00,LOT_05,W_04,8,3,ETCHER_B,PATH_0036,1.17,76.12,14.35,92.61,2.97,0.068,21.91,1,NORMAL
2026-01-11 12:55:00,LOT_05,W_04,9,3,ETCHER_B,PATH_0030,1.37,75.49,15.16,92.46,3.5,0.088,23.66,1,NORMAL
2026-01-11 13:00:00,LOT_05,W_04,0,4,ETCHER_B,PATH_0049,1.23,82.09,15.6,94.12,3.04,0.011,23.83,1,NORMAL
2026-01-11 13:05:00,LOT_05,W_04,1,4,ETCHER_B,PATH_0033,1.05,77.24,15.13,105.68,2.63,0.029,22.25,1,NORMAL
2026-01-11 13:10:00,LOT_05,W_04,2,4,ETCHER_B,PATH_0018,0.78,79.06,14.95,95.81,1.96,-0.017,21.1,0,ERR-T101
2026-01-11 13:15:00,LOT_05,W_04,3,4,ETCHER_B,PATH_0049,0.99,74.26,15.54,99.05,2.39,0.047,20.78,1,NORMAL
2026-01-11 13:20:00,LOT_05,W_04,4,4,ETCHER_B,PATH_0028,1.16,77.59,14.91,88.89,2.85,0.021,22.31,1,NORMAL
2026-01-11 13:25:00,LOT_05,W_04,5,4,ETCHER_B,PATH_0047,1.38,76.53,15.89,105.02,3.48,0.07,24.66,1,NORMAL
2026-01-11 13:30:00,LOT_05,W_04,6,4,ETCHER_B,PATH_0011,0.78,77.2,14.87,97.39,1.93,-0.019,,0,ERR-T101
2026-01-11 13:35:00,LOT_05,W_04,7,4,ETCHER_B,PATH_0045,1.24,75.4,15.83,105.98,3.22,0.066,20.95,1,NORMAL
2026-01-11 13:40:00,LOT_05,W_04,8,4,ETCHER_B,PATH_0033,1.14,71.23,15.46,90.11,2.6,0.098,19.31,1,NORMAL
2026-01-11 13:45:00,LOT_05,W_04,9,4,ETCHER_B,PATH_0017,1.17,76.35,16.12,101.28,3.03,0.053,21.67,1,NORMAL
2026-01-11 13:50:00,LOT_05,W_04,0,5,ETCHER_B,PATH_0006,0.73,72.35,13.95,91.64,1.7,0.058,18.87,1,NORMAL
2026-01-11 13:55:00,LOT_05,W_04,1,5,ETCHER_B,PATH_0004,1.3,78.78,15.9,96.14,3.42,0.036,23.59,1,NORMAL
2026-01-11 14:00:00,LOT_05,W_04,2,5,ETCHER_B,PATH_0020,1.28,73.46,14.2,98.35,3.18,0.091,21.1,1,NORMAL
2026-01-11 14:05:00,LOT_05,W_04,3,5,ETCHER_B,PATH_0048,0.99,73.79,14.4,103.26,2.46,0.049,21.35,1,NORMAL
2026-01-11 14:10:00,LOT_05,W_04,4,5,ETCHER_B,PATH_0047,0.91,78.93,14.24,87.58,2.16,0.025,22.82,1,ERR-G202
2026-01-11 14:15:00,LOT_05,W_04,5,5,ETCHER_B,PATH_0027,0.76,75.07,14.48,97.06,1.85,0.022,21.73,1,NORMAL
2026-01-11 14:20:00,LOT_05,W_04,6,5,ETCHER_B,PATH_0015,0.95,74.49,15.81,101.34,2.35,0.056,20.4,1,NORMAL
2026-01-11 14:25:00,LOT_05,W_04,7,5,ETCHER_B,PATH_0006,1.01,83.43,15.57,97.12,2.46,-0.03,23.94,0,ERR-T101
2026-01-11 14:30:00,LOT_05,W_04,8,5,ETCHER_B,PATH_0047,1.14,74.06,14.36,93.71,2.85,0.075,20.07,1,NORMAL
2026-01-11 14:35:00,LOT_05,W_04,9,5,ETCHER_B,PATH_0014,1.28,71.08,14.34,91.71,3.29,0.118,20.77,1,NORMAL
2026-01-11 14:40:00,LOT_05,W_04,0,6,ETCHER_B,PATH_0011,0.72,75.82,14.67,94.39,1.68,0.023,22.04,1,NORMAL
2026-01-11 14:45:00,LOT_05,W_04,1,6,ETCHER_B,PATH_0039,0.76,77.82,14.18,86.46,1.89,0.033,19.88,1,ERR-G202
2026-01-11 14:50:00,LOT_05,W_04,2,6,ETCHER_B,PATH_0009,1.38,76.82,16.22,92.98,3.49,0.067,23.64,1,NORMAL
2026-01-11 14:55:00,LOT_05,W_04,3,6,ETCHER_B,PATH_0026,0.74,84.78,14.25,95.8,1.9,-0.082,25.21,0,ERR-T101
2026-01-11 15:00:00,LOT_05,W_04,4,6,ETCHER_B,PATH_0016,0.92,84.29,14.53,89.94,2.21,-0.049,23.95,0,ERR-T101
2026-01-11 15:05:00,LOT_05,W_04,5,6,ETCHER_B,PATH_0005,0.87,75.22,13.92,94.5,2.37,0.03,21.66,1,NORMAL
2026-01-11 15:10:00,LOT_05,W_04,6,6,ETCHER_B,PATH_0010,0.81,73.35,14.38,96.34,2.04,0.059,18.63,1,NORMAL
2026-01-11 15:15:00,LOT_05,W_04,7,6,ETCHER_B,PATH_0003,1.34,82.54,15.07,90.24,3.22,0.009,25.11,1,NORMAL
2026-01-11 15:20:00,LOT_05,W_04,8,6,ETCHER_B,PATH_0013,0.71,73.6,15.37,94.96,1.72,0.026,18.77,1,NORMAL
2026-01-11 15:25:00,LOT_05,W_04,9,6,ETCHER_B,PATH_0043,1.36,77.57,13.61,88.06,3.51,0.057,22.87,1,NORMAL
2026-01-11 15:30:00,LOT_05,W_04,0,7,ETCHER_B,PATH_0049,1.38,78.59,15.51,90.16,3.39,0.034,23.84,1,NORMAL
2026-01-11 15:35:00,LOT_05,W_04,1,7,ETCHER_B,PATH_0030,1.34,79.59,14.91,99.73,3.5,0.049,23.88,1,NORMAL
2026-01-11 15:40:00,LOT_05,W_04,2,7,ETCHER_B,PATH_0045,0.71,84.06,15.24,89.04,1.82,-0.07,23.43,0,ERR-T101
2026-01-11 15:45:00,LOT_05,W_04,3,7,ETCHER_B,PATH_0006,0.74,79.7,14.25,90.87,1.86,-0.009,20.78,0,ERR-T101
2026-01-11 15:50:00,LOT_05,W_04,4,7,ETCHER_B,PATH_0017,1.17,75.79,14.27,82.37,2.93,0.067,21.36,1,ERR-G202
2026-01-11 15:55:00,LOT_05,W_04,5,7,ETCHER_B,PATH_0045,0.93,86.21,14.49,97.56,2.33,-0.066,24.88,0,ERR-T101
2026-01-11 16:00:00,LOT_05,W_04,6,7,ETCHER_B,PATH_0019,1.23,68.77,15.07,96.41,3.17,0.155,19.88,1,NORMAL
2026-01-11 16:05:00,LOT_05,W_04,7,7,ETCHER_B,PATH_0042,1.29,78.11,14.43,102.27,3.02,0.061,21.66,1,NORMAL
2026-01-11 16:10:00,LOT_05,W_04,8,7,ETCHER_B,PATH_0035,0.77,76.83,14.87,87.37,1.91,0.006,20.06,1,ERR-G202
2026-01-11 16:15:00,LOT_05,W_04,9,7,ETCHER_B,PATH_0046,0.7,79.43,15.2,95.12,1.84,-0.035,23.21,0,ERR-T101
2026-01-11 16:20:00,LOT_05,W_04,0,8,ETCHER_B,PATH_0026,0.72,82.12,15.19,94.99,1.91,-0.057,21.14,0,ERR-T101
2026-01-11 16:25:00,LOT_05,W_04,1,8,ETCHER_B,PATH_0005,0.72,81.44,15.7,86.28,1.77,-0.035,21.83,0,ERR-T101
2026-01-11 16:30:00,LOT_05,W_04,2,8,ETCHER_B,PATH_0029,1.18,77.63,15.03,89.07,3.01,0.047,23.47,1,NORMAL
2026-01-11 16:35:00,LOT_05,W_04,3,8,ETCHER_B,PATH_0037,1.29,77.49,15.05,92.81,3.24,0.052,21.41,1,NORMAL
2026-01-11 16:40:00,LOT_05,W_04,4,8,ETCHER_B,PATH_0020,0.93,76.57,15.38,104.23,2.3,0.016,21.57,1,NORMAL
2026-01-11 16:45:00,LOT_05,W_04,5,8,ETCHER_B,PATH_0049,0.76,80.17,15.4,93.6,1.89,-0.022,22.36,0,ERR-T101
2026-01-11 16:50:00,LOT_05,W_04,6,8,ETCHER_B,PATH_0021,1.2,73.42,14.96,100.71,3.15,0.088,20.17,1,NORMAL
2026-01-11 16:55:00,LOT_05,W_04,7,8,ETCHER_B,PATH_0010,1.26,76.23,15.03,91.11,3.23,0.065,23.34,1,NORMAL
2026-01-11 17:00:00,LOT_05,W_04,8,8,ETCHER_B,PATH_0005,1.07,74.79,15.36,93.23,2.77,0.052,20.25,1,NORMAL
2026-01-11 17:05:00,LOT_05,W_04,9,8,ETCHER_B,PATH_0036,1.08,85.28,14.21,92.91,2.89,-0.048,25.83,0,ERR-T101
2026-01-11 17:10:00,LOT_05,W_04,0,9,ETCHER_B,PATH_0006,1.38,75.17,13.89,92.76,3.23,0.096,21.95,1,NORMAL
2026-01-11 17:15:00,LOT_05,W_04,1,9,ETCHER_B,PATH_0026,1.39,82.97,14.12,92.6,3.41,0.009,25.79,1,NORMAL
2026-01-11 17:20:00,LOT_05,W_04,2,9,ETCHER_B,PATH_0004,1.34,81.92,15.34,92.94,3.41,0.022,24.77,1,NORMAL
2026-01-11 17:25:00,LOT_05,W_04,3,9,ETCHER_B,PATH_0039,1.23,73.31,14.47,87.36,2.98,0.089,21.32,1,ERR-G202
2026-01-11 17:30:00,LOT_05,W_04,4,9,ETCHER_B,PATH_0039,0.95,78.49,15.55,87.19,2.52,0.007,24.4,1,ERR-G202
2026-01-11 17:35:00,LOT_05,W_04,5,9,ETCHER_B,PATH_0035,1.26,75.77,14.84,91.88,3.23,0.069,23.6,1,NORMAL
2026-01-11 17:40:00,LOT_05,W_04,6,9,ETCHER_B,PATH_0001,0.73,74.72,14.98,97.67,1.92,0.022,19.54,1,NORMAL
2026-01-11 17:45:00,LOT_05,W_04,7,9,ETCHER_B,PATH_0024,1.26,73.73,15.1,94.46,3.19,0.097,23.57,1,NORMAL
2026-01-11 17:50:00,LOT_05,W_04,8,9,ETCHER_B,PATH_0036,1.37,83.28,14.36,89.09,3.34,0.003,26.69,1,NORMAL
2026-01-11 17:55:00,LOT_05,W_04,9,9,ETCHER_B,PATH_0006,1.03,67.31,14.68,86.53,2.61,0.129,18.13,1,ERR-G202
2026-01-11 18:00:00,LOT_06,W_00,0,0,ETCHER_A,PATH_0041,0.99,62.23,15.26,99.6,2.72,0.179,16.06,1,NORMAL
2026-01-11 18:05:00,LOT_06,W_00,1,0,ETCHER_A,PATH_0046,1.02,63.32,15.16,100.22,2.54,0.157,15.87,1,NORMAL
2026-01-11 18:10:00,LOT_06,W_00,2,0,ETCHER_A,PATH_0044,1.21,66.2,16.07,102.22,3.14,0.163,18.34,1,NORMAL
2026-01-11 18:15:00,LOT_06,W_00,3,0,ETCHER_A,PATH_0031,1.05,68.6,15.13,99.94,2.62,0.121,,1,NORMAL
2026-01-11 18:20:00,LOT_06,W_00,4,0,ETCHER_A,PATH_0020,0.73,64.61,14.58,101.57,1.82,0.128,16.71,1,NORMAL
2026-01-11 18:25:00,LOT_06,W_00,5,0,ETCHER_A,PATH_0024,1.24,67.04,15.45,100.74,3.2,0.155,15.89,1,NORMAL
2026-01-11 18:30:00,LOT_06,W_00,6,0,ETCHER_A,PATH_0025,1.35,65.3,15.71,97.39,3.29,0.2,16.8,1,NORMAL
2026-01-11 18:35:00,LOT_06,W_00,7,0,ETCHER_A,PATH_0036,1.11,66.19,15.32,99.59,2.87,0.14,17.08,1,NORMAL
2026-01-11 18:40:00,LOT_06,W_00,8,0,ETCHER_A,PATH_0021,0.73,65.85,14.35,101.95,1.95,0.102,16.5,1,NORMAL
2026-01-11 18:45:00,LOT_06,W_00,9,0,ETCHER_A,PATH_0030,0.77,63.77,14.91,100.8,1.84,0.149,13.36,1,NORMAL
2026-01-11 18:50:00,LOT_06,W_00,0,1,ETCHER_A,PATH_0024,1.29,61.56,15.26,101.8,3.13,0.206,16.23,1,NORMAL
2026-01-11 18:55:00,LOT_06,W_00,1,1,ETCHER_A,PATH_0044,0.81,67.55,14.87,100.16,1.87,0.106,16.86,1,NORMAL
2026-01-11 19:00:00,LOT_06,W_00,2,1,ETCHER_A,PATH_0042,0.76,62.66,14.94,101.85,1.9,0.153,14.69,1,NORMAL
2026-01-11 19:05:00,LOT_06,W_00,3,1,ETCHER_A,PATH_0030,1.3,65.14,14.79,100.03,3.27,0.171,18.99,1,NORMAL
2026-01-11 19:10:00,LOT_06,W_00,4,1,ETCHER_A,PATH_0022,1.29,66.98,15.24,101.16,3.28,0.156,,1,NORMAL
2026-01-11 19:15:00,LOT_06,W_00,5,1,ETCHER_A,PATH_0028,0.71,64.41,15.57,98.69,1.8,0.117,16.44,1,NORMAL
2026-01-11 19:20:00,LOT_06,W_00,6,1,ETCHER_A,PATH_0007,1.17,64.79,14.82,102.32,2.97,0.176,17.14,1,NORMAL
2026-01-11 19:25:00,LOT_06,W_00,7,1,ETCHER_A,PATH_0035,1.12,65.23,15.08,100.69,2.94,0.156,17.7,1,NORMAL
2026-01-11 19:30:00,LOT_06,W_00,8,1,ETCHER_A,PATH_0028,0.82,63.06,15.4,100.75,1.96,0.144,13.79,1,NORMAL
2026-01-11 19:35:00,LOT_06,W_00,9,1,ETCHER_A,PATH_0014,0.91,63.42,15.16,97.93,2.24,0.156,15.75,1,NORMAL
2026-01-11 19:40:00,LOT_06,W_00,0,2,ETCHER_A,PATH_0010,0.76,63.44,14.42,101.18,2.01,0.132,17.1,1,NORMAL
2026-01-11 19:45:00,LOT_06,W_00,1,2,ETCHER_A,PATH_0016,0.71,69.39,14.33,104.08,1.85,0.064,16.37,1,NORMAL
2026-01-11 19:50:00,LOT_06,W_00,2,2,ETCHER_A,PATH_0016,1.2,63.75,15.02,100.44,2.85,0.188,17.9,1,NORMAL
2026-01-11 19:55:00,LOT_06,W_00,3,2,ETCHER_A,PATH_0031,0.7,81.82,15.26,96.07,1.76,-0.039,21.71,0,ERR-T101
2026-01-11 20:00:00,LOT_06,W_00,4,2,ETCHER_A,PATH_0042,1.21,62.8,14.86,101.64,2.94,0.198,17.68,1,NORMAL
2026-01-11 20:05:00,LOT_06,W_00,5,2,ETCHER_A,PATH_0025,0.75,61.02,14.68,101.02,1.92,0.164,12.94,1,NORMAL
2026-01-11 20:10:00,LOT_06,W_00,6,2,ETCHER_A,PATH_0013,0.97,61.78,14.44,97.98,2.46,0.188,15.94,1,NORMAL
2026-01-11 20:15:00,LOT_06,W_00,7,2,ETCHER_A,PATH_0006,1.3,63.21,14.01,100.05,3.31,0.199,17.46,1,NORMAL
2026-01-11 20:20:00,LOT_06,W_00,8,2,ETCHER_A,PATH_0044,1.38,61.7,14.37,101.3,3.39,0.219,18.33,1,NORMAL
2026-01-11 20:25:00,LOT_06,W_00,9,2,ETCHER_A,PATH_0009,0.79,66.17,14.95,98.58,1.81,0.133,15.78,1,NORMAL
2026-01-11 20:30:00,LOT_06,W_00,0,3,ETCHER_A,PATH_0045,1.35,64.07,15.95,100.42,3.51,0.18,18.8,1,NORMAL
2026-01-11 20:35:00,LOT_06,W_00,1,3,ETCHER_A,PATH_0036,1.18,65.09,14.89,96.19,2.8,0.167,17.36,1,NORMAL
2026-01-11 20:40:00,LOT_06,W_00,2,3,ETCHER_A,PATH_0043,1.18,62.38,14.95,97.99,2.88,0.181,17.07,1,NORMAL
2026-01-11 20:45:00,LOT_06,W_00,3,3,ETCHER_A,PATH_0020,0.94,63.48,14.56,101.61,2.28,0.151,16.38,1,NORMAL
2026-01-11 20:50:00,LOT_06,W_00,4,3,ETCHER_A,PATH_0018,0.78,63.95,15.03,101.22,2.12,0.149,14.93,1,NORMAL
2026-01-11 20:55:00,LOT_06,W_00,5,3,ETCHER_A,PATH_0043,0.99,64.04,15.36,99.87,2.56,0.168,16.67,1,NORMAL
2026-01-11 21:00:00,LOT_06,W_00,6,3,ETCHER_A,PATH_0021,0.78,64.47,15.08,97.49,1.87,0.132,15.87,1,NORMAL
2026-01-11 21:05:00,LOT_06,W_00,7,3,ETCHER_A,PATH_0004,0.83,69.28,15.32,101.35,2.17,0.064,18.8,1,NORMAL
2026-01-11 21:10:00,LOT_06,W_00,8,3,ETCHER_A,PATH_0033,0.9,66.11,14.68,98.86,2.17,0.128,17.18,1,NORMAL
2026-01-11 21:15:00,LOT_06,W_00,9,3,ETCHER_A,PATH_0027,0.96,64.95,16.19,101.9,2.44,0.138,19.85,1,NORMAL
2026-01-11 21:20:00,LOT_06,W_00,0,4,ETCHER_A,PATH_0007,1.0,65.18,14.78,99.67,2.41,0.15,17.34,1,NORMAL
2026-01-11 21:25:00,LOT_06,W_00,1,4,ETCHER_A,PATH_0006,1.15,65.89,15.64,97.73,2.85,0.159,18.3,1,NORMAL
2026-01-11 21:30:00,LOT_06,W_00,2,4,ETCHER_A,PATH_0015,0.84,67.32,14.86,100.93,2.15,0.108,17.03,1,NORMAL
2026-01-11 21:35:00,LOT_06,W_00,3,4,ETCHER_A,PATH_0018,1.11,65.14,15.43,98.86,2.82,0.155,17.78,1,NORMAL
2026-01-11 21:40:00,LOT_06,W_00,4,4,ETCHER_A,PATH_0032,0.75,63.6,14.67,101.98,2.08,0.148,16.11,1,NORMAL
2026-01-11 21:45:00,LOT_06,W_00,5,4,ETCHER_A,PATH_0011,0.99,68.96,14.07,100.7,2.41,0.1,19.13,1,NORMAL
2026-01-11 21:50:00,LOT_06,W_00,6,4,ETCHER_A,PATH_0020,0.93,63.67,14.59,102.02,2.18,0.156,19.51,1,NORMAL
2026-01-11 21:55:00,LOT_06,W_00,7,4,ETCHER_A,PATH_0024,1.12,65.11,15.05,96.87,2.78,0.155,16.84,1,NORMAL
2026-01-11 22:00:00,LOT_06,W_00,8,4,ETCHER_A,PATH_0015,1.07,68.04,15.16,102.89,2.68,0.129,17.99,1,NORMAL
2026-01-11 22:05:00,LOT_06,W_00,9,4,ETCHER_A,PATH_0048,1.18,66.11,15.58,97.55,2.82,0.151,18.45,1,NORMAL
2026-01-11 22:10:00,LOT_06,W_00,0,5,ETCHER_A,PATH_0007,0.89,68.49,14.47,99.6,2.33,0.104,16.52,1,NORMAL
2026-01-11 22:15:00,LOT_06,W_00,1,5,ETCHER_A,PATH_0021,0.88,66.21,14.88,99.67,2.27,0.134,,1,NORMAL
2026-01-11 22:20:00,LOT_06,W_00,2,5,ETCHER_A,PATH_0042,1.17,64.49,14.89,98.68,2.87,0.159,15.02,1,NORMAL
2026-01-11 22:25:00,LOT_06,W_00,3,5,ETCHER_A,PATH_0026,1.19,67.99,15.22,101.1,2.92,0.127,19.7,1,NORMAL
2026-01-11 22:30:00,LOT_06,W_00,4,5,ETCHER_A,PATH_0044,0.79,64.91,15.85,103.02,2.01,0.142,15.28,1,NORMAL
2026-01-11 22:35:00,LOT_06,W_00,5,5,ETCHER_A,PATH_0014,1.09,61.62,15.27,101.73,2.68,0.207,17.1,1,NORMAL
2026-01-11 22:40:00,LOT_06,W_00,6,5,ETCHER_A,PATH_0037,0.94,63.72,15.27,100.63,2.65,0.128,16.99,1,NORMAL
2026-01-11 22:45:00,LOT_06,W_00,7,5,ETCHER_A,PATH_0021,1.16,67.05,14.9,98.67,2.85,0.132,18.95,1,NORMAL
2026-01-11 22:50:00,LOT_06,W_00,8,5,ETCHER_A,PATH_0018,0.79,64.14,15.09,101.48,1.83,0.148,16.25,1,NORMAL
2026-01-11 22:55:00,LOT_06,W_00,9,5,ETCHER_A,PATH_0005,0.86,67.29,14.54,99.48,2.14,0.118,17.78,1,NORMAL
2026-01-11 23:00:00,LOT_06,W_00,0,6,ETCHER_A,PATH_0003,0.83,65.62,15.69,100.56,1.97,0.134,16.94,1,NORMAL
2026-01-11 23:05:00,LOT_06,W_00,1,6,ETCHER_A,PATH_0023,1.31,65.89,14.63,102.31,3.43,0.164,17.76,1,NORMAL
2026-01-11 23:10:00,LOT_06,W_00,2,6,ETCHER_A,PATH_0026,1.28,64.95,15.63,102.32,3.22,0.164,18.57,1,NORMAL
2026-01-11 23:15:00,LOT_06,W_00,3,6,ETCHER_A,PATH_0037,1.03,65.09,15.23,100.08,2.65,0.135,15.51,1,NORMAL
2026-01-11 23:20:00,LOT_06,W_00,4,6,ETCHER_A,PATH_0024,0.77,64.86,15.16,100.95,2.05,0.111,16.76,1,NORMAL
2026-01-11 23:25:00,LOT_06,W_00,5,6,ETCHER_A,PATH_0049,0.91,79.3,15.54,94.49,2.38,0.006,23.28,1,NORMAL
2026-01-11 23:30:00,LOT_06,W_00,6,6,ETCHER_A,PATH_0019,0.94,67.24,14.83,99.23,2.19,0.128,18.43,1,NORMAL
2026-01-11 23:35:00,LOT_06,W_00,7,6,ETCHER_A,PATH_0025,0.77,65.29,14.71,100.55,1.81,0.129,14.81,1,NORMAL
2026-01-11 23:40:00,LOT_06,W_00,8,6,ETCHER_A,PATH_0021,0.96,64.7,15.11,102.57,2.32,0.155,16.7,1,NORMAL
2026-01-11 23:45:00,LOT_06,W_00,9,6,ETCHER_A,PATH_0012,1.22,67.48,14.91,100.91,2.93,0.157,20.27,1,NORMAL
2026-01-11 23:50:00,LOT_06,W_00,0,7,ETCHER_A,PATH_0041,1.15,61.75,15.79,97.78,2.9,0.18,15.27,1,NORMAL
2026-01-11 23:55:00,LOT_06,W_00,1,7,ETCHER_A,PATH_0033,1.4,63.15,15.08,100.12,3.48,0.192,17.17,1,NORMAL
2026-01-12 00:00:00,LOT_06,W_00,2,7,ETCHER_A,PATH_0004,1.08,64.15,15.5,97.77,2.59,0.172,17.6,1,NORMAL
2026-01-12 00:05:00,LOT_06,W_00,3,7,ETCHER_A,PATH_0042,1.23,64.73,16.06,101.99,3.12,0.17,18.67,1,NORMAL
2026-01-12 00:10:00,LOT_06,W_00,4,7,ETCHER_A,PATH_0007,1.22,64.59,15.62,99.21,3.13,0.166,17.02,1,NORMAL
2026-01-12 00:15:00,LOT_06,W_00,5,7,ETCHER_A,PATH_0022,0.9,65.08,14.29,97.77,2.21,0.134,14.68,1,NORMAL
2026-01-12 00:20:00,LOT_06,W_00,6,7,ETCHER_A,PATH_0033,1.26,63.52,15.74,100.79,3.26,0.19,17.49,1,NORMAL
2026-01-12 00:25:00,LOT_06,W_00,7,7,ETCHER_A,PATH_0017,1.24,67.77,15.1,100.93,2.93,0.158,20.0,1,NORMAL
2026-01-12 00:30:00,LOT_06,W_00,8,7,ETCHER_A,PATH_0024,1.08,64.73,15.21,99.19,2.59,0.163,18.04,1,NORMAL
2026-01-12 00:35:00,LOT_06,W_00,9,7,ETCHER_A,PATH_0034,1.28,66.57,14.75,98.88,2.96,0.157,19.29,1,NORMAL
2026-01-12 00:40:00,LOT_06,W_00,0,8,ETCHER_A,PATH_0028,0.84,65.37,15.17,99.26,2.05,0.14,15.96,1,NORMAL
2026-01-12 00:45:00,LOT_06,W_00,1,8,ETCHER_A,PATH_0043,0.99,69.59,14.95,99.77,2.52,0.113,18.59,1,NORMAL
2026-01-12 00:50:00,LOT_06,W_00,2,8,ETCHER_A,PATH_0041,1.35,64.98,15.38,99.28,3.23,0.195,19.59,1,NORMAL
2026-01-12 00:55:00,LOT_06,W_00,3,8,ETCHER_A,PATH_0039,0.87,63.16,15.37,100.87,2.23,0.144,15.59,1,NORMAL
2026-01-12 01:00:00,LOT_06,W_00,4,8,ETCHER_A,PATH_0022,1.05,63.09,15.75,99.39,2.5,0.181,16.97,1,NORMAL
2026-01-12 01:05:00,LOT_06,W_00,5,8,ETCHER_A,PATH_0049,0.77,63.58,14.08,100.14,2.06,0.143,15.91,1,NORMAL
2026-01-12 01:10:00,LOT_06,W_00,6,8,ETCHER_A,PATH_0017,1.23,64.62,14.99,101.28,3.08,0.174,17.35,1,NORMAL
2026-01-12 01:15:00,LOT_06,W_00,7,8,ETCHER_A,PATH_0034,0.85,66.34,15.53,100.82,2.03,0.119,17.16,1,NORMAL
2026-01-12 01:20:00,LOT_06,W_00,8,8,ETCHER_A,PATH_0006,1.28,65.24,14.04,100.71,3.21,0.192,18.18,1,NORMAL
2026-01-12 01:25:00,LOT_06,W_00,9,8,ETCHER_A,PATH_0046,1.08,68.3,14.33,99.46,2.86,0.137,18.39,1,NORMAL
2026-01-12 01:30:00,LOT_06,W_00,0,9,ETCHER_A,PATH_0006,0.76,65.51,14.34,102.08,1.89,0.115,17.0,1,NORMAL
2026-01-12 01:35:00,LOT_06,W_00,1,9,ETCHER_A,PATH_0034,1.38,63.4,14.41,100.2,3.53,0.193,17.24,1,NORMAL
2026-01-12 01:40:00,LOT_06,W_00,2,9,ETCHER_A,PATH_0001,1.37,66.95,15.66,99.17,3.54,0.16,18.46,1,NORMAL
2026-01-12 01:45:00,LOT_06,W_00,3,9,ETCHER_A,PATH_0010,1.22,67.85,15.01,99.62,3.05,0.142,18.87,1,NORMAL
2026-01-12 01:50:00,LOT_06,W_00,4,9,ETCHER_A,PATH_0021,0.91,64.17,15.03,102.49,2.44,0.136,15.86,1,NORMAL
2026-01-12 01:55:00,LOT_06,W_00,5,9,ETCHER_A,PATH_0005,1.15,63.57,15.1,99.81,2.98,0.172,16.23,1,NORMAL
2026-01-12 02:00:00,LOT_06,W_00,6,9,ETCHER_A,PATH_0002,0.81,63.42,14.68,100.54,2.16,0.148,13.32,1,NORMAL
2026-01-12 02:05:00,LOT_06,W_00,7,9,ETCHER_A,PATH_0022,1.28,64.79,15.26,99.91,3.34,0.179,18.69,1,NORMAL
2026-01-12 02:10:00,LOT_06,W_00,8,9,ETCHER_A,PATH_0048,1.34,63.54,15.4,97.79,3.42,0.218,17.76,1,NORMAL
2026-01-12 02:15:00,LOT_06,W_00,9,9,ETCHER_A,PATH_0002,0.96,67.24,15.33,99.61,2.67,0.134,17.95,1,NORMAL
2026-01-12 02:20:00,LOT_06,W_01,0,0,ETCHER_A,PATH_0010,0.78,60.95,14.63,98.82,1.93,0.18,,1,NORMAL
2026-01-12 02:25:00,LOT_06,W_01,1,0,ETCHER_A,PATH_0034,1.11,64.52,14.65,101.61,2.67,0.175,17.8,1,NORMAL
2026-01-12 02:30:00,LOT_06,W_01,2,0,ETCHER_A,PATH_0016,0.93,66.33,15.05,103.6,2.48,0.107,14.55,1,NORMAL
2026-01-12 02:35:00,LOT_06,W_01,3,0,ETCHER_A,PATH_0048,1.2,69.15,15.48,100.85,2.84,0.129,19.62,1,NORMAL
2026-01-12 02:40:00,LOT_06,W_01,4,0,ETCHER_A,PATH_0039,1.18,63.45,14.35,102.11,2.98,0.184,17.09,1,NORMAL
2026-01-12 02:45:00,LOT_06,W_01,5,0,ETCHER_A,PATH_0022,1.19,65.12,15.51,98.56,3.03,0.145,18.83,1,NORMAL
2026-01-12 02:50:00,LOT_06,W_01,6,0,ETCHER_A,PATH_0012,0.88,62.16,14.06,99.03,2.23,0.174,15.61,1,NORMAL
2026-01-12 02:55:00,LOT_06,W_01,7,0,ETCHER_A,PATH_0024,1.04,63.75,16.05,100.84,2.68,0.156,17.06,1,NORMAL
2026-01-12 03:00:00,LOT_06,W_01,8,0,ETCHER_A,PATH_0047,0.73,62.85,14.89,100.66,1.77,0.153,15.27,1,NORMAL
2026-01-12 03:05:00,LOT_06,W_01,9,0,ETCHER_A,PATH_0040,0.73,63.51,14.96,100.68,1.9,0.142,13.75,1,NORMAL
2026-01-12 03:10:00,LOT_06,W_01,0,1,ETCHER_A,PATH_0038,0.76,77.15,15.07,95.92,1.96,-0.009,21.18,0,ERR-T101
2026-01-12 03:15:00,LOT_06,W_01,1,1,ETCHER_A,PATH_0010,1.32,67.83,15.33,100.23,3.4,0.147,19.22,1,NORMAL
2026-01-12 03:20:00,LOT_06,W_01,2,1,ETCHER_A,PATH_0035,0.79,65.27,14.69,96.97,2.12,0.133,17.04,1,NORMAL
2026-01-12 03:25:00,LOT_06,W_01,3,1,ETCHER_A,PATH_0049,0.83,75.3,14.65,100.05,2.03,0.049,20.56,1,NORMAL
2026-01-12 03:30:00,LOT_06,W_01,4,1,ETCHER_A,PATH_0032,1.28,62.65,15.16,100.08,3.1,0.213,18.25,1,NORMAL
2026-01-12 03:35:00,LOT_06,W_01,5,1,ETCHER_A,PATH_0007,1.26,65.46,14.87,99.48,3.18,0.164,17.83,1,NORMAL
2026-01-12 03:40:00,LOT_06,W_01,6,1,ETCHER_A,PATH_0021,0.96,62.43,15.08,97.42,2.22,0.179,15.89,1,NORMAL
2026-01-12 03:45:00,LOT_06,W_01,7,1,ETCHER_A,PATH_0020,0.73,66.02,14.72,98.99,1.78,0.112,14.23,1,NORMAL
2026-01-12 03:50:00,LOT_06,W_01,8,1,ETCHER_A,PATH_0026,1.16,66.14,15.56,99.42,2.82,0.167,16.25,1,NORMAL
2026-01-12 03:55:00,LOT_06,W_01,9,1,ETCHER_A,PATH_0004,0.94,67.3,14.22,96.67,2.4,0.13,16.91,1,NORMAL
2026-01-12 04:00:00,LOT_06,W_01,0,2,ETCHER_A,PATH_0046,1.24,61.38,15.33,98.71,3.18,0.217,16.94,1,NORMAL
2026-01-12 04:05:00,LOT_06,W_01,1,2,ETCHER_A,PATH_0022,0.78,66.89,15.17,101.73,2.01,0.114,16.89,1,NORMAL
2026-01-12 04:10:00,LOT_06,W_01,2,2,ETCHER_A,PATH_0015,1.24,63.71,15.31,101.86,3.06,0.201,16.64,1,NORMAL
2026-01-12 04:15:00,LOT_06,W_01,3,2,ETCHER_A,PATH_0040,1.4,63.06,15.67,99.94,3.5,0.2,17.63,1,NORMAL
2026-01-12 04:20:00,LOT_06,W_01,4,2,ETCHER_A,PATH_0021,0.77,66.7,15.38,99.91,2.02,0.107,16.5,1,NORMAL
2026-01-12 04:25:00,LOT_06,W_01,5,2,ETCHER_A,PATH_0015,1.03,64.18,15.68,102.66,2.6,0.16,18.05,1,NORMAL
2026-01-12 04:30:00,LOT_06,W_01,6,2,ETCHER_A,PATH_0022,0.88,65.09,15.2,98.73,2.47,0.123,15.84,1,NORMAL
2026-01-12 04:35:00,LOT_06,W_01,7,2,ETCHER_A,PATH_0028,0.87,67.17,14.37,102.35,2.24,0.129,17.9,1,NORMAL
2026-01-12 04:40:00,LOT_06,W_01,8,2,ETCHER_A,PATH_0014,0.7,67.18,15.15,96.66,1.84,0.106,15.37,1,NORMAL
2026-01-12 04:45:00,LOT_06,W_01,9,2,ETCHER_A,PATH_0027,1.06,67.09,14.4,101.21,2.79,0.14,,1,NORMAL
2026-01-12 04:50:00,LOT_06,W_01,0,3,ETCHER_A,PATH_0041,0.93,66.42,14.58,100.23,2.3,0.125,15.62,1,NORMAL
2026-01-12 04:55:00,LOT_06,W_01,1,3,ETCHER_A,PATH_0040,0.96,63.74,14.27,99.54,2.49,0.161,18.34,1,NORMAL
2026-01-12 05:00:00,LOT_06,W_01,2,3,ETCHER_A,PATH_0028,0.82,65.36,15.16,100.93,2.11,0.111,16.55,1,NORMAL
2026-01-12 05:05:00,LOT_06,W_01,3,3,ETCHER_A,PATH_0026,1.39,66.29,14.79,100.95,3.46,0.177,19.41,1,NORMAL
2026-01-12 05:10:00,LOT_06,W_01,4,3,ETCHER_A,PATH_0049,1.2,61.15,14.85,99.71,3.0,0.2,,1,NORMAL
2026-01-12 05:15:00,LOT_06,W_01,5,3,ETCHER_A,PATH_0002,0.72,64.05,14.94,99.67,1.81,0.131,14.11,1,NORMAL
2026-01-12 05:20:00,LOT_06,W_01,6,3,ETCHER_A,PATH_0025,0.75,63.99,14.87,100.97,1.93,0.136,15.29,1,NORMAL
2026-01-12 05:25:00,LOT_06,W_01,7,3,ETCHER_A,PATH_0003,0.86,62.89,15.1,97.6,1.98,0.155,14.75,1,NORMAL
2026-01-12 05:30:00,LOT_06,W_01,8,3,ETCHER_A,PATH_0008,0.99,67.11,14.99,98.89,2.42,0.133,16.56,1,NORMAL
2026-01-12 05:35:00,LOT_06,W_01,9,3,ETCHER_A,PATH_0044,0.92,63.44,14.02,100.15,2.09,0.155,15.08,1,NORMAL
2026-01-12 05:40:00,LOT_06,W_01,0,4,ETCHER_A,PATH_0033,1.34,76.5,15.15,93.95,3.55,0.076,23.83,1,NORMAL
2026-01-12 05:45:00,LOT_06,W_01,1,4,ETCHER_A,PATH_0042,1.15,67.49,14.61,101.6,2.96,0.157,17.27,1,NORMAL
2026-01-12 05:50:00,LOT_06,W_01,2,4,ETCHER_A,PATH_0035,1.27,65.48,14.35,98.96,3.23,0.179,18.27,1,NORMAL
2026-01-12 05:55:00,LOT_06,W_01,3,4,ETCHER_A,PATH_0006,1.38,64.05,15.75,103.67,3.41,0.194,18.3,1,NORMAL
2026-01-12 06:00:00,LOT_06,W_01,4,4,ETCHER_A,PATH_0039,1.01,67.05,15.06,100.72,2.39,0.132,17.39,1,NORMAL
2026-01-12 06:05:00,LOT_06,W_01,5,4,ETCHER_A,PATH_0023,1.37,67.12,15.63,100.05,3.29,0.158,19.59,1,NORMAL
2026-01-12 06:10:00,LOT_06,W_01,6,4,ETCHER_A,PATH_0025,1.06,63.17,15.65,99.19,2.7,0.175,16.12,1,NORMAL
2026-01-12 06:15:00,LOT_06,W_01,7,4,ETCHER_A,PATH_0043,1.05,67.1,15.1,99.76,2.57,0.135,17.52,1,NORMAL
2026-01-12 06:20:00,LOT_06,W_01,8,4,ETCHER_A,PATH_0019,0.87,63.57,15.26,98.26,2.1,0.153,15.91,1,NORMAL
2026-01-12 06:25:00,LOT_06,W_01,9,4,ETCHER_A,PATH_0005,1.04,79.2,15.93,95.11,2.55,-0.007,24.15,0,ERR-T101
2026-01-12 06:30:00,LOT_06,W_01,0,5,ETCHER_A,PATH_0011,0.92,67.17,14.78,100.68,2.18,0.108,17.21,1,NORMAL
2026-01-12 06:35:00,LOT_06,W_01,1,5,ETCHER_A,PATH_0012,0.95,61.4,15.61,100.48,2.21,0.181,13.55,1,NORMAL
2026-01-12 06:40:00,LOT_06,W_01,2,5,ETCHER_A,PATH_0010,0.71,66.37,15.53,102.5,1.89,0.106,15.82,1,NORMAL
2026-01-12 06:45:00,LOT_06,W_01,3,5,ETCHER_A,PATH_0008,1.14,63.14,15.12,100.87,2.74,0.179,18.06,1,NORMAL
2026-01-12 06:50:00,LOT_06,W_01,4,5,ETCHER_A,PATH_0024,1.27,68.78,14.85,99.58,3.13,0.14,20.77,1,NORMAL
2026-01-12 06:55:00,LOT_06,W_01,5,5,ETCHER_A,PATH_0028,0.92,62.88,15.12,97.94,2.29,0.177,18.55,1,NORMAL
2026-01-12 07:00:00,LOT_06,W_01,6,5,ETCHER_A,PATH_0041,1.37,69.89,14.8,100.62,3.46,0.15,20.48,1,NORMAL
2026-01-12 07:05:00,LOT_06,W_01,7,5,ETCHER_A,PATH_0036,0.72,66.17,15.3,100.66,1.72,0.105,16.36,1,NORMAL
2026-01-12 07:10:00,LOT_06,W_01,8,5,ETCHER_A,PATH_0037,0.99,68.13,15.19,102.66,2.51,0.113,17.36,1,NORMAL
2026-01-12 07:15:00,LOT_06,W_01,9,5,ETCHER_A,PATH_0021,0.71,63.32,14.79,103.83,1.84,0.147,12.68,1,NORMAL
2026-01-12 07:20:00,LOT_06,W_01,0,6,ETCHER_A,PATH_0008,1.15,64.4,14.81,102.06,2.73,0.165,18.08,1,NORMAL
2026-01-12 07:25:00,LOT_06,W_01,1,6,ETCHER_A,PATH_0009,1.09,65.04,15.18,101.14,2.83,0.163,18.44,1,NORMAL
2026-01-12 07:30:00,LOT_06,W_01,2,6,ETCHER_A,PATH_0047,1.26,63.87,14.54,100.81,3.07,0.188,17.12,1,NORMAL
2026-01-12 07:35:00,LOT_06,W_01,3,6,ETCHER_A,PATH_0015,1.3,66.52,14.06,97.53,3.23,0.145,18.36,1,NORMAL
2026-01-12 07:40:00,LOT_06,W_01,4,6,ETCHER_A,PATH_0048,0.77,64.58,14.95,98.84,1.68,0.123,15.52,1,NORMAL
2026-01-12 07:45:00,LOT_06,W_01,5,6,ETCHER_A,PATH_0046,1.17,63.43,14.85,99.03,2.93,0.191,17.68,1,NORMAL
2026-01-12 07:50:00,LOT_06,W_01,6,6,ETCHER_A,PATH_0040,0.92,65.23,14.64,103.35,2.21,0.167,15.29,1,NORMAL
2026-01-12 07:55:00,LOT_06,W_01,7,6,ETCHER_A,PATH_0018,1.07,63.07,15.55,100.4,2.84,0.173,17.11,1,NORMAL
2026-01-12 08:00:00,LOT_06,W_01,8,6,ETCHER_A,PATH_0042,0.83,68.51,14.88,99.11,1.99,0.088,17.45,1,NORMAL
2026-01-12 08:05:00,LOT_06,W_01,9,6,ETCHER_A,PATH_0020,0.77,58.99,14.65,99.1,2.0,0.182,14.06,1,NORMAL
2026-01-12 08:10:00,LOT_06,W_01,0,7,ETCHER_A,PATH_0006,1.05,65.54,14.25,99.02,2.77,0.155,19.02,1,NORMAL
2026-01-12 08:15:00,LOT_06,W_01,1,7,ETCHER_A,PATH_0012,0.7,61.57,15.19,101.43,1.67,0.147,13.03,1,NORMAL
2026-01-12 08:20:00,LOT_06,W_01,2,7,ETCHER_A,PATH_0002,1.02,67.25,15.21,98.44,2.38,0.142,17.67,1,NORMAL
2026-01-12 08:25:00,LOT_06,W_01,3,7,ETCHER_A,PATH_0007,0.77,63.79,15.53,97.99,1.89,0.135,16.47,1,NORMAL
2026-01-12 08:30:00,LOT_06,W_01,4,7,ETCHER_A,PATH_0016,0.76,61.49,15.79,98.98,1.82,0.158,14.48,1,NORMAL
2026-01-12 08:35:00,LOT_06,W_01,5,7,ETCHER_A,PATH_0003,0.94,65.04,14.63,99.15,2.32,0.152,15.48,1,NORMAL
2026-01-12 08:40:00,LOT_06,W_01,6,7,ETCHER_A,PATH_0045,1.38,63.84,15.7,99.81,3.59,0.179,17.74,1,NORMAL
2026-01-12 08:45:00,LOT_06,W_01,7,7,ETCHER_A,PATH_0003,0.7,64.67,14.2,101.14,1.72,0.121,15.7,1,NORMAL
2026-01-12 08:50:00,LOT_06,W_01,8,7,ETCHER_A,PATH_0027,1.29,64.39,15.52,97.0,3.13,0.196,16.9,1,NORMAL
2026-01-12 08:55:00,LOT_06,W_01,9,7,ETCHER_A,PATH_0043,1.26,63.24,15.12,102.42,3.07,0.191,16.96,1,NORMAL
2026-01-12 09:00:00,LOT_06,W_01,0,8,ETCHER_A,PATH_0040,0.94,67.49,13.67,98.72,2.32,0.149,17.66,1,NORMAL
2026-01-12 09:05:00,LOT_06,W_01,1,8,ETCHER_A,PATH_0038,0.92,63.68,15.27,100.1,2.29,0.162,16.99,1,NORMAL
2026-01-12 09:10:00,LOT_06,W_01,2,8,ETCHER_A,PATH_0033,1.19,63.53,15.48,103.68,2.9,0.19,17.61,1,NORMAL
2026-01-12 09:15:00,LOT_06,W_01,3,8,ETCHER_A,PATH_0028,1.34,66.64,15.52,102.22,3.38,0.155,18.79,1,NORMAL
2026-01-12 09:20:00,LOT_06,W_01,4,8,ETCHER_A,PATH_0001,0.78,68.97,14.02,101.12,1.81,0.098,16.37,1,NORMAL
2026-01-12 09:25:00,LOT_06,W_01,5,8,ETCHER_A,PATH_0008,0.94,62.45,16.63,99.19,2.25,0.164,16.08,1,NORMAL
2026-01-12 09:30:00,LOT_06,W_01,6,8,ETCHER_A,PATH_0037,0.91,64.88,15.17,100.08,2.14,0.151,17.31,1,NORMAL
2026-01-12 09:35:00,LOT_06,W_01,7,8,ETCHER_A,PATH_0032,0.76,62.94,14.75,99.15,1.87,0.151,12.99,1,NORMAL
2026-01-12 09:40:00,LOT_06,W_01,8,8,ETCHER_A,PATH_0048,1.35,65.81,13.57,98.16,3.47,0.197,17.86,1,NORMAL
2026-01-12 09:45:00,LOT_06,W_01,9,8,ETCHER_A,PATH_0043,0.7,61.38,15.33,101.47,1.87,0.165,,1,NORMAL
2026-01-12 09:50:00,LOT_06,W_01,0,9,ETCHER_A,PATH_0037,1.39,66.87,15.48,99.62,3.65,0.166,19.39,1,NORMAL
2026-01-12 09:55:00,LOT_06,W_01,1,9,ETCHER_A,PATH_0004,0.97,62.29,15.73,96.62,2.59,0.18,16.17,1,NORMAL
2026-01-12 10:00:00,LOT_06,W_01,2,9,ETCHER_A,PATH_0030,0.84,62.68,15.25,101.72,2.17,0.16,15.44,1,NORMAL
2026-01-12 10:05:00,LOT_06,W_01,3,9,ETCHER_A,PATH_0006,1.27,65.71,15.3,99.57,3.38,0.18,20.1,1,NORMAL
2026-01-12 10:10:00,LOT_06,W_01,4,9,ETCHER_A,PATH_0046,0.93,66.02,14.79,101.61,2.43,0.122,15.85,1,NORMAL
2026-01-12 10:15:00,LOT_06,W_01,5,9,ETCHER_A,PATH_0019,0.75,65.73,15.24,99.67,1.89,0.101,,1,NORMAL
2026-01-12 10:20:00,LOT_06,W_01,6,9,ETCHER_A,PATH_0032,0.79,63.91,15.43,98.12,2.08,0.156,16.18,1,NORMAL
2026-01-12 10:25:00,LOT_06,W_01,7,9,ETCHER_A,PATH_0009,1.18,66.8,15.04,99.24,2.78,0.138,17.74,1,NORMAL
2026-01-12 10:30:00,LOT_06,W_01,8,9,ETCHER_A,PATH_0012,0.95,65.41,14.91,98.98,2.41,0.136,17.59,1,NORMAL
2026-01-12 10:35:00,LOT_06,W_01,9,9,ETCHER_A,PATH_0011,1.36,67.2,14.67,97.49,3.39,0.146,19.04,1,NORMAL
2026-01-12 10:40:00,LOT_06,W_02,0,0,ETCHER_B,PATH_0046,1.26,78.45,14.06,92.86,3.26,0.052,22.86,1,NORMAL
2026-01-12 10:45:00,LOT_06,W_02,1,0,ETCHER_B,PATH_0016,0.99,75.9,15.87,93.93,2.43,0.031,20.32,1,NORMAL
2026-01-12 10:50:00,LOT_06,W_02,2,0,ETCHER_B,PATH_0001,0.82,77.96,15.85,95.57,2.03,-0.0,22.21,0,ERR-T101
2026-01-12 10:55:00,LOT_06,W_02,3,0,ETCHER_B,PATH_0045,0.92,80.29,15.32,93.95,2.25,-0.016,21.29,0,ERR-T101
2026-01-12 11:00:00,LOT_06,W_02,4,0,ETCHER_B,PATH_0021,1.28,76.64,14.93,95.35,3.32,0.058,22.46,1,NORMAL
2026-01-12 11:05:00,LOT_06,W_02,5,0,ETCHER_B,PATH_0030,0.77,79.83,15.69,108.19,1.8,-0.02,20.5,0,ERR-T101
2026-01-12 11:10:00,LOT_06,W_02,6,0,ETCHER_B,PATH_0013,0.7,84.1,14.0,92.39,1.75,-0.072,22.62,0,ERR-T101
2026-01-12 11:15:00,LOT_06,W_02,7,0,ETCHER_B,PATH_0034,0.71,80.48,15.88,91.73,1.7,-0.031,21.18,0,ERR-T101
2026-01-12 11:20:00,LOT_06,W_02,8,0,ETCHER_B,PATH_0004,0.97,76.97,15.55,93.13,2.38,0.02,21.45,1,NORMAL
2026-01-12 11:25:00,LOT_06,W_02,9,0,ETCHER_B,PATH_0028,1.29,78.98,15.38,94.52,3.31,0.056,23.2,1,NORMAL
2026-01-12 11:30:00,LOT_06,W_02,0,1,ETCHER_B,PATH_0038,1.3,77.94,13.81,98.16,3.33,0.064,23.61,1,NORMAL
2026-01-12 11:35:00,LOT_06,W_02,1,1,ETCHER_B,PATH_0031,1.33,83.86,14.76,89.31,3.31,0.001,24.99,1,NORMAL
2026-01-12 11:40:00,LOT_06,W_02,2,1,ETCHER_B,PATH_0027,0.91,76.69,15.11,98.99,2.21,0.012,21.25,1,NORMAL
2026-01-12 11:45:00,LOT_06,W_02,3,1,ETCHER_B,PATH_0005,1.33,87.26,14.97,80.84,3.46,-0.03,27.99,0,ERR-T101
2026-01-12 11:50:00,LOT_06,W_02,4,1,ETCHER_B,PATH_0025,0.71,76.9,14.1,97.44,1.8,0.006,19.22,1,NORMAL
2026-01-12 11:55:00,LOT_06,W_02,5,1,ETCHER_B,PATH_0003,1.09,77.53,14.99,86.84,2.77,0.042,23.0,1,ERR-G202
2026-01-12 12:00:00,LOT_06,W_02,6,1,ETCHER_B,PATH_0033,1.36,76.31,14.77,87.5,3.26,0.066,23.65,1,ERR-G202
2026-01-12 12:05:00,LOT_06,W_02,7,1,ETCHER_B,PATH_0004,1.37,78.16,14.71,88.06,3.42,0.066,23.5,1,NORMAL
2026-01-12 12:10:00,LOT_06,W_02,8,1,ETCHER_B,PATH_0025,0.72,76.42,14.96,89.21,1.59,-0.007,20.82,0,ERR-T101
2026-01-12 12:15:00,LOT_06,W_02,9,1,ETCHER_B,PATH_0020,1.07,81.09,14.95,91.65,2.75,0.008,25.26,1,NORMAL
2026-01-12 12:20:00,LOT_06,W_02,0,2,ETCHER_B,PATH_0034,0.82,76.49,15.91,95.83,2.16,0.016,21.2,1,NORMAL
2026-01-12 12:25:00,LOT_06,W_02,1,2,ETCHER_B,PATH_0026,0.86,80.49,15.54,91.71,2.33,-0.024,23.22,0,ERR-T101
2026-01-12 12:30:00,LOT_06,W_02,2,2,ETCHER_B,PATH_0005,0.97,87.42,14.97,89.23,2.5,-0.094,26.93,0,ERR-T101
2026-01-12 12:35:00,LOT_06,W_02,3,2,ETCHER_B,PATH_0035,1.21,77.97,15.33,90.69,2.85,0.025,22.45,1,NORMAL
2026-01-12 12:40:00,LOT_06,W_02,4,2,ETCHER_B,PATH_0028,1.36,81.73,15.67,91.25,3.53,0.009,24.56,1,NORMAL
2026-01-12 12:45:00,LOT_06,W_02,5,2,ETCHER_B,PATH_0029,1.09,82.32,15.3,103.66,2.76,-0.026,24.69,0,ERR-T101
2026-01-12 12:50:00,LOT_06,W_02,6,2,ETCHER_B,PATH_0009,0.8,74.68,15.03,82.82,2.07,0.03,18.39,1,ERR-G202
2026-01-12 12:55:00,LOT_06,W_02,7,2,ETCHER_B,PATH_0038,1.0,79.57,14.98,89.98,2.72,0.001,22.2,1,NORMAL
2026-01-12 13:00:00,LOT_06,W_02,8,2,ETCHER_B,PATH_0006,0.91,81.28,15.34,91.05,2.47,-0.031,23.24,0,ERR-T101
2026-01-12 13:05:00,LOT_06,W_02,9,2,ETCHER_B,PATH_0019,0.98,84.39,15.11,93.17,2.44,-0.05,25.48,0,ERR-T101
2026-01-12 13:10:00,LOT_06,W_02,0,3,ETCHER_B,PATH_0044,0.85,81.85,14.47,92.16,2.22,-0.042,22.23,0,ERR-T101
2026-01-12 13:15:00,LOT_06,W_02,1,3,ETCHER_B,PATH_0011,0.93,81.37,14.46,96.47,2.35,-0.018,21.95,0,ERR-T101
2026-01-12 13:20:00,LOT_06,W_02,2,3,ETCHER_B,PATH_0002,0.92,79.26,15.0,96.61,2.34,-0.003,21.92,0,ERR-T101
2026-01-12 13:25:00,LOT_06,W_02,3,3,ETCHER_B,PATH_0047,1.03,75.33,14.16,93.47,2.59,0.047,19.59,1,NORMAL
2026-01-12 13:30:00,LOT_06,W_02,4,3,ETCHER_B,PATH_0044,1.0,72.63,15.24,80.41,2.61,0.076,20.29,1,ERR-G202
2026-01-12 13:35:00,LOT_06,W_02,5,3,ETCHER_B,PATH_0044,1.3,76.97,15.09,90.74,2.95,0.056,23.22,1,NORMAL
2026-01-12 13:40:00,LOT_06,W_02,6,3,ETCHER_B,PATH_0009,0.8,80.32,14.76,92.94,1.97,-0.018,19.71,0,ERR-T101
2026-01-12 13:45:00,LOT_06,W_02,7,3,ETCHER_B,PATH_0021,1.32,74.78,14.85,99.21,3.2,0.081,23.67,1,NORMAL
2026-01-12 13:50:00,LOT_06,W_02,8,3,ETCHER_B,PATH_0024,0.86,72.27,14.66,89.35,2.22,0.049,17.85,1,NORMAL
2026-01-12 13:55:00,LOT_06,W_02,9,3,ETCHER_B,PATH_0034,1.13,75.29,14.35,80.49,2.85,0.055,22.99,1,ERR-G202
2026-01-12 14:00:00,LOT_06,W_02,0,4,ETCHER_B,PATH_0022,1.0,85.44,14.44,103.38,2.63,-0.034,23.51,0,ERR-T101
2026-01-12 14:05:00,LOT_06,W_02,1,4,ETCHER_B,PATH_0003,0.7,71.2,15.5,91.45,1.65,0.043,17.66,1,NORMAL
2026-01-12 14:10:00,LOT_06,W_02,2,4,ETCHER_B,PATH_0012,0.83,80.73,15.21,93.67,2.18,-0.02,22.82,0,ERR-T101
2026-01-12 14:15:00,LOT_06,W_02,3,4,ETCHER_B,PATH_0028,0.77,81.24,15.19,90.39,2.0,-0.033,21.56,0,ERR-T101
2026-01-12 14:20:00,LOT_06,W_02,4,4,ETCHER_B,PATH_0030,1.08,76.92,14.34,97.09,2.71,0.036,22.01,1,NORMAL
2026-01-12 14:25:00,LOT_06,W_02,5,4,ETCHER_B,PATH_0026,0.94,77.42,15.26,84.81,2.42,0.007,23.22,1,ERR-G202
2026-01-12 14:30:00,LOT_06,W_02,6,4,ETCHER_B,PATH_0048,0.78,75.97,15.27,91.79,1.94,0.031,20.45,1,NORMAL
2026-01-12 14:35:00,LOT_06,W_02,7,4,ETCHER_B,PATH_0021,1.17,73.66,14.88,95.69,2.89,0.082,21.57,1,NORMAL
2026-01-12 14:40:00,LOT_06,W_02,8,4,ETCHER_B,PATH_0028,0.93,74.53,14.13,81.93,2.3,0.062,,1,ERR-G202
2026-01-12 14:45:00,LOT_06,W_02,9,4,ETCHER_B,PATH_0026,0.77,76.41,15.36,97.26,1.74,0.009,20.38,1,NORMAL
2026-01-12 14:50:00,LOT_06,W_02,0,5,ETCHER_B,PATH_0033,0.81,77.17,15.94,99.03,1.96,0.005,20.66,1,NORMAL
2026-01-12 14:55:00,LOT_06,W_02,1,5,ETCHER_B,PATH_0021,0.81,81.85,14.36,93.22,2.24,-0.032,22.53,0,ERR-T101
2026-01-12 15:00:00,LOT_06,W_02,2,5,ETCHER_B,PATH_0035,1.1,83.61,15.3,90.24,2.92,-0.023,22.84,0,ERR-T101
2026-01-12 15:05:00,LOT_06,W_02,3,5,ETCHER_B,PATH_0034,0.94,72.76,15.1,99.29,2.27,0.057,20.69,1,NORMAL
2026-01-12 15:10:00,LOT_06,W_02,4,5,ETCHER_B,PATH_0041,1.29,74.65,15.65,91.5,3.23,0.091,22.08,1,NORMAL
2026-01-12 15:15:00,LOT_06,W_02,5,5,ETCHER_B,PATH_0047,1.19,79.9,14.03,95.45,2.94,0.025,21.97,1,NORMAL
2026-01-12 15:20:00,LOT_06,W_02,6,5,ETCHER_B,PATH_0018,1.36,80.61,14.69,95.06,3.6,0.033,25.03,1,NORMAL
2026-01-12 15:25:00,LOT_06,W_02,7,5,ETCHER_B,PATH_0011,1.39,73.05,15.25,85.76,3.53,0.105,23.86,1,ERR-G202
2026-01-12 15:30:00,LOT_06,W_02,8,5,ETCHER_B,PATH_0023,1.22,76.48,15.43,95.97,3.27,0.061,23.63,1,NORMAL
2026-01-12 15:35:00,LOT_06,W_02,9,5,ETCHER_B,PATH_0048,0.9,73.91,14.74,90.05,2.37,0.05,19.55,1,NORMAL
2026-01-12 15:40:00,LOT_06,W_02,0,6,ETCHER_B,PATH_0022,0.96,81.02,15.87,98.21,2.45,-0.023,23.96,0,ERR-T101
2026-01-12 15:45:00,LOT_06,W_02,1,6,ETCHER_B,PATH_0017,0.85,72.75,14.6,91.79,2.24,0.058,18.11,1,NORMAL
2026-01-12 15:50:00,LOT_06,W_02,2,6,ETCHER_B,PATH_0005,0.96,79.83,14.76,94.96,2.39,-0.015,23.4,0,ERR-T101
2026-01-12 15:55:00,LOT_06,W_02,3,6,ETCHER_B,PATH_0044,1.33,69.24,15.51,94.91,3.52,0.164,20.57,1,NORMAL
2026-01-12 16:00:00,LOT_06,W_02,4,6,ETCHER_B,PATH_0011,1.01,76.11,15.38,96.11,2.45,0.036,22.43,1,NORMAL
2026-01-12 16:05:00,LOT_06,W_02,5,6,ETCHER_B,PATH_0030,1.16,83.04,14.89,95.73,2.91,-0.008,24.98,0,ERR-T101
2026-01-12 16:10:00,LOT_06,W_02,6,6,ETCHER_B,PATH_0015,1.0,79.95,14.71,101.66,2.45,-0.034,23.66,0,ERR-T101
2026-01-12 16:15:00,LOT_06,W_02,7,6,ETCHER_B,PATH_0027,1.24,79.22,15.0,81.62,3.16,0.048,24.32,1,ERR-G202
2026-01-12 16:20:00,LOT_06,W_02,8,6,ETCHER_B,PATH_0035,0.8,76.75,15.71,91.3,1.85,0.0,21.25,1,NORMAL
2026-01-12 16:25:00,LOT_06,W_02,9,6,ETCHER_B,PATH_0033,1.29,77.34,14.92,92.63,3.21,0.057,22.8,1,NORMAL
2026-01-12 16:30:00,LOT_06,W_02,0,7,ETCHER_B,PATH_0020,0.8,74.35,16.04,94.89,2.0,0.03,16.63,1,NORMAL
2026-01-12 16:35:00,LOT_06,W_02,1,7,ETCHER_B,PATH_0016,1.0,81.8,15.43,95.48,2.54,-0.016,24.82,0,ERR-T101
2026-01-12 16:40:00,LOT_06,W_02,2,7,ETCHER_B,PATH_0034,0.97,78.89,15.28,93.6,2.48,-0.008,23.01,0,ERR-T101
2026-01-12 16:45:00,LOT_06,W_02,3,7,ETCHER_B,PATH_0002,1.18,79.54,15.82,96.49,2.94,0.023,23.51,1,NORMAL
2026-01-12 16:50:00,LOT_06,W_02,4,7,ETCHER_B,PATH_0035,0.71,77.77,15.1,88.28,1.76,-0.009,,0,ERR-T101
2026-01-12 16:55:00,LOT_06,W_02,5,7,ETCHER_B,PATH_0040,0.82,81.48,15.21,94.59,2.25,-0.047,,0,ERR-T101
2026-01-12 17:00:00,LOT_06,W_02,6,7,ETCHER_B,PATH_0028,1.37,72.33,14.67,90.31,3.39,0.126,20.22,1,NORMAL
2026-01-12 17:05:00,LOT_06,W_02,7,7,ETCHER_B,PATH_0047,0.86,76.41,15.89,84.93,2.17,0.018,19.4,1,ERR-G202
2026-01-12 17:10:00,LOT_06,W_02,8,7,ETCHER_B,PATH_0039,0.84,80.32,15.85,96.61,2.34,0.003,22.42,1,NORMAL
2026-01-12 17:15:00,LOT_06,W_02,9,7,ETCHER_B,PATH_0006,1.29,69.12,14.19,94.18,3.19,0.135,20.84,1,NORMAL
2026-01-12 17:20:00,LOT_06,W_02,0,8,ETCHER_B,PATH_0009,1.26,81.92,15.64,94.85,3.36,0.006,26.25,1,NORMAL
2026-01-12 17:25:00,LOT_06,W_02,1,8,ETCHER_B,PATH_0020,1.28,78.1,15.19,90.22,3.24,0.042,23.22,1,NORMAL
2026-01-12 17:30:00,LOT_06,W_02,2,8,ETCHER_B,PATH_0001,1.14,83.03,14.93,89.88,2.81,-0.015,23.44,0,ERR-T101
2026-01-12 17:35:00,LOT_06,W_02,3,8,ETCHER_B,PATH_0008,1.15,74.23,14.54,92.95,2.87,0.063,21.58,1,NORMAL
2026-01-12 17:40:00,LOT_06,W_02,4,8,ETCHER_B,PATH_0023,1.15,77.07,15.63,88.47,2.8,0.049,23.48,1,NORMAL
2026-01-12 17:45:00,LOT_06,W_02,5,8,ETCHER_B,PATH_0003,0.95,84.07,14.23,98.26,2.46,-0.037,26.01,0,ERR-T101
2026-01-12 17:50:00,LOT_06,W_02,6,8,ETCHER_B,PATH_0004,0.85,73.89,15.27,92.03,2.12,0.042,20.67,1,NORMAL
2026-01-12 17:55:00,LOT_06,W_02,7,8,ETCHER_B,PATH_0025,0.89,76.6,15.2,97.79,2.22,0.024,20.48,1,NORMAL
2026-01-12 18:00:00,LOT_06,W_02,8,8,ETCHER_B,PATH_0047,1.21,74.25,14.15,90.05,3.16,0.088,22.79,1,NORMAL
2026-01-12 18:05:00,LOT_06,W_02,9,8,ETCHER_B,PATH_0038,1.05,79.01,14.07,94.65,2.58,0.023,20.93,1,NORMAL
2026-01-12 18:10:00,LOT_06,W_02,0,9,ETCHER_B,PATH_0015,0.83,74.32,15.38,93.91,1.99,0.03,19.44,1,NORMAL
2026-01-12 18:15:00,LOT_06,W_02,1,9,ETCHER_B,PATH_0021,0.82,72.28,14.51,87.89,2.01,0.047,18.47,1,ERR-G202
2026-01-12 18:20:00,LOT_06,W_02,2,9,ETCHER_B,PATH_0035,1.09,82.59,16.28,90.3,2.82,-0.024,24.76,0,ERR-T101
2026-01-12 18:25:00,LOT_06,W_02,3,9,ETCHER_B,PATH_0046,0.77,80.71,15.4,91.62,1.91,-0.03,22.65,0,ERR-T101
2026-01-12 18:30:00,LOT_06,W_02,4,9,ETCHER_B,PATH_0014,0.78,74.89,14.51,98.13,2.05,0.037,19.01,1,NORMAL
2026-01-12 18:35:00,LOT_06,W_02,5,9,ETCHER_B,PATH_0036,0.7,78.7,14.74,88.53,1.77,-0.014,21.55,0,ERR-T101
2026-01-12 18:40:00,LOT_06,W_02,6,9,ETCHER_B,PATH_0012,1.23,73.61,15.8,93.6,2.95,0.084,21.2,1,NORMAL
2026-01-12 18:45:00,LOT_06,W_02,7,9,ETCHER_B,PATH_0017,0.73,76.77,15.34,88.46,1.99,0.017,20.82,1,NORMAL
2026-01-12 18:50:00,LOT_06,W_02,8,9,ETCHER_B,PATH_0039,1.21,77.39,13.72,98.13,2.99,0.063,23.82,1,NORMAL
2026-01-12 18:55:00,LOT_06,W_02,9,9,ETCHER_B,PATH_0009,0.74,81.85,15.49,86.41,1.8,-0.052,22.23,0,ERR-T101
2026-01-12 19:00:00,LOT_06,W_03,0,0,ETCHER_B,PATH_0035,0.92,77.01,16.04,95.3,2.42,-0.002,21.7,0,ERR-T101
2026-01-12 19:05:00,LOT_06,W_03,1,0,ETCHER_B,PATH_0013,0.8,79.83,14.35,92.49,1.95,-0.004,20.49,0,ERR-T101
2026-01-12 19:10:00,LOT_06,W_03,2,0,ETCHER_B,PATH_0015,0.82,75.8,15.48,89.22,1.91,0.033,19.52,1,NORMAL
2026-01-12 19:15:00,LOT_06,W_03,3,0,ETCHER_B,PATH_0018,0.93,86.84,16.01,92.58,2.37,-0.075,25.32,0,ERR-T101
2026-01-12 19:20:00,LOT_06,W_03,4,0,ETCHER_B,PATH_0033,0.88,73.5,15.04,88.23,2.19,0.055,21.53,1,NORMAL
2026-01-12 19:25:00,LOT_06,W_03,5,0,ETCHER_B,PATH_0006,1.08,79.23,15.06,98.2,2.81,0.015,23.09,1,NORMAL
2026-01-12 19:30:00,LOT_06,W_03,6,0,ETCHER_B,PATH_0027,1.39,74.9,14.89,86.61,3.42,0.081,24.57,1,ERR-G202
2026-01-12 19:35:00,LOT_06,W_03,7,0,ETCHER_B,PATH_0023,0.98,76.64,14.57,99.1,2.26,0.042,20.96,1,NORMAL
2026-01-12 19:40:00,LOT_06,W_03,8,0,ETCHER_B,PATH_0027,1.36,85.96,15.44,84.75,3.3,-0.006,28.19,0,ERR-T101
2026-01-12 19:45:00,LOT_06,W_03,9,0,ETCHER_B,PATH_0034,0.86,69.8,15.08,95.98,2.28,0.076,18.87,1,NORMAL
2026-01-12 19:50:00,LOT_06,W_03,0,1,ETCHER_B,PATH_0046,0.89,81.34,14.43,91.24,2.24,-0.025,23.71,0,ERR-T101
2026-01-12 19:55:00,LOT_06,W_03,1,1,ETCHER_B,PATH_0038,1.4,80.77,15.05,95.93,3.44,0.035,24.94,1,NORMAL
2026-01-12 20:00:00,LOT_06,W_03,2,1,ETCHER_B,PATH_0014,0.72,82.81,14.59,97.54,1.81,-0.059,23.99,0,ERR-T101
2026-01-12 20:05:00,LOT_06,W_03,3,1,ETCHER_B,PATH_0036,1.17,79.34,15.14,90.69,2.84,0.022,23.02,1,NORMAL
2026-01-12 20:10:00,LOT_06,W_03,4,1,ETCHER_B,PATH_0008,0.94,75.42,15.02,94.52,2.23,0.034,23.05,1,NORMAL
2026-01-12 20:15:00,LOT_06,W_03,5,1,ETCHER_B,PATH_0035,1.19,76.72,14.68,93.61,3.2,0.054,22.26,1,NORMAL
2026-01-12 20:20:00,LOT_06,W_03,6,1,ETCHER_B,PATH_0019,0.8,75.15,14.64,94.65,1.95,0.025,19.82,1,NORMAL
2026-01-12 20:25:00,LOT_06,W_03,7,1,ETCHER_B,PATH_0030,1.3,73.76,15.52,81.27,2.99,0.08,21.53,1,ERR-G202
2026-01-12 20:30:00,LOT_06,W_03,8,1,ETCHER_B,PATH_0014,1.33,83.32,14.58,90.16,3.15,-0.005,26.04,0,ERR-T101
2026-01-12 20:35:00,LOT_06,W_03,9,1,ETCHER_B,PATH_0020,1.35,79.72,14.83,92.84,3.4,0.042,26.32,1,NORMAL
2026-01-12 20:40:00,LOT_06,W_03,0,2,ETCHER_B,PATH_0049,1.27,79.41,15.25,102.34,3.19,0.038,,1,NORMAL
2026-01-12 20:45:00,LOT_06,W_03,1,2,ETCHER_B,PATH_0025,1.38,80.53,15.85,96.96,3.43,0.033,26.97,1,NORMAL
2026-01-12 20:50:00,LOT_06,W_03,2,2,ETCHER_B,PATH_0040,1.2,78.35,14.71,91.35,2.95,0.04,25.5,1,NORMAL
2026-01-12 20:55:00,LOT_06,W_03,3,2,ETCHER_B,PATH_0024,1.31,75.34,14.6,90.49,3.19,0.083,23.14,1,NORMAL
2026-01-12 21:00:00,LOT_06,W_03,4,2,ETCHER_B,PATH_0014,1.19,81.52,14.14,99.94,3.0,-0.003,24.61,0,ERR-T101
2026-01-12 21:05:00,LOT_06,W_03,5,2,ETCHER_B,PATH_0026,1.05,78.39,14.88,86.31,2.62,0.018,22.22,1,ERR-G202
2026-01-12 21:10:00,LOT_06,W_03,6,2,ETCHER_B,PATH_0038,1.3,72.11,15.09,86.87,3.35,0.099,20.94,1,ERR-G202
2026-01-12 21:15:00,LOT_06,W_03,7,2,ETCHER_B,PATH_0023,1.16,73.61,15.18,94.28,2.81,0.071,20.49,1,NORMAL
2026-01-12 21:20:00,LOT_06,W_03,8,2,ETCHER_B,PATH_0022,0.71,76.24,14.85,95.0,1.82,0.015,19.87,1,NORMAL
2026-01-12 21:25:00,LOT_06,W_03,9,2,ETCHER_B,PATH_0048,1.34,73.91,15.41,88.96,3.25,0.103,22.9,1,NORMAL
2026-01-12 21:30:00,LOT_06,W_03,0,3,ETCHER_B,PATH_0019,0.78,79.9,14.79,84.43,1.93,-0.018,21.42,0,ERR-T101
2026-01-12 21:35:00,LOT_06,W_03,1,3,ETCHER_B,PATH_0046,0.76,77.39,14.85,87.68,1.95,-0.014,20.24,0,ERR-T101
2026-01-12 21:40:00,LOT_06,W_03,2,3,ETCHER_B,PATH_0003,0.86,83.29,15.31,90.16,2.1,-0.069,22.83,0,ERR-T101
2026-01-12 21:45:00,LOT_06,W_03,3,3,ETCHER_B,PATH_0042,1.37,82.27,15.47,89.48,3.41,0.024,25.85,1,NORMAL
2026-01-12 21:50:00,LOT_06,W_03,4,3,ETCHER_B,PATH_0019,0.76,72.33,15.28,93.59,1.9,0.055,19.26,1,NORMAL
2026-01-12 21:55:00,LOT_06,W_03,5,3,ETCHER_B,PATH_0009,0.89,73.4,14.78,90.03,2.25,0.041,18.9,1,NORMAL
2026-01-12 22:00:00,LOT_06,W_03,6,3,ETCHER_B,PATH_0028,0.78,84.49,15.34,83.14,2.06,-0.059,24.59,0,ERR-T101
2026-01-12 22:05:00,LOT_06,W_03,7,3,ETCHER_B,PATH_0020,1.15,73.89,15.75,98.06,2.91,0.082,21.89,1,NORMAL
2026-01-12 22:10:00,LOT_06,W_03,8,3,ETCHER_B,PATH_0045,0.8,75.43,15.66,90.95,2.07,0.04,22.57,1,NORMAL
2026-01-12 22:15:00,LOT_06,W_03,9,3,ETCHER_B,PATH_0007,0.83,70.36,15.74,93.33,2.03,0.065,18.88,1,NORMAL
2026-01-12 22:20:00,LOT_06,W_03,0,4,ETCHER_B,PATH_0014,1.21,76.85,14.95,97.65,2.91,0.032,23.65,1,NORMAL
2026-01-12 22:25:00,LOT_06,W_03,1,4,ETCHER_B,PATH_0009,1.07,78.21,15.05,90.97,2.51,0.041,22.88,1,NORMAL
2026-01-12 22:30:00,LOT_06,W_03,2,4,ETCHER_B,PATH_0019,1.07,80.78,15.33,104.95,2.81,-0.009,24.82,0,ERR-T101
2026-01-12 22:35:00,LOT_06,W_03,3,4,ETCHER_B,PATH_0047,1.12,75.2,15.09,95.53,2.83,0.046,22.73,1,NORMAL
2026-01-12 22:40:00,LOT_06,W_03,4,4,ETCHER_B,PATH_0014,1.37,70.97,15.38,92.29,3.48,0.149,22.9,1,NORMAL
2026-01-12 22:45:00,LOT_06,W_03,5,4,ETCHER_B,PATH_0038,0.84,81.31,14.71,96.65,2.1,-0.011,21.52,0,ERR-T101
2026-01-12 22:50:00,LOT_06,W_03,6,4,ETCHER_B,PATH_0036,1.2,82.56,14.24,104.1,2.97,0.001,,1,NORMAL
2026-01-12 22:55:00,LOT_06,W_03,7,4,ETCHER_B,PATH_0040,1.01,78.8,15.16,88.14,2.64,-0.0,21.6,0,ERR-T101
2026-01-12 23:00:00,LOT_06,W_03,8,4,ETCHER_B,PATH_0017,1.21,75.49,15.14,90.23,3.3,0.047,21.88,1,NORMAL
2026-01-12 23:05:00,LOT_06,W_03,9,4,ETCHER_B,PATH_0030,1.01,78.96,14.34,93.58,2.44,0.017,24.01,1,NORMAL
2026-01-12 23:10:00,LOT_06,W_03,0,5,ETCHER_B,PATH_0009,0.8,76.14,14.84,93.08,2.05,0.011,20.03,1,NORMAL
2026-01-12 23:15:00,LOT_06,W_03,1,5,ETCHER_B,PATH_0033,1.34,74.89,15.67,93.45,3.24,0.062,23.93,1,NORMAL
2026-01-12 23:20:00,LOT_06,W_03,2,5,ETCHER_B,PATH_0025,1.21,75.94,15.65,94.27,2.93,0.057,22.47,1,NORMAL
2026-01-12 23:25:00,LOT_06,W_03,3,5,ETCHER_B,PATH_0014,1.39,86.48,15.2,102.61,3.5,-0.007,27.69,0,ERR-T101
2026-01-12 23:30:00,LOT_06,W_03,4,5,ETCHER_B,PATH_0011,1.4,77.11,15.14,88.24,3.46,0.075,24.44,1,NORMAL
2026-01-12 23:35:00,LOT_06,W_03,5,5,ETCHER_B,PATH_0035,1.09,81.18,14.84,90.02,2.67,0.021,25.18,1,NORMAL
2026-01-12 23:40:00,LOT_06,W_03,6,5,ETCHER_B,PATH_0041,1.17,83.55,15.11,75.32,2.74,-0.016,24.66,0,ERR-T101
2026-01-12 23:45:00,LOT_06,W_03,7,5,ETCHER_B,PATH_0014,1.05,77.55,14.44,88.31,2.63,0.032,22.42,1,NORMAL
2026-01-12 23:50:00,LOT_06,W_03,8,5,ETCHER_B,PATH_0030,1.0,82.6,15.84,92.49,2.53,-0.034,24.14,0,ERR-T101
2026-01-12 23:55:00,LOT_06,W_03,9,5,ETCHER_B,PATH_0041,1.01,75.93,14.95,94.26,2.4,0.056,20.81,1,NORMAL
2026-01-13 00:00:00,LOT_06,W_03,0,6,ETCHER_B,PATH_0004,1.26,83.47,15.57,98.3,3.33,-0.006,26.7,0,ERR-T101
2026-01-13 00:05:00,LOT_06,W_03,1,6,ETCHER_B,PATH_0004,0.77,74.32,14.45,95.34,1.79,0.053,20.37,1,NORMAL
2026-01-13 00:10:00,LOT_06,W_03,2,6,ETCHER_B,PATH_0028,0.77,76.03,14.89,105.92,1.92,0.026,19.12,1,NORMAL
2026-01-13 00:15:00,LOT_06,W_03,3,6,ETCHER_B,PATH_0008,0.7,77.19,14.81,89.66,1.74,0.009,19.73,1,NORMAL
2026-01-13 00:20:00,LOT_06,W_03,4,6,ETCHER_B,PATH_0002,0.96,71.45,15.08,96.2,2.42,0.078,18.94,1,NORMAL
2026-01-13 00:25:00,LOT_06,W_03,5,6,ETCHER_B,PATH_0041,0.97,77.34,15.05,101.08,2.43,0.025,22.94,1,NORMAL
2026-01-13 00:30:00,LOT_06,W_03,6,6,ETCHER_B,PATH_0046,0.98,80.21,14.91,98.55,2.5,-0.009,23.61,0,ERR-T101
2026-01-13 00:35:00,LOT_06,W_03,7,6,ETCHER_B,PATH_0022,1.16,77.15,15.01,88.98,2.89,0.036,23.5,1,NORMAL
2026-01-13 00:40:00,LOT_06,W_03,8,6,ETCHER_B,PATH_0041,0.88,72.38,15.05,88.47,2.24,0.065,19.29,1,NORMAL
2026-01-13 00:45:00,LOT_06,W_03,9,6,ETCHER_B,PATH_0016,0.87,83.74,15.56,97.61,1.93,-0.057,21.91,0,ERR-T101
2026-01-13 00:50:00,LOT_06,W_03,0,7,ETCHER_B,PATH_0029,0.73,86.34,15.66,96.01,1.88,-0.09,24.0,0,ERR-T101
2026-01-13 00:55:00,LOT_06,W_03,1,7,ETCHER_B,PATH_0049,0.98,84.69,15.84,103.7,2.49,-0.047,25.82,0,ERR-T101
2026-01-13 01:00:00,LOT_06,W_03,2,7,ETCHER_B,PATH_0048,1.21,79.34,15.87,92.75,3.04,0.03,21.94,1,NORMAL
2026-01-13 01:05:00,LOT_06,W_03,3,7,ETCHER_B,PATH_0030,1.26,75.97,14.78,94.53,3.12,0.065,22.32,1,NORMAL
2026-01-13 01:10:00,LOT_06,W_03,4,7,ETCHER_B,PATH_0012,0.98,79.98,15.48,91.95,2.33,-0.009,22.22,0,ERR-T101
2026-01-13 01:15:00,LOT_06,W_03,5,7,ETCHER_B,PATH_0035,0.99,78.58,14.91,95.62,2.44,0.015,21.04,1,NORMAL
2026-01-13 01:20:00,LOT_06,W_03,6,7,ETCHER_B,PATH_0011,0.74,82.11,14.96,89.72,1.79,-0.054,23.1,0,ERR-T101
2026-01-13 01:25:00,LOT_06,W_03,7,7,ETCHER_B,PATH_0046,0.81,69.36,15.67,80.45,2.07,0.091,17.92,1,ERR-G202
2026-01-13 01:30:00,LOT_06,W_03,8,7,ETCHER_B,PATH_0021,0.74,78.01,15.22,92.33,1.87,-0.016,21.16,0,ERR-T101
2026-01-13 01:35:00,LOT_06,W_03,9,7,ETCHER_B,PATH_0021,1.03,78.15,15.45,90.44,2.58,0.012,21.98,1,NORMAL
2026-01-13 01:40:00,LOT_06,W_03,0,8,ETCHER_B,PATH_0005,0.83,75.56,14.51,94.88,2.1,0.033,22.16,1,NORMAL
2026-01-13 01:45:00,LOT_06,W_03,1,8,ETCHER_B,PATH_0048,0.9,81.9,15.13,102.44,2.24,-0.049,23.85,0,ERR-T101
2026-01-13 01:50:00,LOT_06,W_03,2,8,ETCHER_B,PATH_0020,1.24,72.6,14.77,89.09,3.15,0.088,20.98,1,NORMAL
2026-01-13 01:55:00,LOT_06,W_03,3,8,ETCHER_B,PATH_0037,0.83,74.79,15.56,97.89,1.95,0.039,20.83,1,NORMAL
2026-01-13 02:00:00,LOT_06,W_03,4,8,ETCHER_B,PATH_0003,0.88,74.34,14.81,91.31,2.37,0.05,19.51,1,NORMAL
2026-01-13 02:05:00,LOT_06,W_03,5,8,ETCHER_B,PATH_0044,1.13,76.37,15.2,99.35,2.85,0.05,22.14,1,NORMAL
2026-01-13 02:10:00,LOT_06,W_03,6,8,ETCHER_B,PATH_0033,0.72,77.74,15.87,88.66,1.77,0.004,20.0,1,NORMAL
2026-01-13 02:15:00,LOT_06,W_03,7,8,ETCHER_B,PATH_0009,1.17,80.41,15.53,85.53,2.95,0.001,25.88,1,ERR-G202
2026-01-13 02:20:00,LOT_06,W_03,8,8,ETCHER_B,PATH_0009,1.25,80.12,15.42,102.36,3.11,0.017,24.54,1,NORMAL
2026-01-13 02:25:00,LOT_06,W_03,9,8,ETCHER_B,PATH_0004,1.2,74.76,14.33,93.69,3.02,0.071,21.15,1,NORMAL
2026-01-13 02:30:00,LOT_06,W_03,0,9,ETCHER_B,PATH_0035,0.7,78.49,15.21,88.99,1.72,-0.003,20.98,0,ERR-T101
2026-01-13 02:35:00,LOT_06,W_03,1,9,ETCHER_B,PATH_0017,0.71,79.59,14.55,89.15,1.92,-0.028,19.95,0,ERR-T101
2026-01-13 02:40:00,LOT_06,W_03,2,9,ETCHER_B,PATH_0034,0.86,78.95,15.21,82.34,2.07,-0.017,22.5,0,ERR-T101
2026-01-13 02:45:00,LOT_06,W_03,3,9,ETCHER_B,PATH_0024,1.07,76.23,15.36,95.51,2.6,0.024,21.58,1,NORMAL
2026-01-13 02:50:00,LOT_06,W_03,4,9,ETCHER_B,PATH_0032,1.26,79.25,15.18,94.58,3.14,0.039,21.97,1,NORMAL
2026-01-13 02:55:00,LOT_06,W_03,5,9,ETCHER_B,PATH_0001,1.25,81.71,13.84,89.35,3.2,0.023,26.92,1,NORMAL
2026-01-13 03:00:00,LOT_06,W_03,6,9,ETCHER_B,PATH_0008,0.86,79.1,14.97,89.89,1.95,-0.002,20.88,0,ERR-T101
2026-01-13 03:05:00,LOT_06,W_03,7,9,ETCHER_B,PATH_0045,1.11,77.83,14.97,92.07,2.79,0.041,21.98,1,NORMAL
2026-01-13 03:10:00,LOT_06,W_03,8,9,ETCHER_B,PATH_0023,1.05,76.09,14.47,88.69,2.71,0.036,21.58,1,NORMAL
2026-01-13 03:15:00,LOT_06,W_03,9,9,ETCHER_B,PATH_0047,0.92,76.0,15.3,94.15,2.23,0.041,19.81,1,NORMAL
2026-01-13 03:20:00,LOT_06,W_04,0,0,ETCHER_B,PATH_0040,0.84,77.08,15.22,97.71,2.15,0.006,21.46,1,NORMAL
2026-01-13 03:25:00,LOT_06,W_04,1,0,ETCHER_B,PATH_0012,1.05,80.77,15.07,92.54,2.66,-0.005,23.79,0,ERR-T101
2026-01-13 03:30:00,LOT_06,W_04,2,0,ETCHER_B,PATH_0012,0.78,77.74,15.11,89.71,1.95,0.01,20.9,1,NORMAL
2026-01-13 03:35:00,LOT_06,W_04,3,0,ETCHER_B,PATH_0046,0.93,77.68,14.77,91.42,2.36,-0.001,22.84,0,ERR-T101
2026-01-13 03:40:00,LOT_06,W_04,4,0,ETCHER_B,PATH_0047,0.97,75.98,14.68,96.74,2.35,0.039,20.92,1,NORMAL
2026-01-13 03:45:00,LOT_06,W_04,5,0,ETCHER_B,PATH_0015,1.32,84.04,15.37,93.72,3.27,-0.022,26.2,0,ERR-T101
2026-01-13 03:50:00,LOT_06,W_04,6,0,ETCHER_B,PATH_0041,1.05,72.71,14.31,92.89,2.74,0.07,20.16,1,NORMAL
2026-01-13 03:55:00,LOT_06,W_04,7,0,ETCHER_B,PATH_0019,1.05,77.8,15.23,93.07,2.82,0.033,21.8,1,NORMAL
2026-01-13 04:00:00,LOT_06,W_04,8,0,ETCHER_B,PATH_0026,0.88,76.66,14.95,98.27,2.08,0.021,21.04,1,NORMAL
2026-01-13 04:05:00,LOT_06,W_04,9,0,ETCHER_B,PATH_0029,0.8,74.63,15.08,92.78,2.03,0.028,19.17,1,NORMAL
2026-01-13 04:10:00,LOT_06,W_04,0,1,ETCHER_B,PATH_0022,1.2,82.39,15.26,90.67,2.94,0.014,24.12,1,NORMAL
2026-01-13 04:15:00,LOT_06,W_04,1,1,ETCHER_B,PATH_0040,1.33,75.82,15.59,92.04,3.16,0.086,22.02,1,NORMAL
2026-01-13 04:20:00,LOT_06,W_04,2,1,ETCHER_B,PATH_0021,1.19,84.24,14.7,86.52,3.07,0.001,25.95,1,ERR-G202
2026-01-13 04:25:00,LOT_06,W_04,3,1,ETCHER_B,PATH_0038,1.07,77.7,15.01,93.43,2.66,0.022,22.4,1,NORMAL
2026-01-13 04:30:00,LOT_06,W_04,4,1,ETCHER_B,PATH_0020,0.82,79.68,15.91,101.14,2.07,-0.021,20.81,0,ERR-T101
2026-01-13 04:35:00,LOT_06,W_04,5,1,ETCHER_B,PATH_0029,0.83,88.64,15.15,96.4,1.96,-0.114,26.57,0,ERR-T101
2026-01-13 04:40:00,LOT_06,W_04,6,1,ETCHER_B,PATH_0004,1.17,76.31,15.3,85.94,2.77,0.061,22.46,1,ERR-G202
2026-01-13 04:45:00,LOT_06,W_04,7,1,ETCHER_B,PATH_0007,0.99,82.54,15.08,93.93,2.43,-0.035,23.44,0,ERR-T101
2026-01-13 04:50:00,LOT_06,W_04,8,1,ETCHER_B,PATH_0028,1.1,76.64,16.08,91.72,2.47,0.04,21.67,1,NORMAL
2026-01-13 04:55:00,LOT_06,W_04,9,1,ETCHER_B,PATH_0028,0.76,81.62,14.52,94.25,1.89,-0.046,23.41,0,ERR-T101
2026-01-13 05:00:00,LOT_06,W_04,0,2,ETCHER_B,PATH_0004,0.91,81.77,14.91,90.22,2.41,-0.022,24.51,0,ERR-T101
2026-01-13 05:05:00,LOT_06,W_04,1,2,ETCHER_B,PATH_0022,0.99,74.03,13.79,101.49,2.48,0.066,19.92,1,NORMAL
2026-01-13 05:10:00,LOT_06,W_04,2,2,ETCHER_B,PATH_0012,1.21,76.6,14.13,90.05,2.89,0.073,23.66,1,NORMAL
2026-01-13 05:15:00,LOT_06,W_04,3,2,ETCHER_B,PATH_0045,1.17,73.55,15.24,85.68,3.0,0.086,21.21,1,ERR-G202
2026-01-13 05:20:00,LOT_06,W_04,4,2,ETCHER_B,PATH_0003,0.73,76.62,14.77,99.75,1.86,-0.001,22.69,0,ERR-T101
2026-01-13 05:25:00,LOT_06,W_04,5,2,ETCHER_B,PATH_0022,0.76,83.44,15.39,88.32,1.9,-0.048,24.39,0,ERR-T101
2026-01-13 05:30:00,LOT_06,W_04,6,2,ETCHER_B,PATH_0044,0.98,81.64,15.08,96.92,2.52,-0.02,25.07,0,ERR-T101
2026-01-13 05:35:00,LOT_06,W_04,7,2,ETCHER_B,PATH_0002,1.15,80.94,15.3,99.98,2.83,-0.011,24.03,0,ERR-T101
2026-01-13 05:40:00,LOT_06,W_04,8,2,ETCHER_B,PATH_0024,1.3,76.78,14.94,90.71,3.27,0.049,23.89,1,NORMAL
2026-01-13 05:45:00,LOT_06,W_04,9,2,ETCHER_B,PATH_0034,0.94,77.29,15.08,87.63,2.27,0.024,21.32,1,ERR-G202
2026-01-13 05:50:00,LOT_06,W_04,0,3,ETCHER_B,PATH_0027,0.83,75.44,14.52,90.34,2.1,0.034,19.81,1,NORMAL
2026-01-13 05:55:00,LOT_06,W_04,1,3,ETCHER_B,PATH_0041,1.33,76.87,14.73,94.56,3.25,0.089,23.25,1,NORMAL
2026-01-13 06:00:00,LOT_06,W_04,2,3,ETCHER_B,PATH_0001,1.15,71.68,15.22,95.84,2.94,0.104,20.55,1,NORMAL
2026-01-13 06:05:00,LOT_06,W_04,3,3,ETCHER_B,PATH_0008,0.81,80.51,14.79,93.19,2.0,-0.031,21.21,0,ERR-T101
2026-01-13 06:10:00,LOT_06,W_04,4,3,ETCHER_B,PATH_0023,1.12,79.63,14.94,94.98,2.87,0.016,24.49,1,NORMAL
2026-01-13 06:15:00,LOT_06,W_04,5,3,ETCHER_B,PATH_0038,0.8,76.18,14.6,93.85,2.02,0.008,19.95,1,NORMAL
2026-01-13 06:20:00,LOT_06,W_04,6,3,ETCHER_B,PATH_0006,1.13,71.85,14.7,97.88,2.83,0.099,19.69,1,NORMAL
2026-01-13 06:25:00,LOT_06,W_04,7,3,ETCHER_B,PATH_0022,1.05,81.19,16.47,99.04,2.57,-0.014,22.44,0,ERR-T101
2026-01-13 06:30:00,LOT_06,W_04,8,3,ETCHER_B,PATH_0025,1.02,83.42,15.32,98.52,2.49,-0.044,24.98,0,ERR-T101
2026-01-13 06:35:00,LOT_06,W_04,9,3,ETCHER_B,PATH_0018,1.28,74.05,14.83,94.85,3.31,0.093,21.89,1,NORMAL
2026-01-13 06:40:00,LOT_06,W_04,0,4,ETCHER_B,PATH_0017,1.21,76.23,15.7,88.52,3.01,0.067,21.99,1,NORMAL
2026-01-13 06:45:00,LOT_06,W_04,1,4,ETCHER_B,PATH_0012,1.35,83.66,14.97,95.74,3.47,-0.016,26.28,0,ERR-T101
2026-01-13 06:50:00,LOT_06,W_04,2,4,ETCHER_B,PATH_0006,1.19,76.36,14.78,90.36,2.93,0.078,20.96,1,NORMAL
2026-01-13 06:55:00,LOT_06,W_04,3,4,ETCHER_B,PATH_0026,1.39,76.35,15.6,88.89,3.42,0.062,22.98,1,NORMAL
2026-01-13 07:00:00,LOT_06,W_04,4,4,ETCHER_B,PATH_0027,0.96,79.71,14.85,92.3,2.42,-0.005,21.83,0,ERR-T101
2026-01-13 07:05:00,LOT_06,W_04,5,4,ETCHER_B,PATH_0008,1.13,82.67,15.55,103.47,2.81,-0.03,24.01,0,ERR-T101
2026-01-13 07:10:00,LOT_06,W_04,6,4,ETCHER_B,PATH_0019,1.3,79.93,15.51,87.6,3.27,0.04,24.65,1,ERR-G202
2026-01-13 07:15:00,LOT_06,W_04,7,4,ETCHER_B,PATH_0042,0.82,83.55,14.86,96.39,1.99,-0.053,24.76,0,ERR-T101
2026-01-13 07:20:00,LOT_06,W_04,8,4,ETCHER_B,PATH_0001,1.14,81.84,15.42,88.66,2.83,-0.0,24.22,0,ERR-T101
2026-01-13 07:25:00,LOT_06,W_04,9,4,ETCHER_B,PATH_0029,1.01,74.28,15.26,95.22,2.66,0.039,19.83,1,NORMAL
2026-01-13 07:30:00,LOT_06,W_04,0,5,ETCHER_B,PATH_0045,1.1,82.62,15.64,90.63,2.53,-0.012,24.08,0,ERR-T101
2026-01-13 07:35:00,LOT_06,W_04,1,5,ETCHER_B,PATH_0049,0.87,83.7,14.97,92.6,2.16,-0.058,24.56,0,ERR-T101
2026-01-13 07:40:00,LOT_06,W_04,2,5,ETCHER_B,PATH_0035,0.9,70.61,15.5,94.24,2.48,0.064,18.66,1,NORMAL
2026-01-13 07:45:00,LOT_06,W_04,3,5,ETCHER_B,PATH_0040,0.85,71.21,15.13,91.85,2.15,0.067,19.25,1,NORMAL
2026-01-13 07:50:00,LOT_06,W_04,4,5,ETCHER_B,PATH_0014,1.3,78.88,14.72,86.3,3.11,0.047,24.2,1,ERR-G202
2026-01-13 07:55:00,LOT_06,W_04,5,5,ETCHER_B,PATH_0035,1.3,76.19,14.35,92.58,3.29,0.074,24.63,1,NORMAL
2026-01-13 08:00:00,LOT_06,W_04,6,5,ETCHER_B,PATH_0048,1.22,74.18,15.31,99.68,3.1,0.091,21.15,1,NORMAL
2026-01-13 08:05:00,LOT_06,W_04,7,5,ETCHER_B,PATH_0045,1.08,78.39,15.55,96.28,2.74,0.022,23.7,1,NORMAL
2026-01-13 08:10:00,LOT_06,W_04,8,5,ETCHER_B,PATH_0020,1.01,65.8,15.21,97.4,2.77,0.13,16.99,1,NORMAL
2026-01-13 08:15:00,LOT_06,W_04,9,5,ETCHER_B,PATH_0049,0.87,75.99,15.85,85.28,2.31,0.019,20.92,1,ERR-G202
2026-01-13 08:20:00,LOT_06,W_04,0,6,ETCHER_B,PATH_0013,1.27,68.58,14.88,99.41,3.08,0.144,18.96,1,NORMAL
2026-01-13 08:25:00,LOT_06,W_04,1,6,ETCHER_B,PATH_0038,1.21,71.71,14.87,94.94,3.09,0.103,20.57,1,NORMAL
2026-01-13 08:30:00,LOT_06,W_04,2,6,ETCHER_B,PATH_0049,0.93,72.69,15.05,94.89,2.31,0.049,20.7,1,NORMAL
2026-01-13 08:35:00,LOT_06,W_04,3,6,ETCHER_B,PATH_0046,0.82,77.11,15.27,94.65,2.09,0.018,19.08,1,NORMAL
2026-01-13 08:40:00,LOT_06,W_04,4,6,ETCHER_B,PATH_0049,0.86,71.3,15.44,91.73,2.05,0.064,17.23,1,NORMAL
2026-01-13 08:45:00,LOT_06,W_04,5,6,ETCHER_B,PATH_0008,0.85,81.44,15.63,86.45,2.14,-0.016,22.18,0,ERR-T101
2026-01-13 08:50:00,LOT_06,W_04,6,6,ETCHER_B,PATH_0043,1.34,79.36,14.6,92.03,3.44,0.053,23.68,1,NORMAL
2026-01-13 08:55:00,LOT_06,W_04,7,6,ETCHER_B,PATH_0020,0.98,77.45,14.52,85.36,2.38,0.022,21.81,1,ERR-G202
2026-01-13 09:00:00,LOT_06,W_04,8,6,ETCHER_B,PATH_0033,1.03,75.97,15.08,88.78,2.5,0.037,21.18,1,NORMAL
2026-01-13 09:05:00,LOT_06,W_04,9,6,ETCHER_B,PATH_0026,1.38,74.48,14.07,96.88,3.27,0.094,24.68,1,NORMAL
2026-01-13 09:10:00,LOT_06,W_04,0,7,ETCHER_B,PATH_0039,0.87,71.84,15.1,92.76,2.11,0.063,20.07,1,NORMAL
2026-01-13 09:15:00,LOT_06,W_04,1,7,ETCHER_B,PATH_0021,1.23,78.71,14.62,100.83,3.1,0.044,26.36,1,NORMAL
2026-01-13 09:20:00,LOT_06,W_04,2,7,ETCHER_B,PATH_0049,1.05,78.9,14.97,103.57,2.97,0.031,22.35,1,NORMAL
2026-01-13 09:25:00,LOT_06,W_04,3,7,ETCHER_B,PATH_0042,1.24,78.15,15.4,99.69,3.13,0.028,23.14,1,NORMAL
2026-01-13 09:30:00,LOT_06,W_04,4,7,ETCHER_B,PATH_0043,1.28,79.86,14.84,94.29,3.18,0.038,26.55,1,NORMAL
2026-01-13 09:35:00,LOT_06,W_04,5,7,ETCHER_B,PATH_0041,0.87,76.66,14.53,96.05,2.06,0.016,21.61,1,NORMAL
2026-01-13 09:40:00,LOT_06,W_04,6,7,ETCHER_B,PATH_0009,0.7,79.05,15.23,93.05,1.69,0.002,21.03,1,NORMAL
2026-01-13 09:45:00,LOT_06,W_04,7,7,ETCHER_B,PATH_0024,1.01,84.04,14.9,92.48,2.46,-0.045,24.12,0,ERR-T101
2026-01-13 09:50:00,LOT_06,W_04,8,7,ETCHER_B,PATH_0037,1.18,78.8,15.94,95.67,2.96,0.026,21.28,1,NORMAL
2026-01-13 09:55:00,LOT_06,W_04,9,7,ETCHER_B,PATH_0049,1.14,77.17,15.11,92.21,2.87,0.023,23.98,1,NORMAL
2026-01-13 10:00:00,LOT_06,W_04,0,8,ETCHER_B,PATH_0041,1.14,71.82,15.35,92.45,2.82,0.085,21.72,1,NORMAL
2026-01-13 10:05:00,LOT_06,W_04,1,8,ETCHER_B,PATH_0017,1.0,77.59,14.82,102.37,2.59,0.005,20.54,1,NORMAL
2026-01-13 10:10:00,LOT_06,W_04,2,8,ETCHER_B,PATH_0024,0.87,77.73,15.03,95.36,2.33,0.011,20.07,1,NORMAL
2026-01-13 10:15:00,LOT_06,W_04,3,8,ETCHER_B,PATH_0021,1.27,75.07,14.86,96.3,3.14,0.085,23.74,1,NORMAL
2026-01-13 10:20:00,LOT_06,W_04,4,8,ETCHER_B,PATH_0039,1.14,68.57,14.56,96.85,2.67,0.13,18.74,1,NORMAL
2026-01-13 10:25:00,LOT_06,W_04,5,8,ETCHER_B,PATH_0041,0.98,86.02,15.54,86.48,2.45,-0.071,24.91,0,ERR-T101
2026-01-13 10:30:00,LOT_06,W_04,6,8,ETCHER_B,PATH_0039,0.91,84.59,15.37,87.52,2.24,-0.059,24.21,0,ERR-T101
2026-01-13 10:35:00,LOT_06,W_04,7,8,ETCHER_B,PATH_0013,1.21,78.64,14.66,96.68,3.02,0.051,22.58,1,NORMAL
2026-01-13 10:40:00,LOT_06,W_04,8,8,ETCHER_B,PATH_0011,1.38,74.98,15.07,100.21,3.41,0.096,21.55,1,NORMAL
2026-01-13 10:45:00,LOT_06,W_04,9,8,ETCHER_B,PATH_0046,1.15,80.11,15.51,92.25,2.8,0.015,22.57,1,NORMAL
2026-01-13 10:50:00,LOT_06,W_04,0,9,ETCHER_B,PATH_0019,1.04,78.91,16.0,90.36,2.64,0.011,24.88,1,NORMAL
2026-01-13 10:55:00,LOT_06,W_04,1,9,ETCHER_B,PATH_0011,1.16,76.79,14.98,98.16,3.0,0.039,22.51,1,NORMAL
2026-01-13 11:00:00,LOT_06,W_04,2,9,ETCHER_B,PATH_0013,1.03,78.81,15.54,92.14,2.63,-0.003,21.37,0,ERR-T101
2026-01-13 11:05:00,LOT_06,W_04,3,9,ETCHER_B,PATH_0046,0.91,76.6,15.81,93.07,2.25,0.018,20.84,1,NORMAL
2026-01-13 11:10:00,LOT_06,W_04,4,9,ETCHER_B,PATH_0045,1.07,78.2,14.83,93.07,2.86,0.02,21.88,1,NORMAL
2026-01-13 11:15:00,LOT_06,W_04,5,9,ETCHER_B,PATH_0001,1.13,75.08,14.67,96.37,2.88,0.086,21.76,1,NORMAL
2026-01-13 11:20:00,LOT_06,W_04,6,9,ETCHER_B,PATH_0040,1.02,75.36,15.82,90.93,2.67,0.048,21.91,1,NORMAL
2026-01-13 11:25:00,LOT_06,W_04,7,9,ETCHER_B,PATH_0044,0.84,76.11,14.49,96.86,1.95,0.019,19.38,1,NORMAL
2026-01-13 11:30:00,LOT_06,W_04,8,9,ETCHER_B,PATH_0019,1.32,74.97,15.2,95.56,3.24,0.078,21.97,1,NORMAL
2026-01-13 11:35:00,LOT_06,W_04,9,9,ETCHER_B,PATH_0012,0.79,82.41,15.17,86.42,1.97,-0.049,21.3,0,ERR-T101
2026-01-13 11:40:00,LOT_07,W_00,0,0,ETCHER_A,PATH_0008,0.74,65.5,15.52,98.43,1.72,0.13,15.75,1,NORMAL
2026-01-13 11:45:00,LOT_07,W_00,1,0,ETCHER_A,PATH_0008,0.82,64.89,14.35,97.67,1.98,0.141,,1,NORMAL
2026-01-13 11:50:00,LOT_07,W_00,2,0,ETCHER_A,PATH_0045,0.89,62.11,16.13,100.61,2.06,0.156,14.17,1,NORMAL
2026-01-13 11:55:00,LOT_07,W_00,3,0,ETCHER_A,PATH_0012,0.71,67.51,15.35,102.12,1.86,0.09,17.3,1,NORMAL
2026-01-13 12:00:00,LOT_07,W_00,4,0,ETCHER_A,PATH_0048,1.09,64.39,15.33,99.2,2.68,0.176,15.59,1,NORMAL
2026-01-13 12:05:00,LOT_07,W_00,5,0,ETCHER_A,PATH_0033,0.75,64.72,15.44,98.87,1.79,0.124,16.92,1,NORMAL
2026-01-13 12:10:00,LOT_07,W_00,6,0,ETCHER_A,PATH_0045,0.9,66.36,15.57,99.48,2.31,0.137,19.22,1,NORMAL
2026-01-13 12:15:00,LOT_07,W_00,7,0,ETCHER_A,PATH_0026,1.24,65.55,15.13,97.12,3.14,0.174,19.66,1,NORMAL
2026-01-13 12:20:00,LOT_07,W_00,8,0,ETCHER_A,PATH_0039,1.15,64.22,13.95,100.27,2.88,0.164,15.26,1,NORMAL
2026-01-13 12:25:00,LOT_07,W_00,9,0,ETCHER_A,PATH_0028,1.4,67.08,15.35,99.92,3.63,0.174,17.92,1,NORMAL
2026-01-13 12:30:00,LOT_07,W_00,0,1,ETCHER_A,PATH_0005,0.94,63.48,14.09,97.47,2.3,0.163,14.79,1,NORMAL
2026-01-13 12:35:00,LOT_07,W_00,1,1,ETCHER_A,PATH_0008,1.37,67.87,15.09,100.28,3.41,0.149,18.67,1,NORMAL
2026-01-13 12:40:00,LOT_07,W_00,2,1,ETCHER_A,PATH_0025,1.24,63.33,14.98,100.44,3.17,0.183,16.18,1,NORMAL
2026-01-13 12:45:00,LOT_07,W_00,3,1,ETCHER_A,PATH_0027,1.0,67.19,15.99,100.86,2.59,0.137,17.95,1,NORMAL
2026-01-13 12:50:00,LOT_07,W_00,4,1,ETCHER_A,PATH_0046,0.74,60.56,15.28,100.71,1.75,0.171,14.07,1,NORMAL
2026-01-13 12:55:00,LOT_07,W_00,5,1,ETCHER_A,PATH_0023,1.1,67.43,15.0,100.66,2.61,0.129,17.02,1,NORMAL
2026-01-13 13:00:00,LOT_07,W_00,6,1,ETCHER_A,PATH_0030,0.98,66.11,14.0,99.64,2.56,0.133,19.83,1,NORMAL
2026-01-13 13:05:00,LOT_07,W_00,7,1,ETCHER_A,PATH_0045,0.8,63.38,14.56,100.91,1.93,0.135,15.99,1,NORMAL
2026-01-13 13:10:00,LOT_07,W_00,8,1,ETCHER_A,PATH_0047,1.12,65.42,14.92,102.33,2.64,0.159,17.87,1,NORMAL
2026-01-13 13:15:00,LOT_07,W_00,9,1,ETCHER_A,PATH_0023,1.14,62.31,15.36,101.47,2.87,0.175,17.62,1,NORMAL
2026-01-13 13:20:00,LOT_07,W_00,0,2,ETCHER_A,PATH_0049,0.98,64.89,14.44,98.31,2.37,0.147,15.54,1,NORMAL
2026-01-13 13:25:00,LOT_07,W_00,1,2,ETCHER_A,PATH_0047,0.98,64.54,14.28,100.1,2.52,0.165,18.86,1,NORMAL
2026-01-13 13:30:00,LOT_07,W_00,2,2,ETCHER_A,PATH_0020,1.03,65.19,15.05,102.19,2.51,0.143,16.12,1,NORMAL
2026-01-13 13:35:00,LOT_07,W_00,3,2,ETCHER_A,PATH_0018,1.33,64.28,15.25,102.3,3.18,0.201,19.55,1,NORMAL
2026-01-13 13:40:00,LOT_07,W_00,4,2,ETCHER_A,PATH_0018,1.34,67.32,14.88,101.13,3.38,0.144,19.3,1,NORMAL
2026-01-13 13:45:00,LOT_07,W_00,5,2,ETCHER_A,PATH_0002,1.36,65.61,14.85,99.28,3.39,0.176,19.32,1,NORMAL
2026-01-13 13:50:00,LOT_07,W_00,6,2,ETCHER_A,PATH_0004,0.77,66.19,15.28,101.11,1.94,0.124,16.93,1,NORMAL
2026-01-13 13:55:00,LOT_07,W_00,7,2,ETCHER_A,PATH_0030,0.77,69.16,14.61,100.99,1.99,0.082,17.22,1,NORMAL
2026-01-13 14:00:00,LOT_07,W_00,8,2,ETCHER_A,PATH_0033,0.84,60.16,15.16,102.05,2.17,0.19,14.76,1,NORMAL
2026-01-13 14:05:00,LOT_07,W_00,9,2,ETCHER_A,PATH_0036,1.03,64.93,14.58,97.51,2.65,0.146,17.22,1,NORMAL
2026-01-13 14:10:00,LOT_07,W_00,0,3,ETCHER_A,PATH_0018,0.83,60.98,15.68,103.5,2.15,0.17,14.33,1,NORMAL
2026-01-13 14:15:00,LOT_07,W_00,1,3,ETCHER_A,PATH_0037,1.24,64.25,15.48,97.03,3.12,0.17,18.95,1,NORMAL
2026-01-13 14:20:00,LOT_07,W_00,2,3,ETCHER_A,PATH_0019,1.09,64.11,15.11,102.09,2.65,0.188,16.74,1,NORMAL
2026-01-13 14:25:00,LOT_07,W_00,3,3,ETCHER_A,PATH_0047,0.94,66.14,14.77,100.81,2.38,0.13,17.03,1,NORMAL
2026-01-13 14:30:00,LOT_07,W_00,4,3,ETCHER_A,PATH_0028,1.06,68.77,16.01,100.26,2.83,0.092,17.98,1,NORMAL
2026-01-13 14:35:00,LOT_07,W_00,5,3,ETCHER_A,PATH_0040,0.86,65.91,14.46,102.19,2.41,0.118,16.81,1,NORMAL
2026-01-13 14:40:00,LOT_07,W_00,6,3,ETCHER_A,PATH_0020,1.21,69.42,15.09,98.52,3.16,0.118,21.11,1,NORMAL
2026-01-13 14:45:00,LOT_07,W_00,7,3,ETCHER_A,PATH_0049,0.94,65.8,15.63,98.49,2.33,0.137,,1,NORMAL
2026-01-13 14:50:00,LOT_07,W_00,8,3,ETCHER_A,PATH_0033,1.17,62.1,14.94,99.34,2.95,0.2,18.42,1,NORMAL
2026-01-13 14:55:00,LOT_07,W_00,9,3,ETCHER_A,PATH_0012,1.19,67.05,15.15,99.88,3.02,0.15,18.4,1,NORMAL
2026-01-13 15:00:00,LOT_07,W_00,0,4,ETCHER_A,PATH_0015,1.35,62.2,15.2,101.47,3.42,0.191,19.01,1,NORMAL
2026-01-13 15:05:00,LOT_07,W_00,1,4,ETCHER_A,PATH_0041,0.81,67.04,15.01,99.05,2.05,0.102,17.41,1,NORMAL
2026-01-13 15:10:00,LOT_07,W_00,2,4,ETCHER_A,PATH_0039,1.27,76.21,15.97,95.86,3.24,0.06,23.59,1,NORMAL
2026-01-13 15:15:00,LOT_07,W_00,3,4,ETCHER_A,PATH_0002,1.21,66.12,15.05,97.76,3.25,0.166,17.82,1,NORMAL
2026-01-13 15:20:00,LOT_07,W_00,4,4,ETCHER_A,PATH_0029,0.89,67.03,15.05,99.33,2.14,0.107,18.21,1,NORMAL
2026-01-13 15:25:00,LOT_07,W_00,5,4,ETCHER_A,PATH_0041,1.15,63.91,14.3,100.67,2.88,0.162,16.34,1,NORMAL
2026-01-13 15:30:00,LOT_07,W_00,6,4,ETCHER_A,PATH_0010,0.74,63.09,14.94,103.71,1.82,0.14,15.32,1,NORMAL
2026-01-13 15:35:00,LOT_07,W_00,7,4,ETCHER_A,PATH_0002,0.96,68.5,14.96,100.08,2.44,0.125,18.68,1,NORMAL
2026-01-13 15:40:00,LOT_07,W_00,8,4,ETCHER_A,PATH_0011,1.34,69.05,15.64,101.01,3.29,0.152,18.36,1,NORMAL
2026-01-13 15:45:00,LOT_07,W_00,9,4,ETCHER_A,PATH_0013,0.89,63.92,15.82,100.3,2.26,0.14,16.02,1,NORMAL
2026-01-13 15:50:00,LOT_07,W_00,0,5,ETCHER_A,PATH_0010,0.91,66.7,14.68,98.54,2.27,0.123,17.86,1,NORMAL
2026-01-13 15:55:00,LOT_07,W_00,1,5,ETCHER_A,PATH_0014,0.94,64.33,14.97,97.9,2.39,0.147,16.75,1,NORMAL
2026-01-13 16:00:00,LOT_07,W_00,2,5,ETCHER_A,PATH_0018,1.36,65.32,14.79,103.39,3.35,0.192,19.17,1,NORMAL
2026-01-13 16:05:00,LOT_07,W_00,3,5,ETCHER_A,PATH_0009,0.73,82.45,15.39,89.96,1.81,-0.043,21.31,0,ERR-T101
2026-01-13 16:10:00,LOT_07,W_00,4,5,ETCHER_A,PATH_0039,1.35,63.51,15.03,102.94,3.26,0.201,17.12,1,NORMAL
2026-01-13 16:15:00,LOT_07,W_00,5,5,ETCHER_A,PATH_0028,0.98,63.82,14.06,98.1,2.37,0.172,15.81,1,NORMAL
2026-01-13 16:20:00,LOT_07,W_00,6,5,ETCHER_A,PATH_0003,0.93,65.01,14.83,99.39,2.26,0.137,16.42,1,NORMAL
2026-01-13 16:25:00,LOT_07,W_00,7,5,ETCHER_A,PATH_0020,1.2,61.64,15.46,99.21,2.87,0.202,17.04,1,NORMAL
2026-01-13 16:30:00,LOT_07,W_00,8,5,ETCHER_A,PATH_0006,1.18,64.47,15.27,99.33,2.95,0.168,17.89,1,NORMAL
2026-01-13 16:35:00,LOT_07,W_00,9,5,ETCHER_A,PATH_0027,0.88,64.57,15.83,100.64,2.18,0.138,17.01,1,NORMAL
2026-01-13 16:40:00,LOT_07,W_00,0,6,ETCHER_A,PATH_0002,0.97,65.24,15.01,99.31,2.35,0.143,15.69,1,NORMAL
2026-01-13 16:45:00,LOT_07,W_00,1,6,ETCHER_A,PATH_0029,0.84,63.33,15.31,101.22,2.17,0.162,15.17,1,NORMAL
2026-01-13 16:50:00,LOT_07,W_00,2,6,ETCHER_A,PATH_0038,0.89,58.81,15.1,101.71,2.3,0.197,15.15,1,NORMAL
2026-01-13 16:55:00,LOT_07,W_00,3,6,ETCHER_A,PATH_0003,1.21,64.73,14.76,100.43,3.04,0.179,16.35,1,NORMAL
2026-01-13 17:00:00,LOT_07,W_00,4,6,ETCHER_A,PATH_0016,0.92,64.22,15.69,98.72,2.24,0.146,16.11,1,NORMAL
2026-01-13 17:05:00,LOT_07,W_00,5,6,ETCHER_A,PATH_0030,0.92,64.98,14.84,101.41,2.47,0.13,16.64,1,NORMAL
2026-01-13 17:10:00,LOT_07,W_00,6,6,ETCHER_A,PATH_0040,1.32,64.54,14.71,98.32,3.49,0.202,19.3,1,NORMAL
2026-01-13 17:15:00,LOT_07,W_00,7,6,ETCHER_A,PATH_0002,1.08,64.45,14.63,98.13,2.65,0.167,17.99,1,NORMAL
2026-01-13 17:20:00,LOT_07,W_00,8,6,ETCHER_A,PATH_0017,1.2,73.98,14.91,93.35,3.0,0.079,23.48,1,NORMAL
2026-01-13 17:25:00,LOT_07,W_00,9,6,ETCHER_A,PATH_0041,1.09,66.92,14.68,99.91,2.66,0.155,17.0,1,NORMAL
2026-01-13 17:30:00,LOT_07,W_00,0,7,ETCHER_A,PATH_0012,1.26,64.01,15.11,99.45,3.14,0.18,17.64,1,NORMAL
2026-01-13 17:35:00,LOT_07,W_00,1,7,ETCHER_A,PATH_0035,1.03,63.02,14.52,99.16,2.55,0.19,15.27,1,NORMAL
2026-01-13 17:40:00,LOT_07,W_00,2,7,ETCHER_A,PATH_0043,0.85,68.12,14.6,99.58,1.96,0.105,16.71,1,NORMAL
2026-01-13 17:45:00,LOT_07,W_00,3,7,ETCHER_A,PATH_0001,1.4,60.81,16.07,102.5,3.52,0.241,17.53,1,NORMAL
2026-01-13 17:50:00,LOT_07,W_00,4,7,ETCHER_A,PATH_0045,0.7,61.11,14.68,99.62,1.6,0.159,13.78,1,NORMAL
2026-01-13 17:55:00,LOT_07,W_00,5,7,ETCHER_A,PATH_0015,1.05,65.0,15.09,98.88,2.69,0.167,16.46,1,NORMAL
2026-01-13 18:00:00,LOT_07,W_00,6,7,ETCHER_A,PATH_0026,1.18,64.16,14.95,103.45,2.99,0.179,16.86,1,NORMAL
2026-01-13 18:05:00,LOT_07,W_00,7,7,ETCHER_A,PATH_0037,1.05,64.02,15.44,98.08,2.91,0.178,15.52,1,NORMAL
2026-01-13 18:10:00,LOT_07,W_00,8,7,ETCHER_A,PATH_0021,1.14,65.81,14.94,99.49,2.89,0.176,15.04,1,NORMAL
2026-01-13 18:15:00,LOT_07,W_00,9,7,ETCHER_A,PATH_0049,1.21,67.06,15.47,97.91,3.08,0.129,18.36,1,NORMAL
2026-01-13 18:20:00,LOT_07,W_00,0,8,ETCHER_A,PATH_0031,0.97,65.29,15.08,97.47,2.34,0.139,16.91,1,NORMAL
2026-01-13 18:25:00,LOT_07,W_00,1,8,ETCHER_A,PATH_0025,0.96,64.65,14.52,99.45,2.26,0.15,15.79,1,NORMAL
2026-01-13 18:30:00,LOT_07,W_00,2,8,ETCHER_A,PATH_0023,1.39,76.46,14.23,97.46,3.56,0.062,24.44,1,NORMAL
2026-01-13 18:35:00,LOT_07,W_00,3,8,ETCHER_A,PATH_0024,1.38,70.26,14.9,100.89,3.44,0.144,21.32,1,NORMAL
2026-01-13 18:40:00,LOT_07,W_00,4,8,ETCHER_A,PATH_0038,1.24,65.53,15.17,99.3,2.91,0.148,16.6,1,NORMAL
2026-01-13 18:45:00,LOT_07,W_00,5,8,ETCHER_A,PATH_0028,0.74,62.82,14.69,103.02,1.76,0.167,13.96,1,NORMAL
2026-01-13 18:50:00,LOT_07,W_00,6,8,ETCHER_A,PATH_0021,0.85,64.6,14.22,98.31,1.99,0.139,15.86,1,NORMAL
2026-01-13 18:55:00,LOT_07,W_00,7,8,ETCHER_A,PATH_0043,1.29,64.63,15.28,98.99,3.23,0.184,19.36,1,NORMAL
2026-01-13 19:00:00,LOT_07,W_00,8,8,ETCHER_A,PATH_0018,0.79,62.38,15.66,97.81,2.01,0.157,15.99,1,NORMAL
2026-01-13 19:05:00,LOT_07,W_00,9,8,ETCHER_A,PATH_0036,0.71,63.49,15.41,99.08,1.74,0.125,13.46,1,NORMAL
2026-01-13 19:10:00,LOT_07,W_00,0,9,ETCHER_A,PATH_0035,1.06,66.76,15.7,100.74,2.48,0.133,16.18,1,NORMAL
2026-01-13 19:15:00,LOT_07,W_00,1,9,ETCHER_A,PATH_0045,0.91,63.36,14.9,100.07,2.22,0.146,15.97,1,NORMAL
2026-01-13 19:20:00,LOT_07,W_00,2,9,ETCHER_A,PATH_0009,1.12,64.02,16.07,99.0,2.74,0.168,18.92,1,NORMAL
2026-01-13 19:25:00,LOT_07,W_00,3,9,ETCHER_A,PATH_0038,1.36,67.47,14.99,102.09,3.26,0.155,18.44,1,NORMAL
2026-01-13 19:30:00,LOT_07,W_00,4,9,ETCHER_A,PATH_0030,1.33,68.24,15.3,101.18,3.22,0.146,19.45,1,NORMAL
2026-01-13 19:35:00,LOT_07,W_00,5,9,ETCHER_A,PATH_0044,1.03,66.3,15.33,102.38,2.52,0.149,16.6,1,NORMAL
2026-01-13 19:40:00,LOT_07,W_00,6,9,ETCHER_A,PATH_0034,1.31,63.45,14.36,97.97,3.23,0.19,18.1,1,NORMAL
2026-01-13 19:45:00,LOT_07,W_00,7,9,ETCHER_A,PATH_0032,0.81,61.45,15.0,101.25,2.19,0.15,15.5,1,NORMAL
2026-01-13 19:50:00,LOT_07,W_00,8,9,ETCHER_A,PATH_0003,0.86,61.58,14.15,100.54,2.24,0.178,14.77,1,NORMAL
2026-01-13 19:55:00,LOT_07,W_00,9,9,ETCHER_A,PATH_0003,1.24,67.77,15.37,100.62,3.05,0.144,18.26,1,NORMAL
2026-01-13 20:00:00,LOT_07,W_01,0,0,ETCHER_B,PATH_0028,0.99,79.74,15.51,94.41,2.49,0.002,23.98,1,NORMAL
2026-01-13 20:05:00,LOT_07,W_01,1,0,ETCHER_B,PATH_0044,1.06,84.85,15.43,90.12,2.54,-0.046,25.08,0,ERR-T101
2026-01-13 20:10:00,LOT_07,W_01,2,0,ETCHER_B,PATH_0015,0.97,86.61,15.53,90.99,2.46,-0.073,24.87,0,ERR-T101
2026-01-13 20:15:00,LOT_07,W_01,3,0,ETCHER_B,PATH_0041,1.07,79.22,14.96,96.96,2.48,0.027,23.2,1,NORMAL
2026-01-13 20:20:00,LOT_07,W_01,4,0,ETCHER_B,PATH_0023,1.17,81.5,14.55,92.4,3.08,0.016,23.05,1,NORMAL
2026-01-13 20:25:00,LOT_07,W_01,5,0,ETCHER_B,PATH_0040,0.84,84.0,14.78,95.2,2.02,-0.049,24.44,0,ERR-T101
2026-01-13 20:30:00,LOT_07,W_01,6,0,ETCHER_B,PATH_0011,0.91,86.47,14.53,89.18,2.49,-0.071,24.8,0,ERR-T101
2026-01-13 20:35:00,LOT_07,W_01,7,0,ETCHER_B,PATH_0048,1.28,74.34,15.94,95.62,3.08,0.082,20.85,1,NORMAL
2026-01-13 20:40:00,LOT_07,W_01,8,0,ETCHER_B,PATH_0032,0.91,82.12,15.83,91.73,2.38,-0.041,23.19,0,ERR-T101
2026-01-13 20:45:00,LOT_07,W_01,9,0,ETCHER_B,PATH_0036,1.15,73.3,14.7,89.52,2.75,0.085,21.16,1,NORMAL
2026-01-13 20:50:00,LOT_07,W_01,0,1,ETCHER_B,PATH_0033,0.98,76.61,14.84,97.88,2.4,0.035,21.94,1,NORMAL
2026-01-13 20:55:00,LOT_07,W_01,1,1,ETCHER_B,PATH_0024,0.82,77.01,14.83,96.8,2.18,-0.001,23.27,0,ERR-T101
2026-01-13 21:00:00,LOT_07,W_01,2,1,ETCHER_B,PATH_0039,1.39,76.65,14.53,98.92,3.41,0.084,22.76,1,NORMAL
2026-01-13 21:05:00,LOT_07,W_01,3,1,ETCHER_B,PATH_0034,1.16,71.12,14.14,94.17,2.71,0.111,19.47,1,NORMAL
2026-01-13 21:10:00,LOT_07,W_01,4,1,ETCHER_B,PATH_0028,0.84,75.32,15.13,97.35,2.07,0.02,21.79,1,NORMAL
2026-01-13 21:15:00,LOT_07,W_01,5,1,ETCHER_B,PATH_0037,1.24,82.91,15.0,88.88,3.03,-0.015,25.1,0,ERR-T101
2026-01-13 21:20:00,LOT_07,W_01,6,1,ETCHER_B,PATH_0007,1.14,78.83,14.48,90.67,2.9,0.01,22.23,1,NORMAL
2026-01-13 21:25:00,LOT_07,W_01,7,1,ETCHER_B,PATH_0004,1.37,83.77,14.55,91.56,3.43,0.003,26.47,1,NORMAL
2026-01-13 21:30:00,LOT_07,W_01,8,1,ETCHER_B,PATH_0037,0.98,75.28,14.51,82.04,2.5,0.032,20.12,1,ERR-G202
2026-01-13 21:35:00,LOT_07,W_01,9,1,ETCHER_B,PATH_0001,1.27,75.23,14.67,86.21,3.27,0.08,23.89,1,ERR-G202
2026-01-13 21:40:00,LOT_07,W_01,0,2,ETCHER_B,PATH_0001,1.1,77.64,14.28,91.95,2.7,0.052,22.48,1,NORMAL
2026-01-13 21:45:00,LOT_07,W_01,1,2,ETCHER_B,PATH_0047,0.73,75.8,14.14,90.55,1.93,0.017,21.0,1,NORMAL
2026-01-13 21:50:00,LOT_07,W_01,2,2,ETCHER_B,PATH_0020,1.4,76.57,15.43,96.93,3.27,0.069,23.22,1,NORMAL
2026-01-13 21:55:00,LOT_07,W_01,3,2,ETCHER_B,PATH_0019,1.38,83.81,14.34,94.21,3.59,0.011,27.06,1,NORMAL
2026-01-13 22:00:00,LOT_07,W_01,4,2,ETCHER_B,PATH_0029,1.31,76.85,15.3,90.46,3.29,0.071,23.6,1,NORMAL
2026-01-13 22:05:00,LOT_07,W_01,5,2,ETCHER_B,PATH_0010,1.09,81.77,15.2,83.75,2.69,-0.03,23.93,0,ERR-T101
2026-01-13 22:10:00,LOT_07,W_01,6,2,ETCHER_B,PATH_0018,1.25,80.08,15.54,94.41,3.07,0.034,,1,NORMAL
2026-01-13 22:15:00,LOT_07,W_01,7,2,ETCHER_B,PATH_0028,1.09,80.8,14.66,87.05,2.68,0.014,23.38,1,ERR-G202
2026-01-13 22:20:00,LOT_07,W_01,8,2,ETCHER_B,PATH_0035,1.18,80.31,14.62,89.33,3.06,0.011,23.83,1,NORMAL
2026-01-13 22:25:00,LOT_07,W_01,9,2,ETCHER_B,PATH_0043,1.14,85.52,14.71,92.05,2.65,-0.017,26.24,0,ERR-T101
2026-01-13 22:30:00,LOT_07,W_01,0,3,ETCHER_B,PATH_0047,0.94,84.32,14.87,86.68,2.37,-0.041,25.59,0,ERR-T101
2026-01-13 22:35:00,LOT_07,W_01,1,3,ETCHER_B,PATH_0031,0.79,82.08,16.09,98.59,1.95,-0.043,23.0,0,ERR-T101
2026-01-13 22:40:00,LOT_07,W_01,2,3,ETCHER_B,PATH_0027,1.22,84.15,15.08,86.02,3.26,-0.013,26.16,0,ERR-T101
2026-01-13 22:45:00,LOT_07,W_01,3,3,ETCHER_B,PATH_0011,1.01,77.85,15.07,87.38,2.49,0.023,22.56,1,ERR-G202
2026-01-13 22:50:00,LOT_07,W_01,4,3,ETCHER_B,PATH_0049,1.06,73.01,14.97,88.6,2.65,0.092,20.93,1,NORMAL
2026-01-13 22:55:00,LOT_07,W_01,5,3,ETCHER_B,PATH_0049,0.9,78.02,15.85,96.57,2.34,-0.012,23.19,0,ERR-T101
2026-01-13 23:00:00,LOT_07,W_01,6,3,ETCHER_B,PATH_0038,0.76,79.59,14.67,85.23,1.71,-0.02,21.32,0,ERR-T101
2026-01-13 23:05:00,LOT_07,W_01,7,3,ETCHER_B,PATH_0005,0.88,82.55,14.09,87.73,2.29,-0.035,23.57,0,ERR-T101
2026-01-13 23:10:00,LOT_07,W_01,8,3,ETCHER_B,PATH_0008,0.78,78.29,14.77,86.16,1.9,0.002,22.71,1,ERR-G202
2026-01-13 23:15:00,LOT_07,W_01,9,3,ETCHER_B,PATH_0034,1.19,79.26,14.45,92.0,3.15,0.022,25.11,1,NORMAL
2026-01-13 23:20:00,LOT_07,W_01,0,4,ETCHER_B,PATH_0048,0.91,82.88,15.04,90.9,2.35,-0.04,22.15,0,ERR-T101
2026-01-13 23:25:00,LOT_07,W_01,1,4,ETCHER_B,PATH_0012,1.34,79.46,14.57,86.32,3.41,0.029,24.69,1,ERR-G202
2026-01-13 23:30:00,LOT_07,W_01,2,4,ETCHER_B,PATH_0038,1.36,76.82,14.89,96.03,3.39,0.068,22.79,1,NORMAL
2026-01-13 23:35:00,LOT_07,W_01,3,4,ETCHER_B,PATH_0001,1.0,80.6,14.96,98.85,2.44,-0.016,23.01,0,ERR-T101
2026-01-13 23:40:00,LOT_07,W_01,4,4,ETCHER_B,PATH_0031,0.82,83.51,14.94,87.37,2.14,-0.049,23.98,0,ERR-T101
2026-01-13 23:45:00,LOT_07,W_01,5,4,ETCHER_B,PATH_0004,1.25,82.32,15.71,88.09,3.2,-0.0,25.53,0,ERR-T101
2026-01-13 23:50:00,LOT_07,W_01,6,4,ETCHER_B,PATH_0049,1.21,78.1,14.88,95.2,3.09,0.052,23.07,1,NORMAL
2026-01-13 23:55:00,LOT_07,W_01,7,4,ETCHER_B,PATH_0045,1.29,78.75,14.53,89.77,3.24,0.051,24.13,1,NORMAL
2026-01-14 00:00:00,LOT_07,W_01,8,4,ETCHER_B,PATH_0005,1.32,81.33,14.19,103.05,3.19,0.026,26.4,1,NORMAL
2026-01-14 00:05:00,LOT_07,W_01,9,4,ETCHER_B,PATH_0030,1.32,71.82,14.86,93.41,3.23,0.121,22.25,1,NORMAL
2026-01-14 00:10:00,LOT_07,W_01,0,5,ETCHER_B,PATH_0024,0.91,77.93,14.76,94.2,2.19,0.024,22.0,1,NORMAL
2026-01-14 00:15:00,LOT_07,W_01,1,5,ETCHER_B,PATH_0003,0.75,81.02,15.27,82.17,1.72,-0.033,21.94,0,ERR-T101
2026-01-14 00:20:00,LOT_07,W_01,2,5,ETCHER_B,PATH_0011,0.81,81.69,15.39,97.89,2.03,-0.045,22.37,0,ERR-T101
2026-01-14 00:25:00,LOT_07,W_01,3,5,ETCHER_B,PATH_0045,1.01,77.88,14.5,85.18,2.64,0.022,21.55,1,ERR-G202
2026-01-14 00:30:00,LOT_07,W_01,4,5,ETCHER_B,PATH_0004,0.74,78.53,15.29,101.11,1.95,-0.013,21.38,0,ERR-T101
2026-01-14 00:35:00,LOT_07,W_01,5,5,ETCHER_B,PATH_0026,1.19,79.33,14.43,82.92,3.04,0.044,22.52,1,ERR-G202
2026-01-14 00:40:00,LOT_07,W_01,6,5,ETCHER_B,PATH_0027,1.24,81.35,14.91,91.58,2.99,0.044,,1,NORMAL
2026-01-14 00:45:00,LOT_07,W_01,7,5,ETCHER_B,PATH_0046,1.08,83.83,14.93,91.6,2.75,-0.044,23.9,0,ERR-T101
2026-01-14 00:50:00,LOT_07,W_01,8,5,ETCHER_B,PATH_0043,1.36,84.82,15.07,93.04,3.5,-0.014,27.37,0,ERR-T101
2026-01-14 00:55:00,LOT_07,W_01,9,5,ETCHER_B,PATH_0027,0.91,84.29,15.34,99.07,2.05,-0.052,25.95,0,ERR-T101
2026-01-14 01:00:00,LOT_07,W_01,0,6,ETCHER_B,PATH_0042,1.04,71.42,14.76,100.11,2.67,0.089,19.77,1,NORMAL
2026-01-14 01:05:00,LOT_07,W_01,1,6,ETCHER_B,PATH_0006,1.21,74.62,14.4,87.77,3.25,0.085,23.73,1,ERR-G202
2026-01-14 01:10:00,LOT_07,W_01,2,6,ETCHER_B,PATH_0015,0.92,79.74,15.49,93.2,2.45,-0.021,22.08,0,ERR-T101
2026-01-14 01:15:00,LOT_07,W_01,3,6,ETCHER_B,PATH_0030,1.07,78.16,13.72,93.44,2.71,0.043,23.35,1,NORMAL
2026-01-14 01:20:00,LOT_07,W_01,4,6,ETCHER_B,PATH_0042,1.04,82.29,13.23,88.51,2.53,-0.015,24.01,0,ERR-T101
2026-01-14 01:25:00,LOT_07,W_01,5,6,ETCHER_B,PATH_0037,0.85,80.74,15.76,94.75,2.09,-0.003,23.31,0,ERR-T101
2026-01-14 01:30:00,LOT_07,W_01,6,6,ETCHER_B,PATH_0037,1.19,86.29,15.35,95.41,3.09,-0.047,27.09,0,ERR-T101
2026-01-14 01:35:00,LOT_07,W_01,7,6,ETCHER_B,PATH_0042,0.93,75.46,14.61,92.38,2.35,0.025,21.03,1,NORMAL
2026-01-14 01:40:00,LOT_07,W_01,8,6,ETCHER_B,PATH_0037,1.02,75.72,14.92,90.45,2.69,0.055,21.48,1,NORMAL
2026-01-14 01:45:00,LOT_07,W_01,9,6,ETCHER_B,PATH_0035,0.91,75.71,15.84,98.71,2.31,0.047,21.48,1,NORMAL
2026-01-14 01:50:00,LOT_07,W_01,0,7,ETCHER_B,PATH_0023,1.09,86.55,15.58,90.01,2.62,-0.072,26.82,0,ERR-T101
2026-01-14 01:55:00,LOT_07,W_01,1,7,ETCHER_B,PATH_0006,1.27,78.3,14.73,96.16,3.29,0.054,26.08,1,NORMAL
2026-01-14 02:00:00,LOT_07,W_01,2,7,ETCHER_B,PATH_0004,1.16,86.0,14.79,86.43,2.88,-0.044,25.94,0,ERR-T101
2026-01-14 02:05:00,LOT_07,W_01,3,7,ETCHER_B,PATH_0018,0.95,77.73,14.32,89.8,2.39,0.027,,1,NORMAL
2026-01-14 02:10:00,LOT_07,W_01,4,7,ETCHER_B,PATH_0009,1.37,82.29,16.1,97.56,3.6,0.017,26.09,1,NORMAL
2026-01-14 02:15:00,LOT_07,W_01,5,7,ETCHER_B,PATH_0049,0.9,86.66,15.09,91.45,2.57,-0.094,25.48,0,ERR-T101
2026-01-14 02:20:00,LOT_07,W_01,6,7,ETCHER_B,PATH_0029,1.3,72.89,14.63,88.52,3.24,0.101,20.33,1,NORMAL
2026-01-14 02:25:00,LOT_07,W_01,7,7,ETCHER_B,PATH_0013,1.12,78.01,14.08,87.47,2.96,0.045,23.81,1,ERR-G202
2026-01-14 02:30:00,LOT_07,W_01,8,7,ETCHER_B,PATH_0047,0.75,85.97,15.02,89.07,1.76,-0.1,24.63,0,ERR-T101
2026-01-14 02:35:00,LOT_07,W_01,9,7,ETCHER_B,PATH_0017,0.76,78.03,14.37,93.9,1.8,0.018,21.09,1,NORMAL
2026-01-14 02:40:00,LOT_07,W_01,0,8,ETCHER_B,PATH_0045,1.4,81.33,16.3,87.46,3.59,0.031,25.23,1,ERR-G202
2026-01-14 02:45:00,LOT_07,W_01,1,8,ETCHER_B,PATH_0032,0.85,81.03,15.11,96.82,2.22,-0.023,21.41,0,ERR-T101
2026-01-14 02:50:00,LOT_07,W_01,2,8,ETCHER_B,PATH_0048,1.26,81.29,15.06,88.07,3.2,0.002,25.27,1,NORMAL
2026-01-14 02:55:00,LOT_07,W_01,3,8,ETCHER_B,PATH_0022,1.34,80.33,13.97,91.56,3.23,0.042,24.24,1,NORMAL
2026-01-14 03:00:00,LOT_07,W_01,4,8,ETCHER_B,PATH_0004,0.73,84.08,15.31,98.3,1.79,-0.075,22.48,0,ERR-T101
2026-01-14 03:05:00,LOT_07,W_01,5,8,ETCHER_B,PATH_0005,1.31,83.8,14.91,97.61,3.28,-0.012,,0,ERR-T101
2026-01-14 03:10:00,LOT_07,W_01,6,8,ETCHER_B,PATH_0037,1.2,83.53,15.77,88.25,3.09,-0.007,24.3,0,ERR-T101
2026-01-14 03:15:00,LOT_07,W_01,7,8,ETCHER_B,PATH_0041,1.36,77.04,14.58,83.72,3.38,0.078,23.75,1,ERR-G202
2026-01-14 03:20:00,LOT_07,W_01,8,8,ETCHER_B,PATH_0049,1.31,82.07,14.95,91.64,3.3,0.02,24.2,1,NORMAL
2026-01-14 03:25:00,LOT_07,W_01,9,8,ETCHER_B,PATH_0013,1.32,76.06,14.97,84.52,3.31,0.081,21.78,1,ERR-G202
2026-01-14 03:30:00,LOT_07,W_01,0,9,ETCHER_B,PATH_0034,1.09,81.69,14.96,102.94,2.71,-0.016,23.96,0,ERR-T101
2026-01-14 03:35:00,LOT_07,W_01,1,9,ETCHER_B,PATH_0045,0.88,86.67,15.21,82.56,2.08,-0.063,24.38,0,ERR-T101
2026-01-14 03:40:00,LOT_07,W_01,2,9,ETCHER_B,PATH_0022,0.96,79.49,13.85,87.36,2.29,0.007,21.82,1,ERR-G202
2026-01-14 03:45:00,LOT_07,W_01,3,9,ETCHER_B,PATH_0023,0.83,77.2,14.74,88.27,2.01,0.004,20.56,1,NORMAL
2026-01-14 03:50:00,LOT_07,W_01,4,9,ETCHER_B,PATH_0003,0.79,85.66,13.69,89.53,1.81,-0.065,23.76,0,ERR-T101
2026-01-14 03:55:00,LOT_07,W_01,5,9,ETCHER_B,PATH_0042,1.12,76.31,14.94,91.53,2.82,0.045,22.48,1,NORMAL
2026-01-14 04:00:00,LOT_07,W_01,6,9,ETCHER_B,PATH_0034,0.89,81.78,15.73,90.08,2.04,-0.028,23.47,0,ERR-T101
2026-01-14 04:05:00,LOT_07,W_01,7,9,ETCHER_B,PATH_0032,1.09,84.0,16.08,83.62,2.78,-0.032,26.67,0,ERR-T101
2026-01-14 04:10:00,LOT_07,W_01,8,9,ETCHER_B,PATH_0045,1.02,78.88,15.48,96.69,2.57,0.008,24.2,1,NORMAL
2026-01-14 04:15:00,LOT_07,W_01,9,9,ETCHER_B,PATH_0049,0.85,81.24,14.96,95.46,2.03,-0.047,22.4,0,ERR-T101
2026-01-14 04:20:00,LOT_07,W_02,0,0,ETCHER_A,PATH_0021,0.92,69.43,14.86,100.37,2.33,0.093,16.97,1,NORMAL
2026-01-14 04:25:00,LOT_07,W_02,1,0,ETCHER_A,PATH_0046,1.22,61.3,15.24,99.17,3.09,0.21,18.14,1,NORMAL
2026-01-14 04:30:00,LOT_07,W_02,2,0,ETCHER_A,PATH_0044,1.28,64.22,14.6,102.13,3.28,0.188,17.96,1,NORMAL
2026-01-14 04:35:00,LOT_07,W_02,3,0,ETCHER_A,PATH_0021,0.84,64.29,14.07,99.77,2.06,0.141,14.87,1,NORMAL
2026-01-14 04:40:00,LOT_07,W_02,4,0,ETCHER_A,PATH_0044,0.74,63.97,15.31,100.94,2.0,0.14,14.29,1,NORMAL
2026-01-14 04:45:00,LOT_07,W_02,5,0,ETCHER_A,PATH_0011,0.8,64.34,14.51,99.04,2.11,0.138,15.77,1,NORMAL
2026-01-14 04:50:00,LOT_07,W_02,6,0,ETCHER_A,PATH_0039,1.26,62.03,16.16,99.88,3.07,0.198,15.84,1,NORMAL
2026-01-14 04:55:00,LOT_07,W_02,7,0,ETCHER_A,PATH_0004,1.2,64.54,14.53,100.52,3.1,0.152,18.27,1,NORMAL
2026-01-14 05:00:00,LOT_07,W_02,8,0,ETCHER_A,PATH_0001,1.19,61.37,15.06,101.15,3.19,0.203,17.53,1,NORMAL
2026-01-14 05:05:00,LOT_07,W_02,9,0,ETCHER_A,PATH_0028,1.26,66.09,16.6,97.25,3.31,0.159,19.67,1,NORMAL
2026-01-14 05:10:00,LOT_07,W_02,0,1,ETCHER_A,PATH_0024,1.38,65.31,14.95,98.44,3.4,0.18,18.56,1,NORMAL
2026-01-14 05:15:00,LOT_07,W_02,1,1,ETCHER_A,PATH_0035,1.11,65.3,15.39,97.89,2.66,0.163,17.59,1,NORMAL
2026-01-14 05:20:00,LOT_07,W_02,2,1,ETCHER_A,PATH_0013,0.97,66.63,15.21,100.22,2.25,0.123,17.64,1,NORMAL
2026-01-14 05:25:00,LOT_07,W_02,3,1,ETCHER_A,PATH_0047,1.39,61.56,14.56,100.66,3.39,0.216,15.92,1,NORMAL
2026-01-14 05:30:00,LOT_07,W_02,4,1,ETCHER_A,PATH_0034,1.31,64.65,15.72,99.66,3.29,0.173,18.65,1,NORMAL
2026-01-14 05:35:00,LOT_07,W_02,5,1,ETCHER_A,PATH_0011,0.76,62.79,15.47,102.21,1.67,0.139,16.33,1,NORMAL
2026-01-14 05:40:00,LOT_07,W_02,6,1,ETCHER_A,PATH_0036,1.26,66.18,15.4,97.86,3.05,0.141,19.01,1,NORMAL
2026-01-14 05:45:00,LOT_07,W_02,7,1,ETCHER_A,PATH_0017,0.79,63.55,14.94,99.7,1.91,0.146,15.29,1,NORMAL
2026-01-14 05:50:00,LOT_07,W_02,8,1,ETCHER_A,PATH_0035,0.78,64.48,15.35,99.65,1.98,0.133,14.9,1,NORMAL
2026-01-14 05:55:00,LOT_07,W_02,9,1,ETCHER_A,PATH_0018,0.75,65.47,14.83,101.12,1.89,0.113,15.37,1,NORMAL
2026-01-14 06:00:00,LOT_07,W_02,0,2,ETCHER_A,PATH_0040,0.75,63.43,15.39,99.82,1.59,0.125,13.63,1,NORMAL
2026-01-14 06:05:00,LOT_07,W_02,1,2,ETCHER_A,PATH_0022,0.83,67.29,14.89,100.97,1.98,0.11,16.44,1,NORMAL
2026-01-14 06:10:00,LOT_07,W_02,2,2,ETCHER_A,PATH_0024,1.09,64.19,15.02,94.57,2.64,0.176,17.11,1,NORMAL
2026-01-14 06:15:00,LOT_07,W_02,3,2,ETCHER_A,PATH_0019,1.03,65.43,15.3,103.13,2.45,0.159,18.45,1,NORMAL
2026-01-14 06:20:00,LOT_07,W_02,4,2,ETCHER_A,PATH_0037,0.74,63.74,14.18,99.76,1.84,0.138,14.56,1,NORMAL
2026-01-14 06:25:00,LOT_07,W_02,5,2,ETCHER_A,PATH_0039,1.18,67.93,14.62,100.03,2.82,0.143,21.1,1,NORMAL
2026-01-14 06:30:00,LOT_07,W_02,6,2,ETCHER_A,PATH_0021,1.19,69.01,14.25,98.08,2.91,0.14,19.19,1,NORMAL
2026-01-14 06:35:00,LOT_07,W_02,7,2,ETCHER_A,PATH_0008,0.95,61.45,15.29,99.11,2.38,0.19,14.53,1,NORMAL
2026-01-14 06:40:00,LOT_07,W_02,8,2,ETCHER_A,PATH_0028,1.11,66.56,15.79,101.14,2.65,0.151,19.22,1,NORMAL
2026-01-14 06:45:00,LOT_07,W_02,9,2,ETCHER_A,PATH_0005,1.31,61.78,15.08,100.37,3.2,0.213,15.78,1,NORMAL
2026-01-14 06:50:00,LOT_07,W_02,0,3,ETCHER_A,PATH_0017,0.94,63.55,15.9,96.87,2.26,0.174,16.69,1,NORMAL
2026-01-14 06:55:00,LOT_07,W_02,1,3,ETCHER_A,PATH_0037,1.11,66.29,14.23,99.9,2.76,0.165,18.1,1,NORMAL
2026-01-14 07:00:00,LOT_07,W_02,2,3,ETCHER_A,PATH_0036,0.98,67.03,14.68,100.79,2.43,0.146,17.95,1,NORMAL
2026-01-14 07:05:00,LOT_07,W_02,3,3,ETCHER_A,PATH_0019,0.74,66.73,15.34,101.87,1.83,0.117,15.65,1,NORMAL
2026-01-14 07:10:00,LOT_07,W_02,4,3,ETCHER_A,PATH_0027,1.36,65.86,14.38,101.57,3.38,0.177,18.43,1,NORMAL
2026-01-14 07:15:00,LOT_07,W_02,5,3,ETCHER_A,PATH_0034,1.38,68.22,14.7,97.5,3.32,0.162,19.65,1,NORMAL
2026-01-14 07:20:00,LOT_07,W_02,6,3,ETCHER_A,PATH_0011,1.0,63.13,14.96,101.34,2.45,0.164,16.05,1,NORMAL
2026-01-14 07:25:00,LOT_07,W_02,7,3,ETCHER_A,PATH_0045,1.16,65.87,15.57,97.66,2.89,0.153,,1,NORMAL
2026-01-14 07:30:00,LOT_07,W_02,8,3,ETCHER_A,PATH_0047,0.91,64.76,14.37,99.22,2.23,0.143,15.84,1,NORMAL
2026-01-14 07:35:00,LOT_07,W_02,9,3,ETCHER_A,PATH_0012,1.35,65.99,14.87,100.46,3.15,0.171,21.14,1,NORMAL
2026-01-14 07:40:00,LOT_07,W_02,0,4,ETCHER_A,PATH_0021,1.31,62.62,14.92,98.83,3.26,0.205,18.83,1,NORMAL
2026-01-14 07:45:00,LOT_07,W_02,1,4,ETCHER_A,PATH_0011,1.12,63.45,14.79,99.42,2.8,0.177,15.89,1,NORMAL
2026-01-14 07:50:00,LOT_07,W_02,2,4,ETCHER_A,PATH_0039,1.37,62.83,15.3,100.12,3.51,0.212,15.82,1,NORMAL
2026-01-14 07:55:00,LOT_07,W_02,3,4,ETCHER_A,PATH_0028,1.22,64.32,14.94,100.04,3.04,0.18,16.86,1,NORMAL
2026-01-14 08:00:00,LOT_07,W_02,4,4,ETCHER_A,PATH_0005,0.95,62.99,15.18,100.14,2.33,0.156,16.74,1,NORMAL
2026-01-14 08:05:00,LOT_07,W_02,5,4,ETCHER_A,PATH_0017,1.19,65.8,15.24,99.74,2.93,0.149,18.4,1,NORMAL
2026-01-14 08:10:00,LOT_07,W_02,6,4,ETCHER_A,PATH_0020,1.34,66.12,15.61,103.46,3.29,0.179,19.97,1,NORMAL
2026-01-14 08:15:00,LOT_07,W_02,7,4,ETCHER_A,PATH_0041,1.23,63.49,15.97,101.01,3.07,0.189,17.22,1,NORMAL
2026-01-14 08:20:00,LOT_07,W_02,8,4,ETCHER_A,PATH_0046,1.15,65.72,14.93,100.2,2.96,0.162,15.9,1,NORMAL
2026-01-14 08:25:00,LOT_07,W_02,9,4,ETCHER_A,PATH_0012,1.26,67.91,14.57,102.53,3.11,0.146,21.21,1,NORMAL
2026-01-14 08:30:00,LOT_07,W_02,0,5,ETCHER_A,PATH_0006,0.73,78.59,14.87,94.66,1.83,-0.006,18.86,0,ERR-T101
2026-01-14 08:35:00,LOT_07,W_02,1,5,ETCHER_A,PATH_0017,0.98,64.62,14.78,100.03,2.55,0.158,16.13,1,NORMAL
2026-01-14 08:40:00,LOT_07,W_02,2,5,ETCHER_A,PATH_0019,0.72,79.04,15.53,96.79,1.75,-0.025,20.74,0,ERR-T101
2026-01-14 08:45:00,LOT_07,W_02,3,5,ETCHER_A,PATH_0026,0.92,67.11,15.06,98.91,2.26,0.116,17.94,1,NORMAL
2026-01-14 08:50:00,LOT_07,W_02,4,5,ETCHER_A,PATH_0048,1.19,64.06,14.66,100.11,3.06,0.183,17.09,1,NORMAL
2026-01-14 08:55:00,LOT_07,W_02,5,5,ETCHER_A,PATH_0044,0.98,63.16,14.77,101.15,2.54,0.155,15.79,1,NORMAL
2026-01-14 09:00:00,LOT_07,W_02,6,5,ETCHER_A,PATH_0044,0.8,67.26,15.33,98.75,2.0,0.097,16.22,1,NORMAL
2026-01-14 09:05:00,LOT_07,W_02,7,5,ETCHER_A,PATH_0032,1.31,78.75,14.39,96.33,3.27,0.064,23.42,1,NORMAL
2026-01-14 09:10:00,LOT_07,W_02,8,5,ETCHER_A,PATH_0006,1.29,62.2,14.94,100.61,3.34,0.21,18.71,1,NORMAL
2026-01-14 09:15:00,LOT_07,W_02,9,5,ETCHER_A,PATH_0036,1.36,65.31,14.14,100.63,3.5,0.182,19.88,1,NORMAL
2026-01-14 09:20:00,LOT_07,W_02,0,6,ETCHER_A,PATH_0038,0.93,65.45,15.95,100.22,2.08,0.129,17.0,1,NORMAL
2026-01-14 09:25:00,LOT_07,W_02,1,6,ETCHER_A,PATH_0011,0.82,62.32,15.22,98.05,1.96,0.166,14.32,1,NORMAL
2026-01-14 09:30:00,LOT_07,W_02,2,6,ETCHER_A,PATH_0033,1.0,63.1,14.6,99.36,2.48,0.158,14.97,1,NORMAL
2026-01-14 09:35:00,LOT_07,W_02,3,6,ETCHER_A,PATH_0024,1.25,63.67,14.98,101.86,2.96,0.19,17.38,1,NORMAL
2026-01-14 09:40:00,LOT_07,W_02,4,6,ETCHER_A,PATH_0023,0.87,61.52,14.38,99.27,2.18,0.179,14.25,1,NORMAL
2026-01-14 09:45:00,LOT_07,W_02,5,6,ETCHER_A,PATH_0015,1.33,66.37,14.88,97.37,3.13,0.177,21.15,1,NORMAL
2026-01-14 09:50:00,LOT_07,W_02,6,6,ETCHER_A,PATH_0027,0.82,63.99,15.41,100.53,2.04,0.131,15.77,1,NORMAL
2026-01-14 09:55:00,LOT_07,W_02,7,6,ETCHER_A,PATH_0011,1.35,62.45,14.59,102.84,3.29,0.2,17.22,1,NORMAL
2026-01-14 10:00:00,LOT_07,W_02,8,6,ETCHER_A,PATH_0017,1.34,82.03,15.25,94.16,3.39,0.015,25.65,1,NORMAL
2026-01-14 10:05:00,LOT_07,W_02,9,6,ETCHER_A,PATH_0014,1.28,64.46,14.54,100.05,3.27,0.186,18.47,1,NORMAL
2026-01-14 10:10:00,LOT_07,W_02,0,7,ETCHER_A,PATH_0027,0.74,65.74,14.94,102.6,1.88,0.144,17.35,1,NORMAL
2026-01-14 10:15:00,LOT_07,W_02,1,7,ETCHER_A,PATH_0018,1.29,61.8,15.58,100.7,3.21,0.221,16.98,1,NORMAL
2026-01-14 10:20:00,LOT_07,W_02,2,7,ETCHER_A,PATH_0028,1.39,62.58,14.83,97.37,3.31,0.217,19.2,1,NORMAL
2026-01-14 10:25:00,LOT_07,W_02,3,7,ETCHER_A,PATH_0047,0.76,65.32,14.77,99.01,2.05,0.137,15.82,1,NORMAL
2026-01-14 10:30:00,LOT_07,W_02,4,7,ETCHER_A,PATH_0047,1.03,65.4,14.64,99.09,2.69,0.152,17.59,1,NORMAL
2026-01-14 10:35:00,LOT_07,W_02,5,7,ETCHER_A,PATH_0004,1.29,62.96,15.77,100.11,3.47,0.184,16.93,1,NORMAL
2026-01-14 10:40:00,LOT_07,W_02,6,7,ETCHER_A,PATH_0007,1.11,64.14,15.54,99.44,2.79,0.163,18.32,1,NORMAL
2026-01-14 10:45:00,LOT_07,W_02,7,7,ETCHER_A,PATH_0045,1.01,60.44,14.85,99.51,2.39,0.2,15.53,1,NORMAL
2026-01-14 10:50:00,LOT_07,W_02,8,7,ETCHER_A,PATH_0035,0.91,63.33,14.18,100.43,2.32,0.154,16.12,1,NORMAL
2026-01-14 10:55:00,LOT_07,W_02,9,7,ETCHER_A,PATH_0048,1.05,63.56,15.34,98.72,2.68,0.158,17.58,1,NORMAL
2026-01-14 11:00:00,LOT_07,W_02,0,8,ETCHER_A,PATH_0009,0.76,64.53,14.94,102.7,2.06,0.139,14.2,1,NORMAL
2026-01-14 11:05:00,LOT_07,W_02,1,8,ETCHER_A,PATH_0008,1.15,65.73,14.95,98.63,2.76,0.153,18.04,1,NORMAL
2026-01-14 11:10:00,LOT_07,W_02,2,8,ETCHER_A,PATH_0045,0.75,66.61,15.44,98.53,1.96,0.12,16.04,1,NORMAL
2026-01-14 11:15:00,LOT_07,W_02,3,8,ETCHER_A,PATH_0017,1.28,67.18,15.0,99.63,3.41,0.156,18.7,1,NORMAL
2026-01-14 11:20:00,LOT_07,W_02,4,8,ETCHER_A,PATH_0017,0.98,61.63,14.97,98.5,2.65,0.177,16.17,1,NORMAL
2026-01-14 11:25:00,LOT_07,W_02,5,8,ETCHER_A,PATH_0049,0.76,65.19,15.58,99.04,1.79,0.099,15.56,1,NORMAL
2026-01-14 11:30:00,LOT_07,W_02,6,8,ETCHER_A,PATH_0033,1.19,63.58,15.79,100.67,2.75,0.202,16.02,1,NORMAL
2026-01-14 11:35:00,LOT_07,W_02,7,8,ETCHER_A,PATH_0032,1.11,65.19,14.87,100.31,2.86,0.156,18.19,1,NORMAL
2026-01-14 11:40:00,LOT_07,W_02,8,8,ETCHER_A,PATH_0008,0.76,67.22,14.69,100.17,2.01,0.096,16.23,1,NORMAL
2026-01-14 11:45:00,LOT_07,W_02,9,8,ETCHER_A,PATH_0019,1.25,64.85,14.89,99.22,3.1,0.176,15.86,1,NORMAL
2026-01-14 11:50:00,LOT_07,W_02,0,9,ETCHER_A,PATH_0038,0.71,66.65,14.51,100.05,1.77,0.098,16.53,1,NORMAL
2026-01-14 11:55:00,LOT_07,W_02,1,9,ETCHER_A,PATH_0003,0.76,65.24,14.44,103.3,1.83,0.131,16.48,1,NORMAL
2026-01-14 12:00:00,LOT_07,W_02,2,9,ETCHER_A,PATH_0005,0.88,64.03,15.04,98.94,2.14,0.153,16.12,1,NORMAL
2026-01-14 12:05:00,LOT_07,W_02,3,9,ETCHER_A,PATH_0013,0.71,66.4,15.18,101.34,1.88,0.101,14.77,1,NORMAL
2026-01-14 12:10:00,LOT_07,W_02,4,9,ETCHER_A,PATH_0047,1.26,62.84,15.21,99.87,3.21,0.189,16.51,1,NORMAL
2026-01-14 12:15:00,LOT_07,W_02,5,9,ETCHER_A,PATH_0046,0.8,60.36,15.25,99.18,2.09,0.182,13.24,1,NORMAL
2026-01-14 12:20:00,LOT_07,W_02,6,9,ETCHER_A,PATH_0031,1.34,61.24,14.43,99.64,3.4,0.236,17.06,1,NORMAL
2026-01-14 12:25:00,LOT_07,W_02,7,9,ETCHER_A,PATH_0016,0.71,62.62,14.93,99.98,1.61,0.152,13.92,1,NORMAL
2026-01-14 12:30:00,LOT_07,W_02,8,9,ETCHER_A,PATH_0032,1.2,65.06,14.64,99.38,3.06,0.184,18.85,1,NORMAL
2026-01-14 12:35:00,LOT_07,W_02,9,9,ETCHER_A,PATH_0022,0.87,66.13,15.62,101.87,2.21,0.109,16.23,1,NORMAL
2026-01-14 12:40:00,LOT_07,W_03,0,0,ETCHER_A,PATH_0029,1.33,63.02,14.16,97.43,3.33,0.203,18.63,1,NORMAL
2026-01-14 12:45:00,LOT_07,W_03,1,0,ETCHER_A,PATH_0022,1.17,63.82,15.28,100.5,2.92,0.185,16.79,1,NORMAL
2026-01-14 12:50:00,LOT_07,W_03,2,0,ETCHER_A,PATH_0043,1.06,64.56,14.97,96.72,2.52,0.164,18.08,1,NORMAL
2026-01-14 12:55:00,LOT_07,W_03,3,0,ETCHER_A,PATH_0003,0.8,62.22,14.83,99.26,2.06,0.157,14.62,1,NORMAL
2026-01-14 13:00:00,LOT_07,W_03,4,0,ETCHER_A,PATH_0010,0.74,65.22,15.11,100.95,1.77,0.13,17.72,1,NORMAL
2026-01-14 13:05:00,LOT_07,W_03,5,0,ETCHER_A,PATH_0042,1.06,66.09,15.26,99.98,2.73,0.122,16.74,1,NORMAL
2026-01-14 13:10:00,LOT_07,W_03,6,0,ETCHER_A,PATH_0021,1.12,68.07,15.04,100.47,2.83,0.127,17.55,1,NORMAL
2026-01-14 13:15:00,LOT_07,W_03,7,0,ETCHER_A,PATH_0016,1.38,63.93,15.56,100.03,3.45,0.199,18.24,1,NORMAL
2026-01-14 13:20:00,LOT_07,W_03,8,0,ETCHER_A,PATH_0012,1.01,62.29,14.7,99.21,2.55,0.164,16.65,1,NORMAL
2026-01-14 13:25:00,LOT_07,W_03,9,0,ETCHER_A,PATH_0002,1.3,66.88,15.83,99.41,3.32,0.162,17.24,1,NORMAL
2026-01-14 13:30:00,LOT_07,W_03,0,1,ETCHER_A,PATH_0041,0.82,66.61,14.54,101.7,2.13,0.129,,1,NORMAL
2026-01-14 13:35:00,LOT_07,W_03,1,1,ETCHER_A,PATH_0024,1.33,64.02,14.2,99.4,3.27,0.205,19.34,1,NORMAL
2026-01-14 13:40:00,LOT_07,W_03,2,1,ETCHER_A,PATH_0035,0.74,65.04,14.63,103.8,1.89,0.121,17.36,1,NORMAL
2026-01-14 13:45:00,LOT_07,W_03,3,1,ETCHER_A,PATH_0030,1.05,64.49,15.13,100.48,2.6,0.134,18.2,1,NORMAL
2026-01-14 13:50:00,LOT_07,W_03,4,1,ETCHER_A,PATH_0030,1.34,64.73,15.16,97.76,3.19,0.213,18.99,1,NORMAL
2026-01-14 13:55:00,LOT_07,W_03,5,1,ETCHER_A,PATH_0047,1.15,68.52,15.24,101.1,2.98,0.127,,1,NORMAL
2026-01-14 14:00:00,LOT_07,W_03,6,1,ETCHER_A,PATH_0035,1.15,62.42,15.59,100.25,2.78,0.187,17.38,1,NORMAL
2026-01-14 14:05:00,LOT_07,W_03,7,1,ETCHER_A,PATH_0019,0.74,64.49,14.27,97.42,1.91,0.129,15.93,1,NORMAL
2026-01-14 14:10:00,LOT_07,W_03,8,1,ETCHER_A,PATH_0008,1.13,68.53,15.59,99.72,2.84,0.124,19.84,1,NORMAL
2026-01-14 14:15:00,LOT_07,W_03,9,1,ETCHER_A,PATH_0026,1.32,69.24,15.08,99.77,3.42,0.132,18.51,1,NORMAL
2026-01-14 14:20:00,LOT_07,W_03,0,2,ETCHER_A,PATH_0049,1.15,63.37,15.18,102.75,2.94,0.189,18.01,1,NORMAL
2026-01-14 14:25:00,LOT_07,W_03,1,2,ETCHER_A,PATH_0040,1.07,66.67,14.25,99.75,2.66,0.139,16.52,1,NORMAL
2026-01-14 14:30:00,LOT_07,W_03,2,2,ETCHER_A,PATH_0007,1.11,65.02,14.25,100.76,2.83,0.162,18.67,1,NORMAL
2026-01-14 14:35:00,LOT_07,W_03,3,2,ETCHER_A,PATH_0030,1.4,62.71,14.41,100.86,3.46,0.225,18.7,1,NORMAL
2026-01-14 14:40:00,LOT_07,W_03,4,2,ETCHER_A,PATH_0007,0.8,66.13,14.48,99.47,2.08,0.131,16.25,1,NORMAL
2026-01-14 14:45:00,LOT_07,W_03,5,2,ETCHER_A,PATH_0003,1.05,76.24,15.71,93.76,2.68,0.033,22.72,1,NORMAL
2026-01-14 14:50:00,LOT_07,W_03,6,2,ETCHER_A,PATH_0001,0.99,68.99,15.08,99.94,2.35,0.113,19.32,1,NORMAL
2026-01-14 14:55:00,LOT_07,W_03,7,2,ETCHER_A,PATH_0036,0.93,65.56,15.34,100.82,2.32,0.136,17.38,1,NORMAL
2026-01-14 15:00:00,LOT_07,W_03,8,2,ETCHER_A,PATH_0025,1.06,68.27,15.44,99.73,2.71,0.102,19.01,1,NORMAL
2026-01-14 15:05:00,LOT_07,W_03,9,2,ETCHER_A,PATH_0037,0.98,65.43,15.09,98.08,2.41,0.143,14.95,1,NORMAL
2026-01-14 15:10:00,LOT_07,W_03,0,3,ETCHER_A,PATH_0001,1.06,62.73,14.66,99.21,2.68,0.178,14.5,1,NORMAL
2026-01-14 15:15:00,LOT_07,W_03,1,3,ETCHER_A,PATH_0015,1.25,66.19,14.71,102.61,3.2,0.162,18.11,1,NORMAL
2026-01-14 15:20:00,LOT_07,W_03,2,3,ETCHER_A,PATH_0037,0.88,66.39,15.29,98.4,2.06,0.12,17.79,1,NORMAL
2026-01-14 15:25:00,LOT_07,W_03,3,3,ETCHER_A,PATH_0013,1.3,62.51,14.88,100.6,3.14,0.192,18.13,1,NORMAL
2026-01-14 15:30:00,LOT_07,W_03,4,3,ETCHER_A,PATH_0040,1.03,64.93,14.63,100.03,2.59,0.142,16.85,1,NORMAL
2026-01-14 15:35:00,LOT_07,W_03,5,3,ETCHER_A,PATH_0008,1.35,67.24,15.72,101.01,3.07,0.167,21.02,1,NORMAL
2026-01-14 15:40:00,LOT_07,W_03,6,3,ETCHER_A,PATH_0005,0.97,66.39,14.52,100.35,2.22,0.139,17.89,1,NORMAL
2026-01-14 15:45:00,LOT_07,W_03,7,3,ETCHER_A,PATH_0009,1.35,64.96,14.15,98.26,3.33,0.203,20.89,1,NORMAL
2026-01-14 15:50:00,LOT_07,W_03,8,3,ETCHER_A,PATH_0001,1.11,75.04,16.51,97.08,2.92,0.062,21.04,1,NORMAL
2026-01-14 15:55:00,LOT_07,W_03,9,3,ETCHER_A,PATH_0036,1.37,66.32,14.53,101.34,3.47,0.179,20.45,1,NORMAL
2026-01-14 16:00:00,LOT_07,W_03,0,4,ETCHER_A,PATH_0035,1.15,61.11,15.71,102.74,2.87,0.187,16.66,1,NORMAL
2026-01-14 16:05:00,LOT_07,W_03,1,4,ETCHER_A,PATH_0002,0.77,64.68,15.29,99.11,1.89,0.119,17.13,1,NORMAL
2026-01-14 16:10:00,LOT_07,W_03,2,4,ETCHER_A,PATH_0040,0.93,67.1,14.39,97.56,2.27,0.134,18.87,1,NORMAL
2026-01-14 16:15:00,LOT_07,W_03,3,4,ETCHER_A,PATH_0023,1.02,66.06,14.95,101.62,2.73,0.137,16.98,1,NORMAL
2026-01-14 16:20:00,LOT_07,W_03,4,4,ETCHER_A,PATH_0009,1.03,62.49,14.39,100.83,2.45,0.18,16.86,1,NORMAL
2026-01-14 16:25:00,LOT_07,W_03,5,4,ETCHER_A,PATH_0034,1.37,64.55,14.8,99.0,3.36,0.174,,1,NORMAL
2026-01-14 16:30:00,LOT_07,W_03,6,4,ETCHER_A,PATH_0046,1.06,63.45,14.45,100.0,2.66,0.17,16.1,1,NORMAL
2026-01-14 16:35:00,LOT_07,W_03,7,4,ETCHER_A,PATH_0014,1.03,64.42,14.8,99.19,2.65,0.161,15.59,1,NORMAL
2026-01-14 16:40:00,LOT_07,W_03,8,4,ETCHER_A,PATH_0004,0.77,64.32,16.19,100.6,1.89,0.13,16.78,1,NORMAL
2026-01-14 16:45:00,LOT_07,W_03,9,4,ETCHER_A,PATH_0030,1.0,63.07,14.64,98.48,2.46,0.181,,1,NORMAL
2026-01-14 16:50:00,LOT_07,W_03,0,5,ETCHER_A,PATH_0031,1.31,66.9,15.17,97.15,3.3,0.16,20.21,1,NORMAL
2026-01-14 16:55:00,LOT_07,W_03,1,5,ETCHER_A,PATH_0038,1.13,65.34,15.16,100.37,2.81,0.162,17.05,1,NORMAL
2026-01-14 17:00:00,LOT_07,W_03,2,5,ETCHER_A,PATH_0011,1.12,64.88,15.24,100.26,2.89,0.165,16.98,1,NORMAL
2026-01-14 17:05:00,LOT_07,W_03,3,5,ETCHER_A,PATH_0035,1.39,66.98,14.51,100.43,3.56,0.194,19.76,1,NORMAL
2026-01-14 17:10:00,LOT_07,W_03,4,5,ETCHER_A,PATH_0008,1.08,68.13,14.42,101.15,2.74,0.113,19.2,1,NORMAL
2026-01-14 17:15:00,LOT_07,W_03,5,5,ETCHER_A,PATH_0003,1.05,66.36,15.85,99.12,2.53,0.116,17.72,1,NORMAL
2026-01-14 17:20:00,LOT_07,W_03,6,5,ETCHER_A,PATH_0014,1.32,63.81,14.71,97.53,3.18,0.208,17.57,1,NORMAL
2026-01-14 17:25:00,LOT_07,W_03,7,5,ETCHER_A,PATH_0013,1.14,67.89,14.77,99.36,2.88,0.131,17.99,1,NORMAL
2026-01-14 17:30:00,LOT_07,W_03,8,5,ETCHER_A,PATH_0045,0.96,66.07,14.56,99.27,2.4,0.148,16.87,1,NORMAL
2026-01-14 17:35:00,LOT_07,W_03,9,5,ETCHER_A,PATH_0032,1.1,62.1,14.35,99.28,2.68,0.212,17.55,1,NORMAL
2026-01-14 17:40:00,LOT_07,W_03,0,6,ETCHER_A,PATH_0034,0.76,62.84,15.04,102.34,2.0,0.14,13.35,1,NORMAL
2026-01-14 17:45:00,LOT_07,W_03,1,6,ETCHER_A,PATH_0045,0.82,64.65,15.5,98.97,1.99,0.15,15.98,1,NORMAL
2026-01-14 17:50:00,LOT_07,W_03,2,6,ETCHER_A,PATH_0019,0.89,66.06,15.46,97.66,2.33,0.114,16.97,1,NORMAL
2026-01-14 17:55:00,LOT_07,W_03,3,6,ETCHER_A,PATH_0038,0.85,64.36,14.7,101.63,2.11,0.155,15.89,1,NORMAL
2026-01-14 18:00:00,LOT_07,W_03,4,6,ETCHER_A,PATH_0016,0.86,62.17,14.68,98.71,2.15,0.164,15.76,1,NORMAL
2026-01-14 18:05:00,LOT_07,W_03,5,6,ETCHER_A,PATH_0002,1.1,62.23,15.38,100.03,2.75,0.185,14.35,1,NORMAL
2026-01-14 18:10:00,LOT_07,W_03,6,6,ETCHER_A,PATH_0040,1.36,64.65,15.72,101.43,3.5,0.188,16.65,1,NORMAL
2026-01-14 18:15:00,LOT_07,W_03,7,6,ETCHER_A,PATH_0017,0.9,67.3,14.95,99.03,2.34,0.105,18.76,1,NORMAL
2026-01-14 18:20:00,LOT_07,W_03,8,6,ETCHER_A,PATH_0034,0.77,69.47,15.39,101.8,2.08,0.062,16.26,1,NORMAL
2026-01-14 18:25:00,LOT_07,W_03,9,6,ETCHER_A,PATH_0042,1.07,61.88,14.95,99.52,2.66,0.204,15.55,1,NORMAL
2026-01-14 18:30:00,LOT_07,W_03,0,7,ETCHER_A,PATH_0016,1.14,66.75,14.95,100.32,2.72,0.158,15.63,1,NORMAL
2026-01-14 18:35:00,LOT_07,W_03,1,7,ETCHER_A,PATH_0038,1.06,65.3,15.78,100.88,2.61,0.142,17.26,1,NORMAL
2026-01-14 18:40:00,LOT_07,W_03,2,7,ETCHER_A,PATH_0002,0.8,65.74,15.0,100.6,2.04,0.125,15.71,1,NORMAL
2026-01-14 18:45:00,LOT_07,W_03,3,7,ETCHER_A,PATH_0002,1.18,64.88,14.48,99.98,2.95,0.171,19.48,1,NORMAL
2026-01-14 18:50:00,LOT_07,W_03,4,7,ETCHER_A,PATH_0026,1.35,65.95,14.6,101.55,3.18,0.172,17.33,1,NORMAL
2026-01-14 18:55:00,LOT_07,W_03,5,7,ETCHER_A,PATH_0013,1.03,68.95,15.46,98.91,2.49,0.113,18.59,1,NORMAL
2026-01-14 19:00:00,LOT_07,W_03,6,7,ETCHER_A,PATH_0047,0.77,65.19,14.29,100.25,1.87,0.132,14.97,1,NORMAL
2026-01-14 19:05:00,LOT_07,W_03,7,7,ETCHER_A,PATH_0031,1.22,66.19,16.19,99.75,2.86,0.159,18.04,1,NORMAL
2026-01-14 19:10:00,LOT_07,W_03,8,7,ETCHER_A,PATH_0034,1.37,65.37,13.4,100.65,3.4,0.2,22.51,1,NORMAL
2026-01-14 19:15:00,LOT_07,W_03,9,7,ETCHER_A,PATH_0039,1.04,64.8,15.17,98.11,2.59,0.148,18.95,1,NORMAL
2026-01-14 19:20:00,LOT_07,W_03,0,8,ETCHER_A,PATH_0003,0.89,65.55,15.75,100.44,2.43,0.12,18.35,1,NORMAL
2026-01-14 19:25:00,LOT_07,W_03,1,8,ETCHER_A,PATH_0008,0.92,66.93,15.04,100.01,2.21,0.137,17.12,1,NORMAL
2026-01-14 19:30:00,LOT_07,W_03,2,8,ETCHER_A,PATH_0023,0.79,64.8,14.88,98.93,1.92,0.125,14.72,1,NORMAL
2026-01-14 19:35:00,LOT_07,W_03,3,8,ETCHER_A,PATH_0014,1.08,64.61,15.63,98.28,2.69,0.15,17.98,1,NORMAL
2026-01-14 19:40:00,LOT_07,W_03,4,8,ETCHER_A,PATH_0027,1.37,63.77,15.5,102.09,3.79,0.197,18.49,1,NORMAL
2026-01-14 19:45:00,LOT_07,W_03,5,8,ETCHER_A,PATH_0029,1.18,67.47,14.95,101.16,3.07,0.16,17.47,1,NORMAL
2026-01-14 19:50:00,LOT_07,W_03,6,8,ETCHER_A,PATH_0039,0.92,64.08,15.39,99.36,2.44,0.156,17.51,1,NORMAL
2026-01-14 19:55:00,LOT_07,W_03,7,8,ETCHER_A,PATH_0039,0.75,67.46,15.76,100.46,1.7,0.102,17.22,1,NORMAL
2026-01-14 20:00:00,LOT_07,W_03,8,8,ETCHER_A,PATH_0001,0.9,65.68,15.39,98.79,2.25,0.128,15.59,1,NORMAL
2026-01-14 20:05:00,LOT_07,W_03,9,8,ETCHER_A,PATH_0017,1.35,66.39,16.07,98.37,3.2,0.169,17.42,1,NORMAL
2026-01-14 20:10:00,LOT_07,W_03,0,9,ETCHER_A,PATH_0041,1.37,66.7,15.96,98.57,3.44,0.157,20.5,1,NORMAL
2026-01-14 20:15:00,LOT_07,W_03,1,9,ETCHER_A,PATH_0030,1.04,62.88,14.51,102.59,2.73,0.158,16.89,1,NORMAL
2026-01-14 20:20:00,LOT_07,W_03,2,9,ETCHER_A,PATH_0013,1.15,66.81,15.25,100.88,2.81,0.143,17.32,1,NORMAL
2026-01-14 20:25:00,LOT_07,W_03,3,9,ETCHER_A,PATH_0021,1.27,62.33,15.38,99.77,3.33,0.205,19.08,1,NORMAL
2026-01-14 20:30:00,LOT_07,W_03,4,9,ETCHER_A,PATH_0019,0.78,67.74,15.33,98.5,1.94,0.118,16.11,1,NORMAL
2026-01-14 20:35:00,LOT_07,W_03,5,9,ETCHER_A,PATH_0019,1.04,63.89,13.83,99.25,2.64,0.16,16.22,1,NORMAL
2026-01-14 20:40:00,LOT_07,W_03,6,9,ETCHER_A,PATH_0025,1.23,62.63,14.98,97.32,3.07,0.199,19.36,1,NORMAL
2026-01-14 20:45:00,LOT_07,W_03,7,9,ETCHER_A,PATH_0022,1.17,64.39,15.23,98.92,3.12,0.167,16.47,1,NORMAL
2026-01-14 20:50:00,LOT_07,W_03,8,9,ETCHER_A,PATH_0031,1.39,68.01,15.33,98.2,3.47,0.174,21.32,1,NORMAL
2026-01-14 20:55:00,LOT_07,W_03,9,9,ETCHER_A,PATH_0017,1.35,67.19,14.78,100.07,3.36,0.182,19.71,1,NORMAL
2026-01-14 21:00:00,LOT_07,W_04,0,0,ETCHER_A,PATH_0023,0.71,66.36,14.64,103.33,1.86,0.103,15.54,1,NORMAL
2026-01-14 21:05:00,LOT_07,W_04,1,0,ETCHER_A,PATH_0032,1.05,67.87,14.99,98.65,2.54,0.136,16.86,1,NORMAL
2026-01-14 21:10:00,LOT_07,W_04,2,0,ETCHER_A,PATH_0010,1.37,69.24,14.96,99.68,3.56,0.153,20.16,1,NORMAL
2026-01-14 21:15:00,LOT_07,W_04,3,0,ETCHER_A,PATH_0010,0.84,63.41,14.84,99.17,2.19,0.15,15.19,1,NORMAL
2026-01-14 21:20:00,LOT_07,W_04,4,0,ETCHER_A,PATH_0036,0.9,68.11,15.01,98.95,2.31,0.119,18.02,1,NORMAL
2026-01-14 21:25:00,LOT_07,W_04,5,0,ETCHER_A,PATH_0008,1.27,68.6,14.96,96.28,3.1,0.152,21.03,1,NORMAL
2026-01-14 21:30:00,LOT_07,W_04,6,0,ETCHER_A,PATH_0020,0.75,64.95,15.26,99.61,1.86,0.137,15.18,1,NORMAL
2026-01-14 21:35:00,LOT_07,W_04,7,0,ETCHER_A,PATH_0032,1.37,67.67,13.81,99.97,3.36,0.162,21.11,1,NORMAL
2026-01-14 21:40:00,LOT_07,W_04,8,0,ETCHER_A,PATH_0014,0.73,64.8,15.89,98.95,1.95,0.124,14.81,1,NORMAL
2026-01-14 21:45:00,LOT_07,W_04,9,0,ETCHER_A,PATH_0028,1.04,62.59,15.16,98.74,2.58,0.159,18.07,1,NORMAL
2026-01-14 21:50:00,LOT_07,W_04,0,1,ETCHER_A,PATH_0046,0.74,63.14,14.89,99.16,2.11,0.153,17.66,1,NORMAL
2026-01-14 21:55:00,LOT_07,W_04,1,1,ETCHER_A,PATH_0024,0.94,63.39,14.9,100.03,2.4,0.159,16.4,1,NORMAL
2026-01-14 22:00:00,LOT_07,W_04,2,1,ETCHER_A,PATH_0015,1.04,64.49,15.51,98.68,2.51,0.161,17.91,1,NORMAL
2026-01-14 22:05:00,LOT_07,W_04,3,1,ETCHER_A,PATH_0022,1.37,65.29,14.32,99.22,3.46,0.192,18.72,1,NORMAL
2026-01-14 22:10:00,LOT_07,W_04,4,1,ETCHER_A,PATH_0030,1.27,64.24,14.57,101.45,3.1,0.184,19.86,1,NORMAL
2026-01-14 22:15:00,LOT_07,W_04,5,1,ETCHER_A,PATH_0004,1.2,63.01,14.91,99.01,2.97,0.178,17.28,1,NORMAL
2026-01-14 22:20:00,LOT_07,W_04,6,1,ETCHER_A,PATH_0013,1.21,68.32,14.58,100.12,2.89,0.14,18.46,1,NORMAL
2026-01-14 22:25:00,LOT_07,W_04,7,1,ETCHER_A,PATH_0023,1.2,63.47,15.14,97.78,2.83,0.182,17.95,1,NORMAL
2026-01-14 22:30:00,LOT_07,W_04,8,1,ETCHER_A,PATH_0008,0.71,66.79,14.35,99.62,2.0,0.108,15.86,1,NORMAL
2026-01-14 22:35:00,LOT_07,W_04,9,1,ETCHER_A,PATH_0018,1.15,65.89,14.37,99.71,2.76,0.153,19.01,1,NORMAL
2026-01-14 22:40:00,LOT_07,W_04,0,2,ETCHER_A,PATH_0012,1.1,64.69,15.03,99.88,2.66,0.158,,1,NORMAL
2026-01-14 22:45:00,LOT_07,W_04,1,2,ETCHER_A,PATH_0031,1.18,62.34,15.53,98.0,2.88,0.188,15.93,1,NORMAL
2026-01-14 22:50:00,LOT_07,W_04,2,2,ETCHER_A,PATH_0014,1.37,66.14,15.34,102.18,3.44,0.168,,1,NORMAL
2026-01-14 22:55:00,LOT_07,W_04,3,2,ETCHER_A,PATH_0034,1.36,68.46,15.01,98.57,3.46,0.173,19.91,1,NORMAL
2026-01-14 23:00:00,LOT_07,W_04,4,2,ETCHER_A,PATH_0018,1.29,62.17,15.88,102.78,3.27,0.232,16.69,1,NORMAL
2026-01-14 23:05:00,LOT_07,W_04,5,2,ETCHER_A,PATH_0034,1.27,66.09,15.44,100.25,3.15,0.159,19.23,1,NORMAL
2026-01-14 23:10:00,LOT_07,W_04,6,2,ETCHER_A,PATH_0011,0.9,64.31,14.92,99.25,2.2,0.123,15.16,1,NORMAL
2026-01-14 23:15:00,LOT_07,W_04,7,2,ETCHER_A,PATH_0041,0.72,62.38,15.18,100.85,1.72,0.143,13.55,1,NORMAL
2026-01-14 23:20:00,LOT_07,W_04,8,2,ETCHER_A,PATH_0012,1.27,61.39,14.7,100.67,3.08,0.21,17.08,1,NORMAL
2026-01-14 23:25:00,LOT_07,W_04,9,2,ETCHER_A,PATH_0049,1.02,66.82,15.11,99.82,2.63,0.135,18.18,1,NORMAL
2026-01-14 23:30:00,LOT_07,W_04,0,3,ETCHER_A,PATH_0015,1.19,66.13,14.94,99.23,3.03,0.158,17.39,1,NORMAL
2026-01-14 23:35:00,LOT_07,W_04,1,3,ETCHER_A,PATH_0031,0.74,65.97,14.77,98.59,1.87,0.107,16.98,1,NORMAL
2026-01-14 23:40:00,LOT_07,W_04,2,3,ETCHER_A,PATH_0049,0.87,69.35,14.08,101.24,2.15,0.123,17.31,1,NORMAL
2026-01-14 23:45:00,LOT_07,W_04,3,3,ETCHER_A,PATH_0029,1.32,63.38,15.18,102.46,3.27,0.199,18.42,1,NORMAL
2026-01-14 23:50:00,LOT_07,W_04,4,3,ETCHER_A,PATH_0026,1.22,65.65,15.02,101.56,3.12,0.173,18.19,1,NORMAL
2026-01-14 23:55:00,LOT_07,W_04,5,3,ETCHER_A,PATH_0018,0.97,78.86,15.12,97.16,2.33,-0.001,23.62,0,ERR-T101
2026-01-15 00:00:00,LOT_07,W_04,6,3,ETCHER_A,PATH_0032,1.37,63.76,14.39,101.84,3.49,0.21,18.22,1,NORMAL
2026-01-15 00:05:00,LOT_07,W_04,7,3,ETCHER_A,PATH_0022,0.86,63.01,14.68,98.49,2.22,0.167,14.4,1,NORMAL
2026-01-15 00:10:00,LOT_07,W_04,8,3,ETCHER_A,PATH_0038,0.79,78.41,14.91,95.91,2.14,0.003,20.16,1,NORMAL
2026-01-15 00:15:00,LOT_07,W_04,9,3,ETCHER_A,PATH_0017,1.21,63.6,14.88,100.03,2.97,0.173,17.06,1,NORMAL
2026-01-15 00:20:00,LOT_07,W_04,0,4,ETCHER_A,PATH_0023,0.81,63.03,14.68,98.79,2.0,0.161,13.73,1,NORMAL
2026-01-15 00:25:00,LOT_07,W_04,1,4,ETCHER_A,PATH_0024,1.19,63.16,14.55,99.69,2.86,0.183,17.55,1,NORMAL
2026-01-15 00:30:00,LOT_07,W_04,2,4,ETCHER_A,PATH_0008,1.37,63.31,15.58,99.38,3.47,0.185,19.24,1,NORMAL
2026-01-15 00:35:00,LOT_07,W_04,3,4,ETCHER_A,PATH_0041,1.3,62.57,15.56,100.31,3.29,0.201,15.96,1,NORMAL
2026-01-15 00:40:00,LOT_07,W_04,4,4,ETCHER_A,PATH_0006,0.81,68.08,15.81,98.88,2.08,0.094,16.7,1,NORMAL
2026-01-15 00:45:00,LOT_07,W_04,5,4,ETCHER_A,PATH_0005,1.11,65.22,15.44,101.15,2.92,0.146,17.64,1,NORMAL
2026-01-15 00:50:00,LOT_07,W_04,6,4,ETCHER_A,PATH_0044,1.31,61.89,15.65,103.18,3.11,0.193,17.53,1,NORMAL
2026-01-15 00:55:00,LOT_07,W_04,7,4,ETCHER_A,PATH_0029,0.9,65.5,16.0,101.28,2.13,0.128,18.31,1,NORMAL
2026-01-15 01:00:00,LOT_07,W_04,8,4,ETCHER_A,PATH_0028,1.13,65.95,15.09,101.16,2.75,0.143,16.49,1,NORMAL
2026-01-15 01:05:00,LOT_07,W_04,9,4,ETCHER_A,PATH_0011,1.02,61.08,15.07,99.03,2.59,0.198,16.32,1,NORMAL
2026-01-15 01:10:00,LOT_07,W_04,0,5,ETCHER_A,PATH_0001,1.29,67.35,15.72,97.89,3.07,0.155,19.96,1,NORMAL
2026-01-15 01:15:00,LOT_07,W_04,1,5,ETCHER_A,PATH_0043,1.12,65.37,14.78,99.44,2.56,0.156,17.73,1,NORMAL
2026-01-15 01:20:00,LOT_07,W_04,2,5,ETCHER_A,PATH_0019,1.17,63.95,14.58,99.23,2.89,0.173,16.84,1,NORMAL
2026-01-15 01:25:00,LOT_07,W_04,3,5,ETCHER_A,PATH_0009,0.97,65.19,15.53,101.67,2.33,0.146,14.87,1,NORMAL
2026-01-15 01:30:00,LOT_07,W_04,4,5,ETCHER_A,PATH_0027,1.11,67.49,15.34,101.91,2.75,0.135,18.87,1,NORMAL
2026-01-15 01:35:00,LOT_07,W_04,5,5,ETCHER_A,PATH_0034,0.92,64.77,15.43,97.07,2.42,0.148,18.58,1,NORMAL
2026-01-15 01:40:00,LOT_07,W_04,6,5,ETCHER_A,PATH_0044,0.97,64.69,15.35,102.95,2.44,0.16,15.97,1,NORMAL
2026-01-15 01:45:00,LOT_07,W_04,7,5,ETCHER_A,PATH_0004,1.34,65.42,14.66,100.67,3.48,0.19,16.67,1,NORMAL
2026-01-15 01:50:00,LOT_07,W_04,8,5,ETCHER_A,PATH_0036,1.38,61.47,15.11,99.58,3.4,0.214,16.02,1,NORMAL
2026-01-15 01:55:00,LOT_07,W_04,9,5,ETCHER_A,PATH_0018,0.78,63.54,15.61,98.59,1.81,0.148,14.67,1,NORMAL
2026-01-15 02:00:00,LOT_07,W_04,0,6,ETCHER_A,PATH_0015,1.16,68.02,14.81,100.86,3.0,0.146,19.65,1,NORMAL
2026-01-15 02:05:00,LOT_07,W_04,1,6,ETCHER_A,PATH_0013,0.71,67.83,15.06,99.96,1.87,0.096,17.06,1,NORMAL
2026-01-15 02:10:00,LOT_07,W_04,2,6,ETCHER_A,PATH_0019,1.29,66.78,14.94,104.27,3.29,0.16,20.04,1,NORMAL
2026-01-15 02:15:00,LOT_07,W_04,3,6,ETCHER_A,PATH_0049,1.33,61.16,16.06,99.64,3.48,0.221,17.97,1,NORMAL
2026-01-15 02:20:00,LOT_07,W_04,4,6,ETCHER_A,PATH_0006,0.97,63.25,14.67,99.0,2.38,0.187,16.65,1,NORMAL
2026-01-15 02:25:00,LOT_07,W_04,5,6,ETCHER_A,PATH_0048,0.82,62.67,15.22,99.15,1.91,0.149,13.82,1,NORMAL
2026-01-15 02:30:00,LOT_07,W_04,6,6,ETCHER_A,PATH_0012,1.03,61.98,14.85,102.2,2.54,0.178,15.37,1,NORMAL
2026-01-15 02:35:00,LOT_07,W_04,7,6,ETCHER_A,PATH_0037,0.7,64.93,14.85,102.5,1.88,0.128,16.48,1,NORMAL
2026-01-15 02:40:00,LOT_07,W_04,8,6,ETCHER_A,PATH_0017,1.05,62.98,15.62,100.28,2.56,0.167,16.64,1,NORMAL
2026-01-15 02:45:00,LOT_07,W_04,9,6,ETCHER_A,PATH_0023,0.9,68.17,15.22,98.13,2.2,0.102,18.55,1,NORMAL
2026-01-15 02:50:00,LOT_07,W_04,0,7,ETCHER_A,PATH_0026,1.33,64.88,14.72,100.63,3.3,0.176,18.18,1,NORMAL
2026-01-15 02:55:00,LOT_07,W_04,1,7,ETCHER_A,PATH_0029,0.92,63.98,13.75,101.69,2.41,0.146,,1,NORMAL
2026-01-15 03:00:00,LOT_07,W_04,2,7,ETCHER_A,PATH_0033,1.39,64.58,15.04,104.05,3.31,0.195,18.6,1,NORMAL
2026-01-15 03:05:00,LOT_07,W_04,3,7,ETCHER_A,PATH_0027,1.06,64.29,15.44,101.92,2.48,0.146,16.38,1,NORMAL
2026-01-15 03:10:00,LOT_07,W_04,4,7,ETCHER_A,PATH_0025,1.16,66.96,15.59,103.7,2.81,0.151,18.73,1,NORMAL
2026-01-15 03:15:00,LOT_07,W_04,5,7,ETCHER_A,PATH_0010,1.0,63.2,14.59,100.88,2.6,0.171,16.65,1,NORMAL
2026-01-15 03:20:00,LOT_07,W_04,6,7,ETCHER_A,PATH_0047,1.39,64.44,14.63,100.33,3.34,0.199,19.05,1,NORMAL
2026-01-15 03:25:00,LOT_07,W_04,7,7,ETCHER_A,PATH_0023,0.81,66.97,15.5,101.38,2.05,0.106,16.7,1,NORMAL
2026-01-15 03:30:00,LOT_07,W_04,8,7,ETCHER_A,PATH_0021,1.11,64.76,15.3,99.01,2.7,0.153,16.06,1,NORMAL
2026-01-15 03:35:00,LOT_07,W_04,9,7,ETCHER_A,PATH_0021,0.89,63.7,15.0,99.86,2.45,0.134,15.55,1,NORMAL
2026-01-15 03:40:00,LOT_07,W_04,0,8,ETCHER_A,PATH_0043,1.35,67.35,15.61,99.6,3.35,0.156,21.26,1,NORMAL
2026-01-15 03:45:00,LOT_07,W_04,1,8,ETCHER_A,PATH_0013,1.2,68.46,14.36,98.87,3.17,0.144,20.86,1,NORMAL
2026-01-15 03:50:00,LOT_07,W_04,2,8,ETCHER_A,PATH_0037,0.79,67.8,15.16,98.29,1.94,0.093,15.96,1,NORMAL
2026-01-15 03:55:00,LOT_07,W_04,3,8,ETCHER_A,PATH_0033,0.86,65.85,14.54,99.64,2.29,0.131,14.9,1,NORMAL
2026-01-15 04:00:00,LOT_07,W_04,4,8,ETCHER_A,PATH_0024,0.9,63.75,15.31,100.53,2.33,0.161,14.82,1,NORMAL
2026-01-15 04:05:00,LOT_07,W_04,5,8,ETCHER_A,PATH_0044,1.19,78.58,14.72,96.28,2.76,0.017,23.36,1,NORMAL
2026-01-15 04:10:00,LOT_07,W_04,6,8,ETCHER_A,PATH_0011,1.17,59.21,15.67,96.95,2.97,0.235,14.08,1,NORMAL
2026-01-15 04:15:00,LOT_07,W_04,7,8,ETCHER_A,PATH_0017,0.88,64.6,15.08,98.67,2.07,0.142,17.79,1,NORMAL
2026-01-15 04:20:00,LOT_07,W_04,8,8,ETCHER_A,PATH_0004,0.73,63.64,15.06,98.96,1.83,0.156,15.76,1,NORMAL
2026-01-15 04:25:00,LOT_07,W_04,9,8,ETCHER_A,PATH_0047,1.19,66.97,14.9,98.9,2.78,0.151,18.98,1,NORMAL
2026-01-15 04:30:00,LOT_07,W_04,0,9,ETCHER_A,PATH_0025,0.77,61.42,15.25,98.11,1.93,0.163,13.33,1,NORMAL
2026-01-15 04:35:00,LOT_07,W_04,1,9,ETCHER_A,PATH_0030,1.21,62.1,15.08,100.72,2.83,0.199,15.5,1,NORMAL
2026-01-15 04:40:00,LOT_07,W_04,2,9,ETCHER_A,PATH_0009,0.94,65.33,15.82,99.69,2.24,0.14,17.58,1,NORMAL
2026-01-15 04:45:00,LOT_07,W_04,3,9,ETCHER_A,PATH_0021,1.27,67.31,14.24,101.15,3.18,0.169,17.93,1,NORMAL
2026-01-15 04:50:00,LOT_07,W_04,4,9,ETCHER_A,PATH_0020,0.92,62.07,15.14,100.0,2.33,0.166,14.62,1,NORMAL
2026-01-15 04:55:00,LOT_07,W_04,5,9,ETCHER_A,PATH_0019,1.25,61.33,15.27,98.57,3.09,0.207,15.68,1,NORMAL
2026-01-15 05:00:00,LOT_07,W_04,6,9,ETCHER_A,PATH_0019,1.04,67.15,15.75,98.9,2.57,0.112,17.58,1,NORMAL
2026-01-15 05:05:00,LOT_07,W_04,7,9,ETCHER_A,PATH_0012,1.1,64.99,14.32,99.42,2.8,0.172,17.76,1,NORMAL
2026-01-15 05:10:00,LOT_07,W_04,8,9,ETCHER_A,PATH_0037,1.07,64.54,13.54,99.63,2.54,0.17,15.0,1,NORMAL
2026-01-15 05:15:00,LOT_07,W_04,9,9,ETCHER_A,PATH_0042,0.85,65.95,14.82,99.42,1.99,0.15,16.18,1,NORMAL
2026-01-15 05:20:00,LOT_08,W_00,0,0,ETCHER_A,PATH_0017,0.94,59.88,15.3,98.79,2.47,0.179,13.69,1,NORMAL
2026-01-15 05:25:00,LOT_08,W_00,1,0,ETCHER_A,PATH_0037,0.87,65.25,14.01,100.89,1.95,0.143,15.53,1,NORMAL
2026-01-15 05:30:00,LOT_08,W_00,2,0,ETCHER_A,PATH_0048,1.21,65.54,15.5,100.6,3.07,0.19,20.14,1,NORMAL
2026-01-15 05:35:00,LOT_08,W_00,3,0,ETCHER_A,PATH_0039,0.81,66.82,15.76,96.01,2.02,0.117,17.45,1,NORMAL
2026-01-15 05:40:00,LOT_08,W_00,4,0,ETCHER_A,PATH_0028,1.2,62.75,15.25,99.34,3.14,0.187,15.81,1,NORMAL
2026-01-15 05:45:00,LOT_08,W_00,5,0,ETCHER_A,PATH_0041,0.81,66.61,14.32,98.88,2.18,0.11,17.84,1,NORMAL
2026-01-15 05:50:00,LOT_08,W_00,6,0,ETCHER_A,PATH_0035,1.01,69.59,14.9,98.82,2.57,0.087,18.56,1,NORMAL
2026-01-15 05:55:00,LOT_08,W_00,7,0,ETCHER_A,PATH_0047,1.25,67.53,13.94,99.9,3.22,0.127,19.87,1,NORMAL
2026-01-15 06:00:00,LOT_08,W_00,8,0,ETCHER_A,PATH_0048,1.39,65.94,14.13,100.57,3.59,0.181,19.87,1,NORMAL
2026-01-15 06:05:00,LOT_08,W_00,9,0,ETCHER_A,PATH_0018,1.18,64.93,15.21,100.04,3.03,0.182,17.81,1,NORMAL
2026-01-15 06:10:00,LOT_08,W_00,0,1,ETCHER_A,PATH_0014,1.05,63.13,14.9,100.27,2.83,0.186,18.1,1,NORMAL
2026-01-15 06:15:00,LOT_08,W_00,1,1,ETCHER_A,PATH_0035,0.87,65.72,14.77,102.27,2.25,0.143,16.3,1,NORMAL
2026-01-15 06:20:00,LOT_08,W_00,2,1,ETCHER_A,PATH_0044,0.93,65.11,14.94,102.32,2.34,0.151,16.45,1,NORMAL
2026-01-15 06:25:00,LOT_08,W_00,3,1,ETCHER_A,PATH_0041,0.77,63.05,15.56,98.71,1.94,0.155,17.07,1,NORMAL
2026-01-15 06:30:00,LOT_08,W_00,4,1,ETCHER_A,PATH_0007,0.73,65.35,14.68,101.38,1.95,0.12,15.54,1,NORMAL
2026-01-15 06:35:00,LOT_08,W_00,5,1,ETCHER_A,PATH_0041,1.36,66.15,15.23,98.15,3.44,0.17,18.38,1,NORMAL
2026-01-15 06:40:00,LOT_08,W_00,6,1,ETCHER_A,PATH_0013,0.81,63.7,14.71,101.67,2.01,0.13,14.61,1,NORMAL
2026-01-15 06:45:00,LOT_08,W_00,7,1,ETCHER_A,PATH_0018,1.21,65.79,15.24,99.8,3.01,0.168,18.67,1,NORMAL
2026-01-15 06:50:00,LOT_08,W_00,8,1,ETCHER_A,PATH_0037,0.97,61.27,14.5,100.12,2.35,0.177,,1,NORMAL
2026-01-15 06:55:00,LOT_08,W_00,9,1,ETCHER_A,PATH_0013,0.89,65.69,14.57,101.35,2.16,0.135,17.19,1,NORMAL
2026-01-15 07:00:00,LOT_08,W_00,0,2,ETCHER_A,PATH_0036,1.12,69.02,15.28,100.01,2.78,0.118,19.14,1,NORMAL
2026-01-15 07:05:00,LOT_08,W_00,1,2,ETCHER_A,PATH_0031,0.85,66.12,13.9,101.95,2.19,0.107,16.98,1,NORMAL
2026-01-15 07:10:00,LOT_08,W_00,2,2,ETCHER_A,PATH_0002,1.36,65.56,14.37,99.06,3.4,0.186,20.52,1,NORMAL
2026-01-15 07:15:00,LOT_08,W_00,3,2,ETCHER_A,PATH_0016,1.11,66.35,15.0,97.55,2.88,0.15,16.31,1,NORMAL
2026-01-15 07:20:00,LOT_08,W_00,4,2,ETCHER_A,PATH_0009,0.99,61.84,15.08,100.08,2.42,0.185,13.41,1,NORMAL
2026-01-15 07:25:00,LOT_08,W_00,5,2,ETCHER_A,PATH_0009,0.74,63.5,15.53,99.48,1.72,0.135,14.61,1,NORMAL
2026-01-15 07:30:00,LOT_08,W_00,6,2,ETCHER_A,PATH_0038,1.18,64.49,15.18,99.02,3.05,0.172,18.51,1,NORMAL
2026-01-15 07:35:00,LOT_08,W_00,7,2,ETCHER_A,PATH_0011,1.17,63.48,14.84,99.83,2.81,0.174,17.55,1,NORMAL
2026-01-15 07:40:00,LOT_08,W_00,8,2,ETCHER_A,PATH_0022,1.29,65.67,15.24,98.71,3.17,0.179,18.4,1,NORMAL
2026-01-15 07:45:00,LOT_08,W_00,9,2,ETCHER_A,PATH_0033,0.8,64.76,15.14,99.19,1.96,0.128,13.53,1,NORMAL
2026-01-15 07:50:00,LOT_08,W_00,0,3,ETCHER_A,PATH_0036,0.75,69.98,14.22,100.71,1.89,0.073,18.43,1,NORMAL
2026-01-15 07:55:00,LOT_08,W_00,1,3,ETCHER_A,PATH_0045,0.96,62.3,15.17,97.98,2.42,0.186,16.75,1,NORMAL
2026-01-15 08:00:00,LOT_08,W_00,2,3,ETCHER_A,PATH_0023,0.79,64.91,15.35,98.88,1.76,0.135,16.79,1,NORMAL
2026-01-15 08:05:00,LOT_08,W_00,3,3,ETCHER_A,PATH_0045,0.79,65.86,15.03,98.31,1.98,0.118,17.04,1,NORMAL
2026-01-15 08:10:00,LOT_08,W_00,4,3,ETCHER_A,PATH_0045,0.99,65.91,14.92,98.93,2.26,0.147,16.43,1,NORMAL
2026-01-15 08:15:00,LOT_08,W_00,5,3,ETCHER_A,PATH_0034,0.71,66.72,14.72,101.54,1.66,0.108,14.45,1,NORMAL
2026-01-15 08:20:00,LOT_08,W_00,6,3,ETCHER_A,PATH_0009,1.01,81.23,14.9,94.74,2.6,-0.004,24.54,0,ERR-T101
2026-01-15 08:25:00,LOT_08,W_00,7,3,ETCHER_A,PATH_0024,0.71,66.76,13.98,99.59,1.61,0.104,16.39,1,NORMAL
2026-01-15 08:30:00,LOT_08,W_00,8,3,ETCHER_A,PATH_0008,0.91,64.55,14.68,99.77,2.2,0.144,16.15,1,NORMAL
2026-01-15 08:35:00,LOT_08,W_00,9,3,ETCHER_A,PATH_0007,0.75,64.34,15.43,101.04,2.0,0.128,15.86,1,NORMAL
2026-01-15 08:40:00,LOT_08,W_00,0,4,ETCHER_A,PATH_0036,0.76,64.87,14.99,99.18,1.94,0.137,16.5,1,NORMAL
2026-01-15 08:45:00,LOT_08,W_00,1,4,ETCHER_A,PATH_0018,0.9,63.58,14.9,100.5,2.18,0.145,16.26,1,NORMAL
2026-01-15 08:50:00,LOT_08,W_00,2,4,ETCHER_A,PATH_0003,1.12,63.21,14.51,100.82,2.74,0.211,17.03,1,NORMAL
2026-01-15 08:55:00,LOT_08,W_00,3,4,ETCHER_A,PATH_0028,0.71,65.82,15.07,99.59,1.74,0.104,15.28,1,NORMAL
2026-01-15 09:00:00,LOT_08,W_00,4,4,ETCHER_A,PATH_0006,1.07,66.12,15.42,101.48,2.66,0.126,18.99,1,NORMAL
2026-01-15 09:05:00,LOT_08,W_00,5,4,ETCHER_A,PATH_0044,0.99,65.77,15.03,99.69,2.62,0.155,17.57,1,NORMAL
2026-01-15 09:10:00,LOT_08,W_00,6,4,ETCHER_A,PATH_0044,1.06,61.84,14.96,100.14,2.7,0.196,16.58,1,NORMAL
2026-01-15 09:15:00,LOT_08,W_00,7,4,ETCHER_A,PATH_0021,1.15,62.27,14.89,98.97,2.93,0.202,17.8,1,NORMAL
2026-01-15 09:20:00,LOT_08,W_00,8,4,ETCHER_A,PATH_0028,0.76,66.18,14.5,100.12,1.89,0.113,16.2,1,NORMAL
2026-01-15 09:25:00,LOT_08,W_00,9,4,ETCHER_A,PATH_0040,0.92,65.13,14.69,100.09,2.12,0.145,15.67,1,NORMAL
2026-01-15 09:30:00,LOT_08,W_00,0,5,ETCHER_A,PATH_0001,1.34,63.72,15.47,99.89,3.26,0.203,18.25,1,NORMAL
2026-01-15 09:35:00,LOT_08,W_00,1,5,ETCHER_A,PATH_0036,1.36,67.35,14.5,100.46,3.38,0.168,21.62,1,NORMAL
2026-01-15 09:40:00,LOT_08,W_00,2,5,ETCHER_A,PATH_0021,1.4,64.17,15.14,99.01,3.35,0.209,,1,NORMAL
2026-01-15 09:45:00,LOT_08,W_00,3,5,ETCHER_A,PATH_0043,0.79,64.44,14.91,98.52,2.07,0.128,14.68,1,NORMAL
2026-01-15 09:50:00,LOT_08,W_00,4,5,ETCHER_A,PATH_0035,0.71,65.47,15.19,100.62,1.82,0.105,15.53,1,NORMAL
2026-01-15 09:55:00,LOT_08,W_00,5,5,ETCHER_A,PATH_0013,1.08,64.5,14.1,100.21,2.56,0.169,17.72,1,NORMAL
2026-01-15 10:00:00,LOT_08,W_00,6,5,ETCHER_A,PATH_0049,0.7,64.57,16.01,100.11,1.57,0.119,14.87,1,NORMAL
2026-01-15 10:05:00,LOT_08,W_00,7,5,ETCHER_A,PATH_0010,0.9,67.49,16.08,100.86,2.32,0.106,17.68,1,NORMAL
2026-01-15 10:10:00,LOT_08,W_00,8,5,ETCHER_A,PATH_0044,1.11,63.58,14.02,100.38,2.75,0.189,18.63,1,NORMAL
2026-01-15 10:15:00,LOT_08,W_00,9,5,ETCHER_A,PATH_0047,1.06,64.48,14.86,99.9,2.7,0.167,15.2,1,NORMAL
2026-01-15 10:20:00,LOT_08,W_00,0,6,ETCHER_A,PATH_0010,1.11,63.26,14.55,98.78,2.81,0.171,16.13,1,NORMAL
2026-01-15 10:25:00,LOT_08,W_00,1,6,ETCHER_A,PATH_0046,1.08,65.69,15.44,101.0,2.71,0.141,,1,NORMAL
2026-01-15 10:30:00,LOT_08,W_00,2,6,ETCHER_A,PATH_0013,1.1,60.97,14.09,97.37,2.86,0.213,15.53,1,NORMAL
2026-01-15 10:35:00,LOT_08,W_00,3,6,ETCHER_A,PATH_0037,1.22,65.77,15.02,100.34,2.99,0.158,18.94,1,NORMAL
2026-01-15 10:40:00,LOT_08,W_00,4,6,ETCHER_A,PATH_0038,1.36,68.2,15.05,101.68,3.39,0.167,22.09,1,NORMAL
2026-01-15 10:45:00,LOT_08,W_00,5,6,ETCHER_A,PATH_0024,1.05,61.6,14.92,98.61,2.73,0.198,14.53,1,NORMAL
2026-01-15 10:50:00,LOT_08,W_00,6,6,ETCHER_A,PATH_0002,1.09,63.59,13.97,100.53,2.75,0.169,17.4,1,NORMAL
2026-01-15 10:55:00,LOT_08,W_00,7,6,ETCHER_A,PATH_0022,0.89,66.43,14.99,100.85,2.18,0.131,17.81,1,NORMAL
2026-01-15 11:00:00,LOT_08,W_00,8,6,ETCHER_A,PATH_0017,0.88,62.9,15.26,98.58,2.22,0.166,15.73,1,NORMAL
2026-01-15 11:05:00,LOT_08,W_00,9,6,ETCHER_A,PATH_0036,0.82,67.69,15.5,99.6,2.03,0.1,16.02,1,NORMAL
2026-01-15 11:10:00,LOT_08,W_00,0,7,ETCHER_A,PATH_0014,1.18,63.77,14.05,97.97,2.93,0.178,20.05,1,NORMAL
2026-01-15 11:15:00,LOT_08,W_00,1,7,ETCHER_A,PATH_0010,1.2,65.06,15.66,101.01,2.96,0.167,18.33,1,NORMAL
2026-01-15 11:20:00,LOT_08,W_00,2,7,ETCHER_A,PATH_0035,1.03,69.09,14.87,99.06,2.62,0.105,18.54,1,NORMAL
2026-01-15 11:25:00,LOT_08,W_00,3,7,ETCHER_A,PATH_0025,0.98,65.48,14.54,98.0,2.54,0.121,,1,NORMAL
2026-01-15 11:30:00,LOT_08,W_00,4,7,ETCHER_A,PATH_0003,1.38,59.73,14.47,99.95,3.41,0.235,17.0,1,NORMAL
2026-01-15 11:35:00,LOT_08,W_00,5,7,ETCHER_A,PATH_0047,0.95,62.26,15.57,98.96,2.54,0.178,17.01,1,NORMAL
2026-01-15 11:40:00,LOT_08,W_00,6,7,ETCHER_A,PATH_0038,1.18,64.3,15.33,98.91,2.92,0.168,18.79,1,NORMAL
2026-01-15 11:45:00,LOT_08,W_00,7,7,ETCHER_A,PATH_0017,0.93,63.78,14.84,101.18,2.23,0.162,15.55,1,NORMAL
2026-01-15 11:50:00,LOT_08,W_00,8,7,ETCHER_A,PATH_0012,0.8,62.24,15.07,102.31,1.98,0.149,15.93,1,NORMAL
2026-01-15 11:55:00,LOT_08,W_00,9,7,ETCHER_A,PATH_0024,1.03,66.64,14.84,100.92,2.64,0.144,18.82,1,NORMAL
2026-01-15 12:00:00,LOT_08,W_00,0,8,ETCHER_A,PATH_0029,0.85,68.9,15.42,100.21,2.1,0.102,18.12,1,NORMAL
2026-01-15 12:05:00,LOT_08,W_00,1,8,ETCHER_A,PATH_0043,0.77,62.59,14.73,99.84,1.91,0.149,13.8,1,NORMAL
2026-01-15 12:10:00,LOT_08,W_00,2,8,ETCHER_A,PATH_0025,0.87,66.77,14.47,100.44,2.07,0.137,16.7,1,NORMAL
2026-01-15 12:15:00,LOT_08,W_00,3,8,ETCHER_A,PATH_0036,1.37,62.9,14.98,99.42,3.49,0.202,17.26,1,NORMAL
2026-01-15 12:20:00,LOT_08,W_00,4,8,ETCHER_A,PATH_0026,0.75,63.57,14.08,99.88,1.93,0.156,15.93,1,NORMAL
2026-01-15 12:25:00,LOT_08,W_00,5,8,ETCHER_A,PATH_0038,0.99,65.26,14.69,100.98,2.53,0.166,19.48,1,NORMAL
2026-01-15 12:30:00,LOT_08,W_00,6,8,ETCHER_A,PATH_0001,1.1,66.22,14.93,101.62,2.71,0.148,17.38,1,NORMAL
2026-01-15 12:35:00,LOT_08,W_00,7,8,ETCHER_A,PATH_0020,0.74,64.8,15.67,99.04,1.64,0.118,17.13,1,NORMAL
2026-01-15 12:40:00,LOT_08,W_00,8,8,ETCHER_A,PATH_0028,1.03,66.26,14.45,100.2,2.65,0.124,,1,NORMAL
2026-01-15 12:45:00,LOT_08,W_00,9,8,ETCHER_A,PATH_0016,0.72,62.77,14.67,100.09,1.92,0.151,15.67,1,NORMAL
2026-01-15 12:50:00,LOT_08,W_00,0,9,ETCHER_A,PATH_0047,0.95,62.96,15.4,100.87,2.38,0.167,15.32,1,NORMAL
2026-01-15 12:55:00,LOT_08,W_00,1,9,ETCHER_A,PATH_0017,1.32,64.42,14.89,99.0,3.45,0.197,18.43,1,NORMAL
2026-01-15 13:00:00,LOT_08,W_00,2,9,ETCHER_A,PATH_0040,1.37,63.84,15.53,102.58,3.43,0.201,16.55,1,NORMAL
2026-01-15 13:05:00,LOT_08,W_00,3,9,ETCHER_A,PATH_0028,1.03,61.25,15.6,99.68,2.55,0.19,14.94,1,NORMAL
2026-01-15 13:10:00,LOT_08,W_00,4,9,ETCHER_A,PATH_0012,0.99,60.52,14.58,99.59,2.5,0.204,14.56,1,NORMAL
2026-01-15 13:15:00,LOT_08,W_00,5,9,ETCHER_A,PATH_0027,1.1,66.79,15.74,103.42,2.68,0.149,17.58,1,NORMAL
2026-01-15 13:20:00,LOT_08,W_00,6,9,ETCHER_A,PATH_0042,0.73,64.82,14.97,100.27,1.85,0.121,14.58,1,NORMAL
2026-01-15 13:25:00,LOT_08,W_00,7,9,ETCHER_A,PATH_0047,1.28,65.62,14.73,99.79,3.04,0.177,18.1,1,NORMAL
2026-01-15 13:30:00,LOT_08,W_00,8,9,ETCHER_A,PATH_0030,0.83,63.12,14.73,100.15,2.15,0.158,14.37,1,NORMAL
2026-01-15 13:35:00,LOT_08,W_00,9,9,ETCHER_A,PATH_0041,0.83,64.12,15.01,99.44,2.07,0.165,15.84,1,NORMAL
2026-01-15 13:40:00,LOT_08,W_01,0,0,ETCHER_A,PATH_0034,0.79,66.94,15.06,100.72,2.02,0.108,16.68,1,NORMAL
2026-01-15 13:45:00,LOT_08,W_01,1,0,ETCHER_A,PATH_0037,0.83,69.79,14.2,101.67,2.17,0.091,15.7,1,NORMAL
2026-01-15 13:50:00,LOT_08,W_01,2,0,ETCHER_A,PATH_0006,1.24,64.3,14.66,97.6,3.03,0.175,18.55,1,NORMAL
2026-01-15 13:55:00,LOT_08,W_01,3,0,ETCHER_A,PATH_0007,1.34,68.88,15.26,100.0,3.44,0.14,19.23,1,NORMAL
2026-01-15 14:00:00,LOT_08,W_01,4,0,ETCHER_A,PATH_0032,0.79,66.56,15.49,101.1,1.89,0.101,16.75,1,NORMAL
2026-01-15 14:05:00,LOT_08,W_01,5,0,ETCHER_A,PATH_0032,0.98,64.64,15.68,100.68,2.44,0.139,14.85,1,NORMAL
2026-01-15 14:10:00,LOT_08,W_01,6,0,ETCHER_A,PATH_0025,1.02,66.33,15.04,99.93,2.62,0.148,18.22,1,NORMAL
2026-01-15 14:15:00,LOT_08,W_01,7,0,ETCHER_A,PATH_0033,0.93,61.89,14.83,97.77,2.33,0.182,15.3,1,NORMAL
2026-01-15 14:20:00,LOT_08,W_01,8,0,ETCHER_A,PATH_0007,1.25,61.32,15.28,99.69,3.16,0.201,16.34,1,NORMAL
2026-01-15 14:25:00,LOT_08,W_01,9,0,ETCHER_A,PATH_0012,1.28,61.69,14.61,99.2,3.16,0.204,16.66,1,NORMAL
2026-01-15 14:30:00,LOT_08,W_01,0,1,ETCHER_A,PATH_0016,0.73,73.11,15.49,93.28,1.92,0.052,18.39,1,NORMAL
2026-01-15 14:35:00,LOT_08,W_01,1,1,ETCHER_A,PATH_0016,0.72,66.64,15.07,98.13,1.85,0.107,16.72,1,NORMAL
2026-01-15 14:40:00,LOT_08,W_01,2,1,ETCHER_A,PATH_0043,0.82,65.39,14.82,100.74,2.03,0.146,17.02,1,NORMAL
2026-01-15 14:45:00,LOT_08,W_01,3,1,ETCHER_A,PATH_0036,0.74,65.85,14.65,99.63,1.75,0.115,16.4,1,NORMAL
2026-01-15 14:50:00,LOT_08,W_01,4,1,ETCHER_A,PATH_0013,0.81,65.88,14.37,98.05,2.05,0.127,16.78,1,NORMAL
2026-01-15 14:55:00,LOT_08,W_01,5,1,ETCHER_A,PATH_0007,1.03,68.32,15.34,99.6,2.48,0.109,,1,NORMAL
2026-01-15 15:00:00,LOT_08,W_01,6,1,ETCHER_A,PATH_0036,0.77,61.67,14.7,101.11,1.97,0.164,16.69,1,NORMAL
2026-01-15 15:05:00,LOT_08,W_01,7,1,ETCHER_A,PATH_0047,1.15,64.97,14.79,100.44,2.68,0.168,20.03,1,NORMAL
2026-01-15 15:10:00,LOT_08,W_01,8,1,ETCHER_A,PATH_0009,1.33,65.77,13.88,100.0,3.22,0.173,16.46,1,NORMAL
2026-01-15 15:15:00,LOT_08,W_01,9,1,ETCHER_A,PATH_0032,1.29,66.31,14.83,96.65,3.22,0.176,18.75,1,NORMAL
2026-01-15 15:20:00,LOT_08,W_01,0,2,ETCHER_A,PATH_0011,1.12,64.3,14.63,101.49,2.76,0.158,18.07,1,NORMAL
2026-01-15 15:25:00,LOT_08,W_01,1,2,ETCHER_A,PATH_0008,0.92,62.5,14.41,98.86,2.28,0.177,14.94,1,NORMAL
2026-01-15 15:30:00,LOT_08,W_01,2,2,ETCHER_A,PATH_0033,1.09,63.04,14.97,99.97,2.79,0.168,16.12,1,NORMAL
2026-01-15 15:35:00,LOT_08,W_01,3,2,ETCHER_A,PATH_0023,1.11,65.38,15.55,98.47,2.94,0.145,18.18,1,NORMAL
2026-01-15 15:40:00,LOT_08,W_01,4,2,ETCHER_A,PATH_0025,1.22,64.55,14.22,99.14,3.03,0.184,17.2,1,NORMAL
2026-01-15 15:45:00,LOT_08,W_01,5,2,ETCHER_A,PATH_0008,1.1,62.44,14.04,99.07,2.5,0.188,16.79,1,NORMAL
2026-01-15 15:50:00,LOT_08,W_01,6,2,ETCHER_A,PATH_0045,0.87,61.72,14.59,100.49,2.28,0.165,14.55,1,NORMAL
2026-01-15 15:55:00,LOT_08,W_01,7,2,ETCHER_A,PATH_0022,0.83,65.18,14.98,100.43,1.95,0.142,14.58,1,NORMAL
2026-01-15 16:00:00,LOT_08,W_01,8,2,ETCHER_A,PATH_0004,1.27,66.55,15.18,98.29,2.93,0.182,18.49,1,NORMAL
2026-01-15 16:05:00,LOT_08,W_01,9,2,ETCHER_A,PATH_0040,1.01,63.61,14.58,98.59,2.48,0.17,16.69,1,NORMAL
2026-01-15 16:10:00,LOT_08,W_01,0,3,ETCHER_A,PATH_0003,1.28,66.57,15.83,104.56,3.19,0.148,20.0,1,NORMAL
2026-01-15 16:15:00,LOT_08,W_01,1,3,ETCHER_A,PATH_0029,0.7,67.95,15.14,98.58,1.76,0.085,15.14,1,NORMAL
2026-01-15 16:20:00,LOT_08,W_01,2,3,ETCHER_A,PATH_0041,0.99,65.74,14.99,97.32,2.64,0.145,17.35,1,NORMAL
2026-01-15 16:25:00,LOT_08,W_01,3,3,ETCHER_A,PATH_0029,1.04,61.58,15.19,99.79,2.73,0.198,15.63,1,NORMAL
2026-01-15 16:30:00,LOT_08,W_01,4,3,ETCHER_A,PATH_0034,1.04,63.99,15.51,101.64,2.62,0.172,19.64,1,NORMAL
2026-01-15 16:35:00,LOT_08,W_01,5,3,ETCHER_A,PATH_0034,0.9,79.56,15.13,94.46,2.25,-0.018,21.87,0,ERR-T101
2026-01-15 16:40:00,LOT_08,W_01,6,3,ETCHER_A,PATH_0028,0.72,67.85,14.6,100.99,1.78,0.087,17.45,1,NORMAL
2026-01-15 16:45:00,LOT_08,W_01,7,3,ETCHER_A,PATH_0013,1.39,65.5,14.84,101.02,3.57,0.198,18.04,1,NORMAL
2026-01-15 16:50:00,LOT_08,W_01,8,3,ETCHER_A,PATH_0015,1.13,64.2,14.73,101.2,2.73,0.172,19.19,1,NORMAL
2026-01-15 16:55:00,LOT_08,W_01,9,3,ETCHER_A,PATH_0023,1.17,64.98,14.7,100.01,3.0,0.172,17.07,1,NORMAL
2026-01-15 17:00:00,LOT_08,W_01,0,4,ETCHER_A,PATH_0044,0.97,68.57,14.61,99.32,2.44,0.1,18.47,1,NORMAL
2026-01-15 17:05:00,LOT_08,W_01,1,4,ETCHER_A,PATH_0026,0.72,66.13,14.75,101.78,1.83,0.116,15.98,1,NORMAL
2026-01-15 17:10:00,LOT_08,W_01,2,4,ETCHER_A,PATH_0004,1.11,65.31,15.42,100.53,2.76,0.172,17.25,1,NORMAL
2026-01-15 17:15:00,LOT_08,W_01,3,4,ETCHER_A,PATH_0026,0.83,65.26,15.11,99.64,2.05,0.129,,1,NORMAL
2026-01-15 17:20:00,LOT_08,W_01,4,4,ETCHER_A,PATH_0040,0.95,62.85,15.71,99.79,2.21,0.167,15.73,1,NORMAL
2026-01-15 17:25:00,LOT_08,W_01,5,4,ETCHER_A,PATH_0009,1.29,67.07,14.46,99.8,3.13,0.141,19.03,1,NORMAL
2026-01-15 17:30:00,LOT_08,W_01,6,4,ETCHER_A,PATH_0005,0.89,63.62,14.92,99.4,2.14,0.141,15.96,1,NORMAL
2026-01-15 17:35:00,LOT_08,W_01,7,4,ETCHER_A,PATH_0032,1.09,63.21,15.45,101.27,2.63,0.184,16.32,1,NORMAL
2026-01-15 17:40:00,LOT_08,W_01,8,4,ETCHER_A,PATH_0020,1.15,66.3,15.79,99.5,2.68,0.146,17.09,1,NORMAL
2026-01-15 17:45:00,LOT_08,W_01,9,4,ETCHER_A,PATH_0011,1.07,62.93,15.19,99.81,2.6,0.171,15.68,1,NORMAL
2026-01-15 17:50:00,LOT_08,W_01,0,5,ETCHER_A,PATH_0015,0.78,64.21,14.42,101.36,1.95,0.149,15.94,1,NORMAL
2026-01-15 17:55:00,LOT_08,W_01,1,5,ETCHER_A,PATH_0032,0.94,62.55,15.3,97.26,2.32,0.154,15.73,1,NORMAL
2026-01-15 18:00:00,LOT_08,W_01,2,5,ETCHER_A,PATH_0028,1.17,67.93,15.54,98.14,2.82,0.148,20.11,1,NORMAL
2026-01-15 18:05:00,LOT_08,W_01,3,5,ETCHER_A,PATH_0022,1.25,65.41,14.43,101.4,3.08,0.174,17.23,1,NORMAL
2026-01-15 18:10:00,LOT_08,W_01,4,5,ETCHER_A,PATH_0041,1.03,65.12,15.16,98.54,2.48,0.158,17.86,1,NORMAL
2026-01-15 18:15:00,LOT_08,W_01,5,5,ETCHER_A,PATH_0017,1.12,65.11,15.78,102.68,2.72,0.168,19.95,1,NORMAL
2026-01-15 18:20:00,LOT_08,W_01,6,5,ETCHER_A,PATH_0026,1.35,64.73,14.52,98.04,3.44,0.183,18.84,1,NORMAL
2026-01-15 18:25:00,LOT_08,W_01,7,5,ETCHER_A,PATH_0044,0.83,66.82,15.58,101.75,2.15,0.109,14.26,1,NORMAL
2026-01-15 18:30:00,LOT_08,W_01,8,5,ETCHER_A,PATH_0007,0.87,64.72,15.28,100.86,2.29,0.14,16.13,1,NORMAL
2026-01-15 18:35:00,LOT_08,W_01,9,5,ETCHER_A,PATH_0042,1.3,67.65,14.99,102.26,3.37,0.154,19.87,1,NORMAL
2026-01-15 18:40:00,LOT_08,W_01,0,6,ETCHER_A,PATH_0026,1.28,67.65,15.7,99.05,3.21,0.151,20.43,1,NORMAL
2026-01-15 18:45:00,LOT_08,W_01,1,6,ETCHER_A,PATH_0025,0.78,65.33,15.32,99.32,2.08,0.124,15.07,1,NORMAL
2026-01-15 18:50:00,LOT_08,W_01,2,6,ETCHER_A,PATH_0010,0.79,69.55,13.86,98.69,1.94,0.096,17.91,1,NORMAL
2026-01-15 18:55:00,LOT_08,W_01,3,6,ETCHER_A,PATH_0045,1.32,65.36,15.03,98.08,3.21,0.173,18.44,1,NORMAL
2026-01-15 19:00:00,LOT_08,W_01,4,6,ETCHER_A,PATH_0019,0.73,64.83,15.48,98.81,1.79,0.13,16.02,1,NORMAL
2026-01-15 19:05:00,LOT_08,W_01,5,6,ETCHER_A,PATH_0011,1.23,61.01,15.17,101.04,3.33,0.223,16.21,1,NORMAL
2026-01-15 19:10:00,LOT_08,W_01,6,6,ETCHER_A,PATH_0013,0.86,65.52,14.62,102.13,1.98,0.134,18.39,1,NORMAL
2026-01-15 19:15:00,LOT_08,W_01,7,6,ETCHER_A,PATH_0008,1.19,67.06,15.81,99.24,2.89,0.134,20.18,1,NORMAL
2026-01-15 19:20:00,LOT_08,W_01,8,6,ETCHER_A,PATH_0040,0.76,67.03,14.73,98.35,1.84,0.103,17.71,1,NORMAL
2026-01-15 19:25:00,LOT_08,W_01,9,6,ETCHER_A,PATH_0004,1.12,65.0,14.67,100.34,2.8,0.157,16.5,1,NORMAL
2026-01-15 19:30:00,LOT_08,W_01,0,7,ETCHER_A,PATH_0047,1.08,63.13,14.73,100.21,2.77,0.185,15.68,1,NORMAL
2026-01-15 19:35:00,LOT_08,W_01,1,7,ETCHER_A,PATH_0031,1.09,65.14,14.48,99.84,2.71,0.149,18.09,1,NORMAL
2026-01-15 19:40:00,LOT_08,W_01,2,7,ETCHER_A,PATH_0028,1.3,65.78,14.94,100.39,3.46,0.175,18.97,1,NORMAL
2026-01-15 19:45:00,LOT_08,W_01,3,7,ETCHER_A,PATH_0011,1.4,64.57,15.38,98.02,3.54,0.207,17.34,1,NORMAL
2026-01-15 19:50:00,LOT_08,W_01,4,7,ETCHER_A,PATH_0043,0.77,65.34,15.46,99.15,1.84,0.116,16.63,1,NORMAL
2026-01-15 19:55:00,LOT_08,W_01,5,7,ETCHER_A,PATH_0001,1.32,65.9,15.08,97.23,3.34,0.17,18.89,1,NORMAL
2026-01-15 20:00:00,LOT_08,W_01,6,7,ETCHER_A,PATH_0049,0.81,65.05,15.64,99.15,1.9,0.11,15.8,1,NORMAL
2026-01-15 20:05:00,LOT_08,W_01,7,7,ETCHER_A,PATH_0047,0.93,73.04,14.2,92.21,2.37,0.069,20.66,1,NORMAL
2026-01-15 20:10:00,LOT_08,W_01,8,7,ETCHER_A,PATH_0038,1.2,65.54,15.08,103.01,2.9,0.166,17.32,1,NORMAL
2026-01-15 20:15:00,LOT_08,W_01,9,7,ETCHER_A,PATH_0024,1.21,62.4,15.01,100.8,2.92,0.189,18.65,1,NORMAL
2026-01-15 20:20:00,LOT_08,W_01,0,8,ETCHER_A,PATH_0047,1.32,62.02,15.56,101.01,3.17,0.21,19.22,1,NORMAL
2026-01-15 20:25:00,LOT_08,W_01,1,8,ETCHER_A,PATH_0031,0.81,65.09,15.08,101.63,2.07,0.138,14.53,1,NORMAL
2026-01-15 20:30:00,LOT_08,W_01,2,8,ETCHER_A,PATH_0041,1.35,64.24,15.17,101.22,3.36,0.195,18.37,1,NORMAL
2026-01-15 20:35:00,LOT_08,W_01,3,8,ETCHER_A,PATH_0046,0.89,66.12,14.25,99.49,2.15,0.125,15.55,1,NORMAL
2026-01-15 20:40:00,LOT_08,W_01,4,8,ETCHER_A,PATH_0026,0.88,78.54,15.75,93.52,2.17,0.005,22.09,1,NORMAL
2026-01-15 20:45:00,LOT_08,W_01,5,8,ETCHER_A,PATH_0049,0.91,66.93,16.08,97.0,2.28,0.131,16.78,1,NORMAL
2026-01-15 20:50:00,LOT_08,W_01,6,8,ETCHER_A,PATH_0005,1.18,65.75,15.58,100.33,2.78,0.163,17.76,1,NORMAL
2026-01-15 20:55:00,LOT_08,W_01,7,8,ETCHER_A,PATH_0020,1.29,63.4,13.77,100.96,3.03,0.208,17.09,1,NORMAL
2026-01-15 21:00:00,LOT_08,W_01,8,8,ETCHER_A,PATH_0041,1.28,66.9,14.83,101.33,3.07,0.153,,1,NORMAL
2026-01-15 21:05:00,LOT_08,W_01,9,8,ETCHER_A,PATH_0011,1.06,66.35,15.0,101.8,2.58,0.127,18.17,1,NORMAL
2026-01-15 21:10:00,LOT_08,W_01,0,9,ETCHER_A,PATH_0033,1.32,60.95,15.07,97.48,3.37,0.21,18.66,1,NORMAL
2026-01-15 21:15:00,LOT_08,W_01,1,9,ETCHER_A,PATH_0038,1.29,62.34,15.68,98.93,3.2,0.213,18.72,1,NORMAL
2026-01-15 21:20:00,LOT_08,W_01,2,9,ETCHER_A,PATH_0027,0.88,62.12,14.94,98.18,2.34,0.171,15.06,1,NORMAL
2026-01-15 21:25:00,LOT_08,W_01,3,9,ETCHER_A,PATH_0034,1.14,63.84,15.12,100.66,2.92,0.184,17.28,1,NORMAL
2026-01-15 21:30:00,LOT_08,W_01,4,9,ETCHER_A,PATH_0015,0.98,64.03,14.81,99.42,2.47,0.149,18.22,1,NORMAL
2026-01-15 21:35:00,LOT_08,W_01,5,9,ETCHER_A,PATH_0032,0.84,64.13,15.24,100.76,2.13,0.15,16.43,1,NORMAL
2026-01-15 21:40:00,LOT_08,W_01,6,9,ETCHER_A,PATH_0021,0.71,61.83,14.93,100.09,1.81,0.154,15.11,1,NORMAL
2026-01-15 21:45:00,LOT_08,W_01,7,9,ETCHER_A,PATH_0046,0.76,68.11,15.02,100.91,1.79,0.114,15.16,1,NORMAL
2026-01-15 21:50:00,LOT_08,W_01,8,9,ETCHER_A,PATH_0005,0.83,64.31,15.49,101.54,2.13,0.131,16.78,1,NORMAL
2026-01-15 21:55:00,LOT_08,W_01,9,9,ETCHER_A,PATH_0006,0.7,65.71,14.97,100.76,1.73,0.108,15.78,1,NORMAL
2026-01-15 22:00:00,LOT_08,W_02,0,0,ETCHER_B,PATH_0038,0.75,85.17,15.07,81.52,1.8,-0.087,21.93,0,ERR-T101
2026-01-15 22:05:00,LOT_08,W_02,1,0,ETCHER_B,PATH_0022,1.25,78.94,16.56,86.35,2.93,0.036,22.79,1,ERR-G202
2026-01-15 22:10:00,LOT_08,W_02,2,0,ETCHER_B,PATH_0018,0.9,82.87,15.04,86.61,2.32,-0.018,24.62,0,ERR-T101
2026-01-15 22:15:00,LOT_08,W_02,3,0,ETCHER_B,PATH_0014,0.73,76.3,14.99,90.73,1.81,-0.001,20.47,0,ERR-T101
2026-01-15 22:20:00,LOT_08,W_02,4,0,ETCHER_B,PATH_0010,0.76,86.8,14.77,84.42,1.96,-0.105,24.21,0,ERR-T101
2026-01-15 22:25:00,LOT_08,W_02,5,0,ETCHER_B,PATH_0046,0.9,84.62,15.34,91.71,2.28,-0.072,25.09,0,ERR-T101
2026-01-15 22:30:00,LOT_08,W_02,6,0,ETCHER_B,PATH_0013,0.92,83.65,15.42,93.3,2.2,-0.045,22.68,0,ERR-T101
2026-01-15 22:35:00,LOT_08,W_02,7,0,ETCHER_B,PATH_0031,0.93,81.28,15.33,91.65,2.42,-0.039,20.8,0,ERR-T101
2026-01-15 22:40:00,LOT_08,W_02,8,0,ETCHER_B,PATH_0030,0.72,85.59,15.85,92.1,1.88,-0.087,25.64,0,ERR-T101
2026-01-15 22:45:00,LOT_08,W_02,9,0,ETCHER_B,PATH_0003,0.75,83.28,15.03,87.76,1.91,-0.052,24.62,0,ERR-T101
2026-01-15 22:50:00,LOT_08,W_02,0,1,ETCHER_B,PATH_0030,1.3,79.97,15.14,93.33,3.28,0.052,24.51,1,NORMAL
2026-01-15 22:55:00,LOT_08,W_02,1,1,ETCHER_B,PATH_0006,0.84,82.06,15.71,96.93,1.95,-0.05,23.15,0,ERR-T101
2026-01-15 23:00:00,LOT_08,W_02,2,1,ETCHER_B,PATH_0029,1.26,73.55,14.51,95.92,2.99,0.09,22.35,1,NORMAL
2026-01-15 23:05:00,LOT_08,W_02,3,1,ETCHER_B,PATH_0008,0.92,77.57,14.64,98.1,2.29,0.015,20.98,1,NORMAL
2026-01-15 23:10:00,LOT_08,W_02,4,1,ETCHER_B,PATH_0044,1.32,91.51,14.57,94.42,3.18,-0.076,28.96,0,ERR-T101
2026-01-15 23:15:00,LOT_08,W_02,5,1,ETCHER_B,PATH_0045,1.02,71.04,14.09,89.29,2.58,0.089,19.99,1,NORMAL
2026-01-15 23:20:00,LOT_08,W_02,6,1,ETCHER_B,PATH_0043,0.76,84.68,15.56,80.75,1.93,-0.074,24.63,0,ERR-T101
2026-01-15 23:25:00,LOT_08,W_02,7,1,ETCHER_B,PATH_0044,0.76,79.36,15.09,81.93,1.87,-0.004,20.15,0,ERR-T101
2026-01-15 23:30:00,LOT_08,W_02,8,1,ETCHER_B,PATH_0033,0.89,85.62,14.02,82.7,2.38,-0.061,22.98,0,ERR-T101
2026-01-15 23:35:00,LOT_08,W_02,9,1,ETCHER_B,PATH_0017,0.81,82.22,14.75,90.98,2.06,-0.041,23.08,0,ERR-T101
2026-01-15 23:40:00,LOT_08,W_02,0,2,ETCHER_B,PATH_0048,0.74,79.98,14.79,98.6,1.9,-0.015,21.11,0,ERR-T101
2026-01-15 23:45:00,LOT_08,W_02,1,2,ETCHER_B,PATH_0011,0.84,79.64,14.73,90.49,2.28,-0.011,24.56,0,ERR-T101
2026-01-15 23:50:00,LOT_08,W_02,2,2,ETCHER_B,PATH_0013,1.34,80.69,15.6,90.07,3.33,0.037,23.61,1,NORMAL
2026-01-15 23:55:00,LOT_08,W_02,3,2,ETCHER_B,PATH_0011,1.23,78.54,15.33,96.59,3.0,0.045,23.74,1,NORMAL
2026-01-16 00:00:00,LOT_08,W_02,4,2,ETCHER_B,PATH_0031,1.26,84.97,14.25,88.44,3.1,-0.007,26.1,0,ERR-T101
2026-01-16 00:05:00,LOT_08,W_02,5,2,ETCHER_B,PATH_0028,1.15,87.89,15.24,90.66,2.92,-0.078,27.13,0,ERR-T101
2026-01-16 00:10:00,LOT_08,W_02,6,2,ETCHER_B,PATH_0044,0.76,80.66,14.71,91.16,1.84,-0.06,22.57,0,ERR-T101
2026-01-16 00:15:00,LOT_08,W_02,7,2,ETCHER_B,PATH_0006,1.09,78.05,14.49,82.74,2.75,0.035,23.37,1,ERR-G202
2026-01-16 00:20:00,LOT_08,W_02,8,2,ETCHER_B,PATH_0041,1.34,86.12,15.03,87.32,3.61,-0.014,25.66,0,ERR-T101
2026-01-16 00:25:00,LOT_08,W_02,9,2,ETCHER_B,PATH_0016,0.82,81.42,14.01,87.1,1.95,-0.017,23.19,0,ERR-T101
2026-01-16 00:30:00,LOT_08,W_02,0,3,ETCHER_B,PATH_0004,1.07,77.62,15.65,102.26,2.62,0.03,21.55,1,NORMAL
2026-01-16 00:35:00,LOT_08,W_02,1,3,ETCHER_B,PATH_0035,0.89,77.56,15.07,91.12,2.2,0.018,21.58,1,NORMAL
2026-01-16 00:40:00,LOT_08,W_02,2,3,ETCHER_B,PATH_0048,1.35,77.38,15.04,94.26,3.26,0.054,23.7,1,NORMAL
2026-01-16 00:45:00,LOT_08,W_02,3,3,ETCHER_B,PATH_0026,1.13,84.33,14.68,88.33,2.86,-0.025,25.41,0,ERR-T101
2026-01-16 00:50:00,LOT_08,W_02,4,3,ETCHER_B,PATH_0012,0.96,78.88,15.01,89.17,2.43,0.009,21.81,1,NORMAL
2026-01-16 00:55:00,LOT_08,W_02,5,3,ETCHER_B,PATH_0011,1.25,79.62,14.4,93.07,3.32,0.017,23.35,1,NORMAL
2026-01-16 01:00:00,LOT_08,W_02,6,3,ETCHER_B,PATH_0037,1.17,79.88,14.81,88.06,2.95,0.01,23.92,1,NORMAL
2026-01-16 01:05:00,LOT_08,W_02,7,3,ETCHER_B,PATH_0025,1.18,87.81,14.76,86.9,2.95,-0.069,26.38,0,ERR-T101
2026-01-16 01:10:00,LOT_08,W_02,8,3,ETCHER_B,PATH_0018,1.24,85.41,14.66,95.29,3.07,-0.032,25.6,0,ERR-T101
2026-01-16 01:15:00,LOT_08,W_02,9,3,ETCHER_B,PATH_0019,0.83,81.37,15.0,94.72,1.99,-0.041,21.35,0,ERR-T101
2026-01-16 01:20:00,LOT_08,W_02,0,4,ETCHER_B,PATH_0023,0.8,94.71,15.49,82.02,2.03,-0.16,26.24,0,ERR-T101
2026-01-16 01:25:00,LOT_08,W_02,1,4,ETCHER_B,PATH_0038,1.2,84.63,15.04,104.95,2.95,-0.03,25.4,0,ERR-T101
2026-01-16 01:30:00,LOT_08,W_02,2,4,ETCHER_B,PATH_0018,0.9,84.26,15.55,85.46,2.24,-0.078,24.66,0,ERR-T101
2026-01-16 01:35:00,LOT_08,W_02,3,4,ETCHER_B,PATH_0026,1.26,90.82,14.55,82.25,3.11,-0.084,28.53,0,ERR-T101
2026-01-16 01:40:00,LOT_08,W_02,4,4,ETCHER_B,PATH_0006,0.75,82.87,14.86,89.57,1.87,-0.059,23.5,0,ERR-T101
2026-01-16 01:45:00,LOT_08,W_02,5,4,ETCHER_B,PATH_0004,0.95,78.63,14.55,88.69,2.24,0.021,22.42,1,NORMAL
2026-01-16 01:50:00,LOT_08,W_02,6,4,ETCHER_B,PATH_0044,1.37,82.27,14.74,92.83,3.44,0.038,26.1,1,NORMAL
2026-01-16 01:55:00,LOT_08,W_02,7,4,ETCHER_B,PATH_0029,1.04,79.17,15.33,90.57,2.68,0.025,23.8,1,NORMAL
2026-01-16 02:00:00,LOT_08,W_02,8,4,ETCHER_B,PATH_0034,1.17,83.81,15.3,91.51,2.87,-0.03,25.0,0,ERR-T101
2026-01-16 02:05:00,LOT_08,W_02,9,4,ETCHER_B,PATH_0017,1.09,80.3,15.74,94.24,2.59,0.012,24.96,1,NORMAL
2026-01-16 02:10:00,LOT_08,W_02,0,5,ETCHER_B,PATH_0043,1.34,85.72,14.94,95.97,3.31,-0.03,27.21,0,ERR-T101
2026-01-16 02:15:00,LOT_08,W_02,1,5,ETCHER_B,PATH_0043,0.87,85.1,14.8,90.79,2.09,-0.067,23.4,0,ERR-T101
2026-01-16 02:20:00,LOT_08,W_02,2,5,ETCHER_B,PATH_0016,0.78,84.56,15.3,93.83,1.96,-0.07,23.62,0,ERR-T101
2026-01-16 02:25:00,LOT_08,W_02,3,5,ETCHER_B,PATH_0002,1.21,81.81,14.77,92.96,3.12,0.008,25.92,1,NORMAL
2026-01-16 02:30:00,LOT_08,W_02,4,5,ETCHER_B,PATH_0034,1.15,88.08,14.88,88.19,2.85,-0.068,25.54,0,ERR-T101
2026-01-16 02:35:00,LOT_08,W_02,5,5,ETCHER_B,PATH_0008,1.37,85.24,14.56,84.14,3.49,-0.032,26.75,0,ERR-T101
2026-01-16 02:40:00,LOT_08,W_02,6,5,ETCHER_B,PATH_0013,0.75,88.88,15.31,101.22,1.93,-0.099,24.52,0,ERR-T101
2026-01-16 02:45:00,LOT_08,W_02,7,5,ETCHER_B,PATH_0042,0.84,83.66,16.17,97.44,2.08,-0.057,23.22,0,ERR-T101
2026-01-16 02:50:00,LOT_08,W_02,8,5,ETCHER_B,PATH_0008,0.72,82.83,14.94,93.03,1.87,-0.077,22.96,0,ERR-T101
2026-01-16 02:55:00,LOT_08,W_02,9,5,ETCHER_B,PATH_0030,1.03,88.23,15.26,94.65,2.79,-0.074,27.18,0,ERR-T101
2026-01-16 03:00:00,LOT_08,W_02,0,6,ETCHER_B,PATH_0032,1.11,81.49,15.36,83.98,2.9,-0.021,25.15,0,ERR-T101
2026-01-16 03:05:00,LOT_08,W_02,1,6,ETCHER_B,PATH_0036,1.3,77.26,15.05,101.39,3.27,0.051,23.75,1,NORMAL
2026-01-16 03:10:00,LOT_08,W_02,2,6,ETCHER_B,PATH_0047,1.01,75.6,14.84,95.76,2.42,0.037,21.69,1,NORMAL
2026-01-16 03:15:00,LOT_08,W_02,3,6,ETCHER_B,PATH_0030,0.95,85.9,14.33,88.44,2.49,-0.068,26.88,0,ERR-T101
2026-01-16 03:20:00,LOT_08,W_02,4,6,ETCHER_B,PATH_0001,1.28,82.44,14.59,87.65,3.25,-0.028,25.12,0,ERR-T101
2026-01-16 03:25:00,LOT_08,W_02,5,6,ETCHER_B,PATH_0043,0.8,78.29,14.45,86.14,1.96,-0.012,23.06,0,ERR-T101
2026-01-16 03:30:00,LOT_08,W_02,6,6,ETCHER_B,PATH_0039,1.08,77.72,15.85,100.75,2.51,0.049,22.53,1,NORMAL
2026-01-16 03:35:00,LOT_08,W_02,7,6,ETCHER_B,PATH_0017,0.83,82.07,15.49,87.92,1.86,-0.054,22.18,0,ERR-T101
2026-01-16 03:40:00,LOT_08,W_02,8,6,ETCHER_B,PATH_0020,1.21,84.2,15.26,94.07,3.04,-0.038,26.78,0,ERR-T101
2026-01-16 03:45:00,LOT_08,W_02,9,6,ETCHER_B,PATH_0024,1.21,91.24,15.02,97.69,3.16,-0.092,28.63,0,ERR-T101
2026-01-16 03:50:00,LOT_08,W_02,0,7,ETCHER_B,PATH_0022,1.25,80.06,14.58,102.59,2.95,0.02,23.85,1,NORMAL
2026-01-16 03:55:00,LOT_08,W_02,1,7,ETCHER_B,PATH_0029,1.4,81.3,15.79,86.4,3.37,0.031,24.18,1,ERR-G202
2026-01-16 04:00:00,LOT_08,W_02,2,7,ETCHER_B,PATH_0022,1.33,76.48,14.91,88.21,3.21,0.054,23.24,1,NORMAL
2026-01-16 04:05:00,LOT_08,W_02,3,7,ETCHER_B,PATH_0044,1.0,81.32,15.55,98.64,2.45,-0.012,23.3,0,ERR-T101
2026-01-16 04:10:00,LOT_08,W_02,4,7,ETCHER_B,PATH_0009,1.06,80.89,14.68,94.16,2.49,-0.004,24.72,0,ERR-T101
2026-01-16 04:15:00,LOT_08,W_02,5,7,ETCHER_B,PATH_0037,0.74,79.53,13.62,96.44,1.89,-0.009,20.78,0,ERR-T101
2026-01-16 04:20:00,LOT_08,W_02,6,7,ETCHER_B,PATH_0010,0.83,81.48,15.58,94.74,2.11,-0.033,21.15,0,ERR-T101
2026-01-16 04:25:00,LOT_08,W_02,7,7,ETCHER_B,PATH_0036,1.02,92.86,15.15,93.08,2.43,-0.127,29.15,0,ERR-T101
2026-01-16 04:30:00,LOT_08,W_02,8,7,ETCHER_B,PATH_0037,0.96,70.93,16.14,81.95,2.34,0.09,,1,ERR-G202
2026-01-16 04:35:00,LOT_08,W_02,9,7,ETCHER_B,PATH_0028,0.84,85.06,14.81,83.14,2.09,-0.071,24.62,0,ERR-T101
2026-01-16 04:40:00,LOT_08,W_02,0,8,ETCHER_B,PATH_0028,0.72,73.82,15.28,90.19,2.02,0.038,19.2,1,NORMAL
2026-01-16 04:45:00,LOT_08,W_02,1,8,ETCHER_B,PATH_0042,1.25,83.62,15.36,94.42,3.1,-0.015,26.89,0,ERR-T101
2026-01-16 04:50:00,LOT_08,W_02,2,8,ETCHER_B,PATH_0043,0.71,85.72,14.64,85.43,1.83,-0.094,25.45,0,ERR-T101
2026-01-16 04:55:00,LOT_08,W_02,3,8,ETCHER_B,PATH_0021,1.26,82.73,15.33,94.75,3.13,-0.011,25.35,0,ERR-T101
2026-01-16 05:00:00,LOT_08,W_02,4,8,ETCHER_B,PATH_0024,0.8,82.0,15.21,93.26,1.98,-0.049,22.28,0,ERR-T101
2026-01-16 05:05:00,LOT_08,W_02,5,8,ETCHER_B,PATH_0042,1.0,76.83,14.63,90.76,2.47,0.045,22.08,1,NORMAL
2026-01-16 05:10:00,LOT_08,W_02,6,8,ETCHER_B,PATH_0040,0.96,80.87,14.76,92.79,2.39,0.008,24.33,1,NORMAL
2026-01-16 05:15:00,LOT_08,W_02,7,8,ETCHER_B,PATH_0002,0.83,86.27,15.03,87.72,2.05,-0.074,,0,ERR-T101
2026-01-16 05:20:00,LOT_08,W_02,8,8,ETCHER_B,PATH_0008,1.24,86.31,15.66,91.21,3.2,-0.046,28.07,0,ERR-T101
2026-01-16 05:25:00,LOT_08,W_02,9,8,ETCHER_B,PATH_0048,1.15,85.99,14.64,101.23,2.85,-0.044,24.66,0,ERR-T101
2026-01-16 05:30:00,LOT_08,W_02,0,9,ETCHER_B,PATH_0027,1.25,82.36,14.62,88.48,3.08,-0.005,24.22,0,ERR-T101
2026-01-16 05:35:00,LOT_08,W_02,1,9,ETCHER_B,PATH_0022,1.37,81.16,15.72,88.74,3.37,0.031,26.09,1,NORMAL
2026-01-16 05:40:00,LOT_08,W_02,2,9,ETCHER_B,PATH_0037,0.81,81.69,14.03,85.78,2.04,-0.021,21.74,0,ERR-T101
2026-01-16 05:45:00,LOT_08,W_02,3,9,ETCHER_B,PATH_0027,0.99,76.19,13.94,96.67,2.48,0.046,21.98,1,NORMAL
2026-01-16 05:50:00,LOT_08,W_02,4,9,ETCHER_B,PATH_0029,0.92,91.97,14.79,92.38,2.19,-0.124,27.41,0,ERR-T101
2026-01-16 05:55:00,LOT_08,W_02,5,9,ETCHER_B,PATH_0003,1.06,92.46,14.83,95.31,2.7,-0.125,29.15,0,ERR-T101
2026-01-16 06:00:00,LOT_08,W_02,6,9,ETCHER_B,PATH_0044,0.92,77.38,14.61,90.47,2.21,0.018,22.81,1,NORMAL
2026-01-16 06:05:00,LOT_08,W_02,7,9,ETCHER_B,PATH_0013,0.94,83.96,14.44,87.48,2.29,-0.042,25.08,0,ERR-T101
2026-01-16 06:10:00,LOT_08,W_02,8,9,ETCHER_B,PATH_0045,0.7,87.56,14.31,99.44,1.98,-0.105,23.67,0,ERR-T101
2026-01-16 06:15:00,LOT_08,W_02,9,9,ETCHER_B,PATH_0010,0.95,82.1,15.94,92.84,2.28,-0.028,24.11,0,ERR-T101
2026-01-16 06:20:00,LOT_08,W_03,0,0,ETCHER_B,PATH_0036,1.29,72.56,16.22,91.29,3.29,0.096,20.94,1,NORMAL
2026-01-16 06:25:00,LOT_08,W_03,1,0,ETCHER_B,PATH_0009,0.76,83.91,15.27,94.33,1.82,-0.066,21.03,0,ERR-T101
2026-01-16 06:30:00,LOT_08,W_03,2,0,ETCHER_B,PATH_0027,1.15,77.97,14.47,96.58,2.79,0.032,22.11,1,NORMAL
2026-01-16 06:35:00,LOT_08,W_03,3,0,ETCHER_B,PATH_0034,1.16,87.48,15.11,95.73,2.75,-0.062,27.96,0,ERR-T101
2026-01-16 06:40:00,LOT_08,W_03,4,0,ETCHER_B,PATH_0001,1.37,77.97,15.54,90.55,3.37,0.054,22.79,1,NORMAL
2026-01-16 06:45:00,LOT_08,W_03,5,0,ETCHER_B,PATH_0032,1.17,82.4,14.55,86.62,3.05,-0.003,25.49,0,ERR-T101
2026-01-16 06:50:00,LOT_08,W_03,6,0,ETCHER_B,PATH_0025,0.95,83.91,14.23,84.67,2.32,-0.059,24.56,0,ERR-T101
2026-01-16 06:55:00,LOT_08,W_03,7,0,ETCHER_B,PATH_0029,1.35,86.56,14.65,92.25,3.48,-0.019,27.71,0,ERR-T101
2026-01-16 07:00:00,LOT_08,W_03,8,0,ETCHER_B,PATH_0007,0.85,81.31,14.88,98.6,2.02,-0.031,21.76,0,ERR-T101
2026-01-16 07:05:00,LOT_08,W_03,9,0,ETCHER_B,PATH_0049,0.9,78.65,15.51,89.68,2.19,0.003,20.96,1,NORMAL
2026-01-16 07:10:00,LOT_08,W_03,0,1,ETCHER_B,PATH_0003,1.31,80.91,13.98,90.83,3.34,0.006,26.04,1,NORMAL
2026-01-16 07:15:00,LOT_08,W_03,1,1,ETCHER_B,PATH_0020,1.27,82.4,14.53,92.05,3.19,0.009,24.53,1,NORMAL
2026-01-16 07:20:00,LOT_08,W_03,2,1,ETCHER_B,PATH_0020,0.87,83.2,14.97,83.31,2.02,-0.045,22.25,0,ERR-T101
2026-01-16 07:25:00,LOT_08,W_03,3,1,ETCHER_B,PATH_0030,1.05,85.49,14.7,92.3,2.69,-0.049,25.91,0,ERR-T101
2026-01-16 07:30:00,LOT_08,W_03,4,1,ETCHER_B,PATH_0035,0.81,81.52,15.26,92.07,1.94,-0.04,20.14,0,ERR-T101
2026-01-16 07:35:00,LOT_08,W_03,5,1,ETCHER_B,PATH_0035,0.94,79.69,14.6,95.89,2.33,0.001,22.94,1,NORMAL
2026-01-16 07:40:00,LOT_08,W_03,6,1,ETCHER_B,PATH_0049,0.93,84.39,13.63,85.07,2.32,-0.033,24.35,0,ERR-T101
2026-01-16 07:45:00,LOT_08,W_03,7,1,ETCHER_B,PATH_0039,1.27,86.08,14.98,96.55,3.29,-0.038,27.52,0,ERR-T101
2026-01-16 07:50:00,LOT_08,W_03,8,1,ETCHER_B,PATH_0027,0.72,80.67,14.11,96.96,1.71,-0.021,20.77,0,ERR-T101
2026-01-16 07:55:00,LOT_08,W_03,9,1,ETCHER_B,PATH_0026,0.95,78.98,14.85,94.24,2.45,0.002,23.48,1,NORMAL
2026-01-16 08:00:00,LOT_08,W_03,0,2,ETCHER_B,PATH_0014,1.27,79.58,15.49,93.21,3.25,0.033,23.04,1,NORMAL
2026-01-16 08:05:00,LOT_08,W_03,1,2,ETCHER_B,PATH_0017,0.83,82.85,14.31,91.88,2.15,-0.036,23.47,0,ERR-T101
2026-01-16 08:10:00,LOT_08,W_03,2,2,ETCHER_B,PATH_0018,1.23,82.19,13.76,92.65,3.24,0.014,25.71,1,NORMAL
2026-01-16 08:15:00,LOT_08,W_03,3,2,ETCHER_B,PATH_0045,1.18,85.05,15.43,97.71,3.0,-0.042,26.21,0,ERR-T101
2026-01-16 08:20:00,LOT_08,W_03,4,2,ETCHER_B,PATH_0029,1.09,80.26,14.91,89.25,2.71,-0.0,23.11,0,ERR-T101
2026-01-16 08:25:00,LOT_08,W_03,5,2,ETCHER_B,PATH_0020,1.23,85.11,14.29,89.88,3.11,-0.019,26.41,0,ERR-T101
2026-01-16 08:30:00,LOT_08,W_03,6,2,ETCHER_B,PATH_0027,1.05,79.52,14.99,85.51,2.42,0.006,20.97,1,ERR-G202
2026-01-16 08:35:00,LOT_08,W_03,7,2,ETCHER_B,PATH_0018,0.85,81.55,14.59,86.76,2.11,-0.001,22.79,0,ERR-T101
2026-01-16 08:40:00,LOT_08,W_03,8,2,ETCHER_B,PATH_0004,0.99,78.55,15.01,89.46,2.47,0.023,20.01,1,NORMAL
2026-01-16 08:45:00,LOT_08,W_03,9,2,ETCHER_B,PATH_0001,0.75,77.75,15.04,92.54,1.77,-0.005,21.26,0,ERR-T101
2026-01-16 08:50:00,LOT_08,W_03,0,3,ETCHER_B,PATH_0001,1.21,80.41,14.8,91.38,3.13,0.028,24.56,1,NORMAL
2026-01-16 08:55:00,LOT_08,W_03,1,3,ETCHER_B,PATH_0026,1.14,80.59,16.19,94.34,2.74,0.01,22.74,1,NORMAL
2026-01-16 09:00:00,LOT_08,W_03,2,3,ETCHER_B,PATH_0045,0.92,84.17,15.69,86.62,2.33,-0.057,23.38,0,ERR-T101
2026-01-16 09:05:00,LOT_08,W_03,3,3,ETCHER_B,PATH_0020,0.81,87.58,14.79,96.12,1.96,-0.087,24.28,0,ERR-T101
2026-01-16 09:10:00,LOT_08,W_03,4,3,ETCHER_B,PATH_0023,1.34,87.29,14.51,82.8,3.13,-0.024,26.89,0,ERR-T101
2026-01-16 09:15:00,LOT_08,W_03,5,3,ETCHER_B,PATH_0010,1.34,84.21,15.25,88.09,3.35,-0.009,25.62,0,ERR-T101
2026-01-16 09:20:00,LOT_08,W_03,6,3,ETCHER_B,PATH_0011,1.1,84.53,15.2,100.31,2.95,-0.051,25.09,0,ERR-T101
2026-01-16 09:25:00,LOT_08,W_03,7,3,ETCHER_B,PATH_0041,0.93,87.16,15.08,84.87,2.4,-0.087,24.85,0,ERR-T101
2026-01-16 09:30:00,LOT_08,W_03,8,3,ETCHER_B,PATH_0041,0.91,76.32,14.72,89.66,2.41,0.024,20.45,1,NORMAL
2026-01-16 09:35:00,LOT_08,W_03,9,3,ETCHER_B,PATH_0005,0.74,85.52,15.54,84.27,1.67,-0.084,23.28,0,ERR-T101
2026-01-16 09:40:00,LOT_08,W_03,0,4,ETCHER_B,PATH_0001,1.3,84.27,15.72,93.04,3.34,-0.003,25.93,0,ERR-T101
2026-01-16 09:45:00,LOT_08,W_03,1,4,ETCHER_B,PATH_0017,1.26,78.36,15.54,93.55,3.24,0.053,23.4,1,NORMAL
2026-01-16 09:50:00,LOT_08,W_03,2,4,ETCHER_B,PATH_0022,0.91,82.61,14.19,92.99,2.5,-0.038,22.48,0,ERR-T101
2026-01-16 09:55:00,LOT_08,W_03,3,4,ETCHER_B,PATH_0034,0.91,82.87,14.92,93.67,2.34,-0.045,23.29,0,ERR-T101
2026-01-16 10:00:00,LOT_08,W_03,4,4,ETCHER_B,PATH_0045,1.32,83.16,16.1,95.97,3.16,-0.0,26.78,0,ERR-T101
2026-01-16 10:05:00,LOT_08,W_03,5,4,ETCHER_B,PATH_0041,1.3,76.03,14.64,92.08,3.25,0.08,21.58,1,NORMAL
2026-01-16 10:10:00,LOT_08,W_03,6,4,ETCHER_B,PATH_0029,0.99,84.36,15.24,89.93,2.54,-0.04,24.33,0,ERR-T101
2026-01-16 10:15:00,LOT_08,W_03,7,4,ETCHER_B,PATH_0004,0.86,82.16,15.07,89.33,2.23,-0.028,24.44,0,ERR-T101
2026-01-16 10:20:00,LOT_08,W_03,8,4,ETCHER_B,PATH_0005,1.27,87.19,14.58,92.19,3.19,-0.041,28.95,0,ERR-T101
2026-01-16 10:25:00,LOT_08,W_03,9,4,ETCHER_B,PATH_0011,0.78,82.15,15.64,93.45,1.93,-0.051,22.82,0,ERR-T101
2026-01-16 10:30:00,LOT_08,W_03,0,5,ETCHER_B,PATH_0021,1.38,80.32,14.98,87.77,3.5,0.048,24.81,1,ERR-G202
2026-01-16 10:35:00,LOT_08,W_03,1,5,ETCHER_B,PATH_0035,1.34,75.27,14.51,91.76,3.34,0.09,23.68,1,NORMAL
2026-01-16 10:40:00,LOT_08,W_03,2,5,ETCHER_B,PATH_0012,0.71,78.14,14.0,91.74,1.81,-0.002,21.83,0,ERR-T101
2026-01-16 10:45:00,LOT_08,W_03,3,5,ETCHER_B,PATH_0026,0.85,78.57,14.72,94.95,2.23,-0.012,21.57,0,ERR-T101
2026-01-16 10:50:00,LOT_08,W_03,4,5,ETCHER_B,PATH_0019,1.16,81.03,15.56,89.56,2.95,0.007,24.02,1,NORMAL
2026-01-16 10:55:00,LOT_08,W_03,5,5,ETCHER_B,PATH_0045,0.76,79.24,15.0,105.6,1.94,-0.034,20.6,0,ERR-T101
2026-01-16 11:00:00,LOT_08,W_03,6,5,ETCHER_B,PATH_0007,0.9,84.68,15.13,91.5,2.09,-0.049,24.02,0,ERR-T101
2026-01-16 11:05:00,LOT_08,W_03,7,5,ETCHER_B,PATH_0047,1.18,80.36,14.97,82.93,2.93,0.011,23.48,1,ERR-G202
2026-01-16 11:10:00,LOT_08,W_03,8,5,ETCHER_B,PATH_0007,0.87,85.53,15.08,92.53,2.27,-0.079,23.59,0,ERR-T101
2026-01-16 11:15:00,LOT_08,W_03,9,5,ETCHER_B,PATH_0026,1.29,82.0,15.25,91.52,3.33,0.003,25.81,1,NORMAL
2026-01-16 11:20:00,LOT_08,W_03,0,6,ETCHER_B,PATH_0040,0.82,78.11,15.15,90.52,2.1,-0.009,20.51,0,ERR-T101
2026-01-16 11:25:00,LOT_08,W_03,1,6,ETCHER_B,PATH_0005,0.81,80.62,15.49,80.77,1.94,-0.044,23.38,0,ERR-T101
2026-01-16 11:30:00,LOT_08,W_03,2,6,ETCHER_B,PATH_0021,1.18,83.72,14.51,95.7,3.04,-0.027,24.81,0,ERR-T101
2026-01-16 11:35:00,LOT_08,W_03,3,6,ETCHER_B,PATH_0014,0.97,84.85,15.36,93.48,2.17,-0.083,26.59,0,ERR-T101
2026-01-16 11:40:00,LOT_08,W_03,4,6,ETCHER_B,PATH_0004,0.76,86.77,14.97,95.4,1.94,-0.072,24.48,0,ERR-T101
2026-01-16 11:45:00,LOT_08,W_03,5,6,ETCHER_B,PATH_0023,0.99,81.69,14.7,92.2,2.69,-0.01,25.47,0,ERR-T101
2026-01-16 11:50:00,LOT_08,W_03,6,6,ETCHER_B,PATH_0042,0.94,80.74,15.21,94.13,2.18,-0.011,21.65,0,ERR-T101
2026-01-16 11:55:00,LOT_08,W_03,7,6,ETCHER_B,PATH_0020,1.03,78.11,15.03,85.29,2.69,0.031,22.44,1,ERR-G202
2026-01-16 12:00:00,LOT_08,W_03,8,6,ETCHER_B,PATH_0015,1.34,82.6,14.28,92.14,3.28,0.008,24.76,1,NORMAL
2026-01-16 12:05:00,LOT_08,W_03,9,6,ETCHER_B,PATH_0045,0.98,85.97,14.58,84.61,2.43,-0.076,24.29,0,ERR-T101
2026-01-16 12:10:00,LOT_08,W_03,0,7,ETCHER_B,PATH_0029,1.26,77.04,13.99,91.0,3.06,0.064,23.84,1,NORMAL
2026-01-16 12:15:00,LOT_08,W_03,1,7,ETCHER_B,PATH_0008,1.29,79.33,15.85,93.02,3.23,0.025,23.64,1,NORMAL
2026-01-16 12:20:00,LOT_08,W_03,2,7,ETCHER_B,PATH_0041,0.82,82.31,14.81,96.92,1.75,-0.035,24.21,0,ERR-T101
2026-01-16 12:25:00,LOT_08,W_03,3,7,ETCHER_B,PATH_0048,1.24,80.5,14.99,92.56,3.16,0.021,24.91,1,NORMAL
2026-01-16 12:30:00,LOT_08,W_03,4,7,ETCHER_B,PATH_0019,0.81,86.01,14.66,73.5,2.0,-0.077,25.48,0,ERR-T101
2026-01-16 12:35:00,LOT_08,W_03,5,7,ETCHER_B,PATH_0048,1.36,77.5,15.14,94.06,3.46,0.046,24.03,1,NORMAL
2026-01-16 12:40:00,LOT_08,W_03,6,7,ETCHER_B,PATH_0039,1.22,93.45,15.43,78.91,2.98,-0.108,29.49,0,ERR-T101
2026-01-16 12:45:00,LOT_08,W_03,7,7,ETCHER_B,PATH_0046,1.27,86.13,15.11,91.79,3.25,-0.033,24.38,0,ERR-T101
2026-01-16 12:50:00,LOT_08,W_03,8,7,ETCHER_B,PATH_0028,0.87,83.95,15.59,93.61,2.21,-0.041,23.48,0,ERR-T101
2026-01-16 12:55:00,LOT_08,W_03,9,7,ETCHER_B,PATH_0046,0.9,78.52,14.53,88.74,2.13,-0.003,21.47,0,ERR-T101
2026-01-16 13:00:00,LOT_08,W_03,0,8,ETCHER_B,PATH_0027,0.92,92.79,15.22,84.24,2.24,-0.131,27.46,0,ERR-T101
2026-01-16 13:05:00,LOT_08,W_03,1,8,ETCHER_B,PATH_0004,0.97,81.04,13.83,95.82,2.44,0.002,24.79,1,NORMAL
2026-01-16 13:10:00,LOT_08,W_03,2,8,ETCHER_B,PATH_0015,1.38,83.31,14.49,96.46,3.59,0.017,27.35,1,NORMAL
2026-01-16 13:15:00,LOT_08,W_03,3,8,ETCHER_B,PATH_0035,1.35,85.79,14.59,98.24,3.32,-0.018,26.89,0,ERR-T101
2026-01-16 13:20:00,LOT_08,W_03,4,8,ETCHER_B,PATH_0037,1.22,80.89,14.32,85.75,2.98,0.024,26.01,1,ERR-G202
2026-01-16 13:25:00,LOT_08,W_03,5,8,ETCHER_B,PATH_0001,0.7,77.83,14.29,91.13,1.89,-0.001,19.31,0,ERR-T101
2026-01-16 13:30:00,LOT_08,W_03,6,8,ETCHER_B,PATH_0003,1.25,81.68,14.92,85.45,3.07,0.004,26.32,1,ERR-G202
2026-01-16 13:35:00,LOT_08,W_03,7,8,ETCHER_B,PATH_0047,1.26,83.27,15.28,101.03,3.17,0.002,26.69,1,NORMAL
2026-01-16 13:40:00,LOT_08,W_03,8,8,ETCHER_B,PATH_0024,1.12,80.2,14.46,85.51,2.79,0.022,23.77,1,ERR-G202
2026-01-16 13:45:00,LOT_08,W_03,9,8,ETCHER_B,PATH_0027,0.87,78.82,14.79,90.63,2.3,0.015,21.31,1,NORMAL
2026-01-16 13:50:00,LOT_08,W_03,0,9,ETCHER_B,PATH_0040,0.81,82.53,14.96,85.89,2.04,-0.023,24.11,0,ERR-T101
2026-01-16 13:55:00,LOT_08,W_03,1,9,ETCHER_B,PATH_0036,1.23,82.29,15.48,95.37,2.95,0.025,24.36,1,NORMAL
2026-01-16 14:00:00,LOT_08,W_03,2,9,ETCHER_B,PATH_0034,0.8,80.0,15.48,88.59,1.99,-0.03,22.4,0,ERR-T101
2026-01-16 14:05:00,LOT_08,W_03,3,9,ETCHER_B,PATH_0029,1.26,79.69,14.29,81.78,3.3,0.039,22.09,1,ERR-G202
2026-01-16 14:10:00,LOT_08,W_03,4,9,ETCHER_B,PATH_0024,0.74,75.09,14.86,87.56,1.84,0.035,19.03,1,ERR-G202
2026-01-16 14:15:00,LOT_08,W_03,5,9,ETCHER_B,PATH_0024,0.84,82.19,15.29,98.45,2.21,-0.044,24.88,0,ERR-T101
2026-01-16 14:20:00,LOT_08,W_03,6,9,ETCHER_B,PATH_0042,1.12,78.41,14.13,88.32,2.82,0.029,23.4,1,NORMAL
2026-01-16 14:25:00,LOT_08,W_03,7,9,ETCHER_B,PATH_0004,0.79,85.35,15.36,89.89,1.82,-0.07,23.44,0,ERR-T101
2026-01-16 14:30:00,LOT_08,W_03,8,9,ETCHER_B,PATH_0003,1.25,82.02,14.87,96.72,3.04,-0.002,25.24,0,ERR-T101
2026-01-16 14:35:00,LOT_08,W_03,9,9,ETCHER_B,PATH_0034,0.76,74.74,16.95,91.58,1.77,0.009,19.44,1,NORMAL
2026-01-16 14:40:00,LOT_08,W_04,0,0,ETCHER_B,PATH_0049,1.21,79.97,14.71,91.47,3.03,0.018,24.49,1,NORMAL
2026-01-16 14:45:00,LOT_08,W_04,1,0,ETCHER_B,PATH_0023,0.72,80.25,13.93,85.53,1.76,-0.02,21.42,0,ERR-T101
2026-01-16 14:50:00,LOT_08,W_04,2,0,ETCHER_B,PATH_0023,1.07,80.4,15.31,90.22,2.84,0.013,23.75,1,NORMAL
2026-01-16 14:55:00,LOT_08,W_04,3,0,ETCHER_B,PATH_0045,1.21,83.11,14.84,93.52,3.01,-0.026,26.6,0,ERR-T101
2026-01-16 15:00:00,LOT_08,W_04,4,0,ETCHER_B,PATH_0005,1.07,81.09,15.11,98.86,2.58,0.008,23.88,1,NORMAL
2026-01-16 15:05:00,LOT_08,W_04,5,0,ETCHER_B,PATH_0031,0.82,83.31,13.95,97.57,1.97,-0.023,24.63,0,ERR-T101
2026-01-16 15:10:00,LOT_08,W_04,6,0,ETCHER_B,PATH_0041,1.12,82.36,14.41,92.98,2.77,-0.003,24.08,0,ERR-T101
2026-01-16 15:15:00,LOT_08,W_04,7,0,ETCHER_B,PATH_0006,0.88,82.3,14.24,89.07,2.36,-0.021,22.7,0,ERR-T101
2026-01-16 15:20:00,LOT_08,W_04,8,0,ETCHER_B,PATH_0037,1.2,80.99,15.2,85.29,2.92,-0.004,25.39,0,ERR-T101
2026-01-16 15:25:00,LOT_08,W_04,9,0,ETCHER_B,PATH_0010,1.22,78.49,15.23,95.99,3.0,0.048,23.25,1,NORMAL
2026-01-16 15:30:00,LOT_08,W_04,0,1,ETCHER_B,PATH_0040,1.27,74.46,16.11,88.32,3.17,0.065,21.77,1,NORMAL
2026-01-16 15:35:00,LOT_08,W_04,1,1,ETCHER_B,PATH_0007,1.32,78.9,15.7,76.04,3.32,0.032,24.66,1,ERR-G202
2026-01-16 15:40:00,LOT_08,W_04,2,1,ETCHER_B,PATH_0039,1.02,72.32,15.02,87.9,2.55,0.08,19.72,1,ERR-G202
2026-01-16 15:45:00,LOT_08,W_04,3,1,ETCHER_B,PATH_0038,1.37,89.14,14.19,96.6,3.39,-0.054,27.78,0,ERR-T101
2026-01-16 15:50:00,LOT_08,W_04,4,1,ETCHER_B,PATH_0021,1.13,87.0,15.41,100.7,2.92,-0.061,26.75,0,ERR-T101
2026-01-16 15:55:00,LOT_08,W_04,5,1,ETCHER_B,PATH_0020,0.85,81.21,14.92,90.04,1.92,-0.048,,0,ERR-T101
2026-01-16 16:00:00,LOT_08,W_04,6,1,ETCHER_B,PATH_0003,1.37,80.21,15.29,89.85,3.36,0.025,25.37,1,NORMAL
2026-01-16 16:05:00,LOT_08,W_04,7,1,ETCHER_B,PATH_0022,1.34,81.55,14.85,93.99,3.34,0.019,,1,NORMAL
2026-01-16 16:10:00,LOT_08,W_04,8,1,ETCHER_B,PATH_0047,1.06,86.63,15.16,87.83,2.65,-0.049,25.39,0,ERR-T101
2026-01-16 16:15:00,LOT_08,W_04,9,1,ETCHER_B,PATH_0004,0.93,83.32,15.03,93.1,2.34,-0.04,25.16,0,ERR-T101
2026-01-16 16:20:00,LOT_08,W_04,0,2,ETCHER_B,PATH_0028,1.23,80.91,14.36,92.3,3.0,0.011,24.23,1,NORMAL
2026-01-16 16:25:00,LOT_08,W_04,1,2,ETCHER_B,PATH_0012,0.77,79.72,14.38,87.51,1.88,-0.016,22.33,0,ERR-T101
2026-01-16 16:30:00,LOT_08,W_04,2,2,ETCHER_B,PATH_0038,0.93,88.34,16.17,94.1,2.2,-0.083,27.51,0,ERR-T101
2026-01-16 16:35:00,LOT_08,W_04,3,2,ETCHER_B,PATH_0036,0.86,83.9,14.89,92.7,2.12,-0.069,24.27,0,ERR-T101
2026-01-16 16:40:00,LOT_08,W_04,4,2,ETCHER_B,PATH_0047,1.31,84.01,14.84,90.52,3.22,0.014,27.4,1,NORMAL
2026-01-16 16:45:00,LOT_08,W_04,5,2,ETCHER_B,PATH_0041,0.73,76.74,14.99,93.98,1.99,0.001,20.79,1,NORMAL
2026-01-16 16:50:00,LOT_08,W_04,6,2,ETCHER_B,PATH_0005,0.79,87.45,14.37,87.79,2.08,-0.081,,0,ERR-T101
2026-01-16 16:55:00,LOT_08,W_04,7,2,ETCHER_B,PATH_0013,0.76,83.6,15.59,81.65,2.02,-0.058,23.79,0,ERR-T101
2026-01-16 17:00:00,LOT_08,W_04,8,2,ETCHER_B,PATH_0023,1.3,79.46,14.63,88.62,3.29,0.037,25.18,1,NORMAL
2026-01-16 17:05:00,LOT_08,W_04,9,2,ETCHER_B,PATH_0030,1.27,77.28,16.06,95.63,2.95,0.057,23.68,1,NORMAL
2026-01-16 17:10:00,LOT_08,W_04,0,3,ETCHER_B,PATH_0037,0.91,83.75,14.82,81.86,2.23,-0.053,24.43,0,ERR-T101
2026-01-16 17:15:00,LOT_08,W_04,1,3,ETCHER_B,PATH_0025,0.99,87.85,15.43,91.25,2.56,-0.081,26.24,0,ERR-T101
2026-01-16 17:20:00,LOT_08,W_04,2,3,ETCHER_B,PATH_0048,0.7,75.57,15.47,94.68,1.84,0.017,19.29,1,NORMAL
2026-01-16 17:25:00,LOT_08,W_04,3,3,ETCHER_B,PATH_0027,1.31,84.75,14.7,85.41,3.25,-0.027,26.15,0,ERR-T101
2026-01-16 17:30:00,LOT_08,W_04,4,3,ETCHER_B,PATH_0014,1.0,91.37,15.33,98.7,2.54,-0.113,27.9,0,ERR-T101
2026-01-16 17:35:00,LOT_08,W_04,5,3,ETCHER_B,PATH_0048,1.27,82.76,15.81,96.21,3.28,-0.004,24.46,0,ERR-T101
2026-01-16 17:40:00,LOT_08,W_04,6,3,ETCHER_B,PATH_0047,1.05,88.68,15.68,87.26,2.69,-0.086,25.27,0,ERR-T101
2026-01-16 17:45:00,LOT_08,W_04,7,3,ETCHER_B,PATH_0036,0.71,79.34,14.98,86.76,1.94,-0.035,22.79,0,ERR-T101
2026-01-16 17:50:00,LOT_08,W_04,8,3,ETCHER_B,PATH_0039,1.32,80.74,14.97,91.89,3.32,0.011,,1,NORMAL
2026-01-16 17:55:00,LOT_08,W_04,9,3,ETCHER_B,PATH_0016,0.95,88.94,14.94,82.2,2.36,-0.084,25.97,0,ERR-T101
2026-01-16 18:00:00,LOT_08,W_04,0,4,ETCHER_B,PATH_0022,0.75,79.78,14.5,91.33,1.83,-0.022,21.79,0,ERR-T101
2026-01-16 18:05:00,LOT_08,W_04,1,4,ETCHER_B,PATH_0021,1.09,83.65,15.05,85.15,2.9,-0.004,23.97,0,ERR-T101
2026-01-16 18:10:00,LOT_08,W_04,2,4,ETCHER_B,PATH_0021,1.28,86.41,14.99,84.15,3.27,-0.025,26.02,0,ERR-T101
2026-01-16 18:15:00,LOT_08,W_04,3,4,ETCHER_B,PATH_0008,1.09,84.26,15.51,94.97,2.7,-0.039,25.48,0,ERR-T101
2026-01-16 18:20:00,LOT_08,W_04,4,4,ETCHER_B,PATH_0049,1.26,83.42,15.02,94.52,3.1,-0.006,27.5,0,ERR-T101
2026-01-16 18:25:00,LOT_08,W_04,5,4,ETCHER_B,PATH_0016,1.37,81.64,15.11,84.81,3.33,0.008,25.13,1,ERR-G202
2026-01-16 18:30:00,LOT_08,W_04,6,4,ETCHER_B,PATH_0031,1.14,82.29,14.99,87.42,2.88,0.004,25.64,1,ERR-G202
2026-01-16 18:35:00,LOT_08,W_04,7,4,ETCHER_B,PATH_0042,1.36,78.36,15.18,91.39,3.42,0.077,23.92,1,NORMAL
2026-01-16 18:40:00,LOT_08,W_04,8,4,ETCHER_B,PATH_0010,1.19,79.92,15.5,89.6,2.9,0.026,25.07,1,NORMAL
2026-01-16 18:45:00,LOT_08,W_04,9,4,ETCHER_B,PATH_0032,0.98,78.01,15.55,91.83,2.19,0.023,23.43,1,NORMAL
2026-01-16 18:50:00,LOT_08,W_04,0,5,ETCHER_B,PATH_0034,0.94,81.31,15.58,83.64,2.27,-0.024,23.4,0,ERR-T101
2026-01-16 18:55:00,LOT_08,W_04,1,5,ETCHER_B,PATH_0009,1.23,83.64,15.38,102.02,3.11,-0.008,25.17,0,ERR-T101
2026-01-16 19:00:00,LOT_08,W_04,2,5,ETCHER_B,PATH_0017,0.92,80.64,14.54,96.91,2.38,-0.005,24.23,0,ERR-T101
2026-01-16 19:05:00,LOT_08,W_04,3,5,ETCHER_B,PATH_0011,0.91,89.89,15.16,93.62,2.25,-0.105,27.33,0,ERR-T101
2026-01-16 19:10:00,LOT_08,W_04,4,5,ETCHER_B,PATH_0032,1.23,87.6,14.86,93.5,2.91,-0.042,27.62,0,ERR-T101
2026-01-16 19:15:00,LOT_08,W_04,5,5,ETCHER_B,PATH_0010,1.39,81.55,15.36,85.7,3.49,0.004,23.88,1,ERR-G202
2026-01-16 19:20:00,LOT_08,W_04,6,5,ETCHER_B,PATH_0022,1.14,82.8,15.26,84.87,2.82,-0.021,25.84,0,ERR-T101
2026-01-16 19:25:00,LOT_08,W_04,7,5,ETCHER_B,PATH_0017,1.15,89.33,14.18,91.66,2.88,-0.08,27.03,0,ERR-T101
2026-01-16 19:30:00,LOT_08,W_04,8,5,ETCHER_B,PATH_0004,0.97,74.13,15.26,95.96,2.57,0.052,21.1,1,NORMAL
2026-01-16 19:35:00,LOT_08,W_04,9,5,ETCHER_B,PATH_0048,1.16,83.03,14.21,90.5,2.75,-0.003,25.46,0,ERR-T101
2026-01-16 19:40:00,LOT_08,W_04,0,6,ETCHER_B,PATH_0047,0.8,82.65,13.81,101.46,1.82,-0.034,21.22,0,ERR-T101
2026-01-16 19:45:00,LOT_08,W_04,1,6,ETCHER_B,PATH_0025,1.17,85.49,14.95,102.45,2.98,-0.03,,0,ERR-T101
2026-01-16 19:50:00,LOT_08,W_04,2,6,ETCHER_B,PATH_0021,1.2,79.22,15.58,86.72,3.03,0.025,22.02,1,ERR-G202
2026-01-16 19:55:00,LOT_08,W_04,3,6,ETCHER_B,PATH_0037,0.82,83.17,15.31,91.31,1.99,-0.044,23.64,0,ERR-T101
2026-01-16 20:00:00,LOT_08,W_04,4,6,ETCHER_B,PATH_0038,1.13,86.31,14.81,98.99,3.07,-0.071,26.01,0,ERR-T101
2026-01-16 20:05:00,LOT_08,W_04,5,6,ETCHER_B,PATH_0049,0.97,80.4,14.83,83.17,2.57,-0.002,22.73,0,ERR-T101
2026-01-16 20:10:00,LOT_08,W_04,6,6,ETCHER_B,PATH_0001,1.06,79.53,14.64,84.27,2.85,0.014,23.68,1,ERR-G202
2026-01-16 20:15:00,LOT_08,W_04,7,6,ETCHER_B,PATH_0025,0.94,75.66,15.1,97.97,2.2,0.029,20.93,1,NORMAL
2026-01-16 20:20:00,LOT_08,W_04,8,6,ETCHER_B,PATH_0036,1.16,90.65,14.98,97.27,2.82,-0.089,27.61,0,ERR-T101
2026-01-16 20:25:00,LOT_08,W_04,9,6,ETCHER_B,PATH_0017,1.3,81.56,15.48,89.34,3.2,-0.008,24.04,0,ERR-T101
2026-01-16 20:30:00,LOT_08,W_04,0,7,ETCHER_B,PATH_0041,0.81,81.51,14.6,83.9,1.97,-0.029,22.27,0,ERR-T101
2026-01-16 20:35:00,LOT_08,W_04,1,7,ETCHER_B,PATH_0024,0.73,78.41,14.75,93.01,1.9,0.003,21.31,1,NORMAL
2026-01-16 20:40:00,LOT_08,W_04,2,7,ETCHER_B,PATH_0002,1.02,82.13,15.22,90.29,2.61,-0.025,25.51,0,ERR-T101
2026-01-16 20:45:00,LOT_08,W_04,3,7,ETCHER_B,PATH_0040,1.12,73.46,14.73,95.49,2.76,0.086,21.51,1,NORMAL
2026-01-16 20:50:00,LOT_08,W_04,4,7,ETCHER_B,PATH_0015,0.77,84.65,14.49,92.06,1.9,-0.061,23.82,0,ERR-T101
2026-01-16 20:55:00,LOT_08,W_04,5,7,ETCHER_B,PATH_0032,1.3,83.52,14.36,97.85,3.21,-0.008,25.7,0,ERR-T101
2026-01-16 21:00:00,LOT_08,W_04,6,7,ETCHER_B,PATH_0039,1.32,83.2,14.88,91.07,3.32,-0.003,24.16,0,ERR-T101
2026-01-16 21:05:00,LOT_08,W_04,7,7,ETCHER_B,PATH_0006,0.8,78.05,15.15,94.05,2.08,0.026,21.6,1,NORMAL
2026-01-16 21:10:00,LOT_08,W_04,8,7,ETCHER_B,PATH_0001,1.21,74.03,16.26,88.7,2.96,0.079,23.23,1,NORMAL
2026-01-16 21:15:00,LOT_08,W_04,9,7,ETCHER_B,PATH_0047,1.31,85.57,15.36,88.5,3.46,-0.014,25.65,0,ERR-T101
2026-01-16 21:20:00,LOT_08,W_04,0,8,ETCHER_B,PATH_0023,1.22,84.32,15.24,95.28,3.04,-0.043,23.86,0,ERR-T101
2026-01-16 21:25:00,LOT_08,W_04,1,8,ETCHER_B,PATH_0039,1.26,83.27,15.1,86.54,3.23,-0.012,25.74,0,ERR-T101
2026-01-16 21:30:00,LOT_08,W_04,2,8,ETCHER_B,PATH_0017,0.79,83.36,15.34,87.03,1.98,-0.063,22.78,0,ERR-T101
2026-01-16 21:35:00,LOT_08,W_04,3,8,ETCHER_B,PATH_0034,1.3,81.11,14.75,96.86,3.33,0.036,24.42,1,NORMAL
2026-01-16 21:40:00,LOT_08,W_04,4,8,ETCHER_B,PATH_0041,1.1,85.76,14.28,91.66,2.8,-0.041,24.67,0,ERR-T101
2026-01-16 21:45:00,LOT_08,W_04,5,8,ETCHER_B,PATH_0029,1.38,73.6,14.38,88.38,3.47,0.09,23.33,1,NORMAL
2026-01-16 21:50:00,LOT_08,W_04,6,8,ETCHER_B,PATH_0009,1.24,80.36,15.36,91.04,3.22,0.011,23.72,1,NORMAL
2026-01-16 21:55:00,LOT_08,W_04,7,8,ETCHER_B,PATH_0013,1.01,86.66,14.35,82.97,2.56,-0.052,24.58,0,ERR-T101
2026-01-16 22:00:00,LOT_08,W_04,8,8,ETCHER_B,PATH_0006,1.35,84.63,15.09,85.7,3.3,-0.018,26.44,0,ERR-T101
2026-01-16 22:05:00,LOT_08,W_04,9,8,ETCHER_B,PATH_0006,0.72,78.25,14.25,84.53,1.86,-0.018,20.76,0,ERR-T101
2026-01-16 22:10:00,LOT_08,W_04,0,9,ETCHER_B,PATH_0020,0.75,87.7,15.51,90.07,1.81,-0.091,23.46,0,ERR-T101
2026-01-16 22:15:00,LOT_08,W_04,1,9,ETCHER_B,PATH_0003,1.39,86.28,14.7,88.08,3.6,-0.035,27.06,0,ERR-T101
2026-01-16 22:20:00,LOT_08,W_04,2,9,ETCHER_B,PATH_0017,0.79,86.14,15.52,86.76,1.89,-0.087,23.82,0,ERR-T101
2026-01-16 22:25:00,LOT_08,W_04,3,9,ETCHER_B,PATH_0049,1.1,90.59,15.72,90.63,2.59,-0.118,27.61,0,ERR-T101
2026-01-16 22:30:00,LOT_08,W_04,4,9,ETCHER_B,PATH_0012,1.06,82.69,14.77,87.23,2.65,-0.003,24.04,0,ERR-T101
2026-01-16 22:35:00,LOT_08,W_04,5,9,ETCHER_B,PATH_0048,0.93,84.88,15.04,101.73,2.48,-0.072,25.32,0,ERR-T101
2026-01-16 22:40:00,LOT_08,W_04,6,9,ETCHER_B,PATH_0047,1.37,81.87,15.48,88.43,3.38,0.007,24.35,1,NORMAL
2026-01-16 22:45:00,LOT_08,W_04,7,9,ETCHER_B,PATH_0045,1.14,79.19,15.56,84.97,2.7,0.02,24.53,1,ERR-G202
2026-01-16 22:50:00,LOT_08,W_04,8,9,ETCHER_B,PATH_0001,1.31,81.29,15.74,93.61,3.29,-0.003,25.01,0,ERR-T101
2026-01-16 22:55:00,LOT_08,W_04,9,9,ETCHER_B,PATH_0017,1.19,90.57,14.39,92.19,2.88,-0.087,28.51,0,ERR-T101
2026-01-16 23:00:00,LOT_09,W_00,0,0,ETCHER_B,PATH_0003,0.87,78.02,14.71,85.04,2.18,0.006,21.44,1,ERR-G202
2026-01-16 23:05:00,LOT_09,W_00,1,0,ETCHER_B,PATH_0026,1.28,79.19,14.85,88.09,3.1,0.031,23.45,1,NORMAL
2026-01-16 23:10:00,LOT_09,W_00,2,0,ETCHER_B,PATH_0015,1.35,82.33,15.22,97.35,3.36,0.009,24.62,1,NORMAL
2026-01-16 23:15:00,LOT_09,W_00,3,0,ETCHER_B,PATH_0036,1.26,85.3,14.55,100.44,3.15,-0.024,25.51,0,ERR-T101
2026-01-16 23:20:00,LOT_09,W_00,4,0,ETCHER_B,PATH_0032,1.11,79.05,15.37,90.23,2.88,0.011,24.76,1,NORMAL
2026-01-16 23:25:00,LOT_09,W_00,5,0,ETCHER_B,PATH_0032,0.78,77.0,15.12,84.75,2.07,0.004,22.03,1,ERR-G202
2026-01-16 23:30:00,LOT_09,W_00,6,0,ETCHER_B,PATH_0004,1.0,83.64,14.28,93.97,2.43,-0.033,24.41,0,ERR-T101
2026-01-16 23:35:00,LOT_09,W_00,7,0,ETCHER_B,PATH_0018,1.36,86.57,15.58,85.02,3.54,-0.027,25.81,0,ERR-T101
2026-01-16 23:40:00,LOT_09,W_00,8,0,ETCHER_B,PATH_0049,0.9,81.31,15.17,97.04,2.1,-0.032,24.64,0,ERR-T101
2026-01-16 23:45:00,LOT_09,W_00,9,0,ETCHER_B,PATH_0019,1.06,81.19,16.03,89.72,2.6,-0.0,23.75,0,ERR-T101
2026-01-16 23:50:00,LOT_09,W_00,0,1,ETCHER_B,PATH_0043,1.24,75.4,14.38,89.09,3.12,0.078,23.06,1,NORMAL
2026-01-16 23:55:00,LOT_09,W_00,1,1,ETCHER_B,PATH_0035,0.84,86.93,14.6,90.51,2.17,-0.07,24.69,0,ERR-T101
2026-01-17 00:00:00,LOT_09,W_00,2,1,ETCHER_B,PATH_0040,1.09,81.16,14.9,83.31,2.67,0.002,24.22,1,ERR-G202
2026-01-17 00:05:00,LOT_09,W_00,3,1,ETCHER_B,PATH_0014,1.12,79.36,15.58,92.71,2.85,0.016,23.35,1,NORMAL
2026-01-17 00:10:00,LOT_09,W_00,4,1,ETCHER_B,PATH_0033,1.09,81.0,15.23,92.01,2.85,0.016,24.37,1,NORMAL
2026-01-17 00:15:00,LOT_09,W_00,5,1,ETCHER_B,PATH_0014,1.03,84.89,14.44,98.25,2.58,-0.036,27.32,0,ERR-T101
2026-01-17 00:20:00,LOT_09,W_00,6,1,ETCHER_B,PATH_0034,1.16,78.44,15.23,90.25,2.83,0.014,22.82,1,NORMAL
2026-01-17 00:25:00,LOT_09,W_00,7,1,ETCHER_B,PATH_0004,0.76,79.36,14.41,88.16,1.81,-0.012,18.5,0,ERR-T101
2026-01-17 00:30:00,LOT_09,W_00,8,1,ETCHER_B,PATH_0024,1.08,86.37,14.97,98.31,2.47,-0.043,26.18,0,ERR-T101
2026-01-17 00:35:00,LOT_09,W_00,9,1,ETCHER_B,PATH_0029,0.88,81.57,14.2,100.34,2.18,-0.034,24.17,0,ERR-T101
2026-01-17 00:40:00,LOT_09,W_00,0,2,ETCHER_B,PATH_0019,0.87,85.13,15.23,87.0,2.32,-0.071,24.3,0,ERR-T101
2026-01-17 00:45:00,LOT_09,W_00,1,2,ETCHER_B,PATH_0006,1.19,82.21,14.86,99.29,3.06,0.004,24.05,1,NORMAL
2026-01-17 00:50:00,LOT_09,W_00,2,2,ETCHER_B,PATH_0033,0.8,84.83,14.87,100.08,1.94,-0.073,23.66,0,ERR-T101
2026-01-17 00:55:00,LOT_09,W_00,3,2,ETCHER_B,PATH_0049,0.82,82.07,16.02,88.8,2.22,-0.047,23.29,0,ERR-T101
2026-01-17 01:00:00,LOT_09,W_00,4,2,ETCHER_B,PATH_0040,1.22,84.92,14.63,83.35,2.97,-0.04,25.46,0,ERR-T101
2026-01-17 01:05:00,LOT_09,W_00,5,2,ETCHER_B,PATH_0019,0.92,81.5,15.02,91.13,2.42,-0.025,22.6,0,ERR-T101
2026-01-17 01:10:00,LOT_09,W_00,6,2,ETCHER_B,PATH_0001,1.28,84.39,14.96,99.83,3.29,-0.009,25.64,0,ERR-T101
2026-01-17 01:15:00,LOT_09,W_00,7,2,ETCHER_B,PATH_0005,1.31,85.04,15.27,87.38,3.31,-0.025,24.05,0,ERR-T101
2026-01-17 01:20:00,LOT_09,W_00,8,2,ETCHER_B,PATH_0027,0.73,84.83,14.95,98.73,1.86,-0.064,21.82,0,ERR-T101
2026-01-17 01:25:00,LOT_09,W_00,9,2,ETCHER_B,PATH_0016,0.97,86.27,14.91,81.33,2.45,-0.076,26.11,0,ERR-T101
2026-01-17 01:30:00,LOT_09,W_00,0,3,ETCHER_B,PATH_0006,1.27,85.82,14.98,90.29,3.36,-0.047,28.05,0,ERR-T101
2026-01-17 01:35:00,LOT_09,W_00,1,3,ETCHER_B,PATH_0040,1.28,87.74,13.97,96.1,3.16,-0.031,26.4,0,ERR-T101
2026-01-17 01:40:00,LOT_09,W_00,2,3,ETCHER_B,PATH_0013,0.88,79.87,15.75,92.18,2.21,-0.015,21.53,0,ERR-T101
2026-01-17 01:45:00,LOT_09,W_00,3,3,ETCHER_B,PATH_0048,1.12,81.36,14.08,95.95,2.92,0.015,23.31,1,NORMAL
2026-01-17 01:50:00,LOT_09,W_00,4,3,ETCHER_B,PATH_0035,1.1,88.93,14.82,91.4,2.76,-0.087,,0,ERR-T101
2026-01-17 01:55:00,LOT_09,W_00,5,3,ETCHER_B,PATH_0019,1.28,87.66,14.91,93.57,3.45,-0.039,28.22,0,ERR-T101
2026-01-17 02:00:00,LOT_09,W_00,6,3,ETCHER_B,PATH_0012,1.36,76.19,14.55,88.74,3.39,0.088,22.44,1,NORMAL
2026-01-17 02:05:00,LOT_09,W_00,7,3,ETCHER_B,PATH_0016,0.97,86.68,14.73,85.74,2.36,-0.068,25.8,0,ERR-T101
2026-01-17 02:10:00,LOT_09,W_00,8,3,ETCHER_B,PATH_0043,0.84,84.34,15.01,98.16,2.04,-0.068,22.91,0,ERR-T101
2026-01-17 02:15:00,LOT_09,W_00,9,3,ETCHER_B,PATH_0010,1.16,81.08,14.72,90.02,2.92,0.024,24.14,1,NORMAL
2026-01-17 02:20:00,LOT_09,W_00,0,4,ETCHER_B,PATH_0025,0.71,87.74,14.7,83.22,1.6,-0.112,25.1,0,ERR-T101
2026-01-17 02:25:00,LOT_09,W_00,1,4,ETCHER_B,PATH_0020,1.34,80.2,15.22,92.87,3.58,0.051,24.98,1,NORMAL
2026-01-17 02:30:00,LOT_09,W_00,2,4,ETCHER_B,PATH_0031,0.75,79.39,15.9,101.29,1.89,-0.021,20.77,0,ERR-T101
2026-01-17 02:35:00,LOT_09,W_00,3,4,ETCHER_B,PATH_0004,0.71,86.05,14.95,95.53,1.61,-0.078,22.23,0,ERR-T101
2026-01-17 02:40:00,LOT_09,W_00,4,4,ETCHER_B,PATH_0044,0.99,81.19,15.09,89.41,2.45,-0.011,23.69,0,ERR-T101
2026-01-17 02:45:00,LOT_09,W_00,5,4,ETCHER_B,PATH_0023,0.91,84.84,15.51,84.04,2.59,-0.069,25.16,0,ERR-T101
2026-01-17 02:50:00,LOT_09,W_00,6,4,ETCHER_B,PATH_0002,1.29,88.81,15.06,87.49,3.33,-0.064,27.92,0,ERR-T101
2026-01-17 02:55:00,LOT_09,W_00,7,4,ETCHER_B,PATH_0022,1.22,84.13,15.54,85.69,3.12,-0.006,25.23,0,ERR-T101
2026-01-17 03:00:00,LOT_09,W_00,8,4,ETCHER_B,PATH_0037,1.14,79.83,15.18,97.69,2.78,0.002,24.68,1,NORMAL
2026-01-17 03:05:00,LOT_09,W_00,9,4,ETCHER_B,PATH_0008,0.91,82.96,15.2,88.5,2.23,-0.033,24.17,0,ERR-T101
2026-01-17 03:10:00,LOT_09,W_00,0,5,ETCHER_B,PATH_0007,0.9,85.97,14.0,89.65,2.22,-0.073,23.6,0,ERR-T101
2026-01-17 03:15:00,LOT_09,W_00,1,5,ETCHER_B,PATH_0014,0.73,80.5,14.98,87.08,1.72,-0.042,21.95,0,ERR-T101
2026-01-17 03:20:00,LOT_09,W_00,2,5,ETCHER_B,PATH_0003,0.92,78.77,14.98,94.49,2.4,0.015,21.09,1,NORMAL
2026-01-17 03:25:00,LOT_09,W_00,3,5,ETCHER_B,PATH_0016,1.22,89.5,14.99,86.35,2.9,-0.064,29.16,0,ERR-T101
2026-01-17 03:30:00,LOT_09,W_00,4,5,ETCHER_B,PATH_0019,1.22,80.42,15.32,90.56,2.94,0.034,23.71,1,NORMAL
2026-01-17 03:35:00,LOT_09,W_00,5,5,ETCHER_B,PATH_0018,1.25,80.44,14.35,100.56,3.1,0.025,24.58,1,NORMAL
2026-01-17 03:40:00,LOT_09,W_00,6,5,ETCHER_B,PATH_0016,1.39,88.12,15.27,91.74,3.51,-0.036,27.58,0,ERR-T101
2026-01-17 03:45:00,LOT_09,W_00,7,5,ETCHER_B,PATH_0008,0.92,81.46,15.72,96.59,2.31,-0.038,21.87,0,ERR-T101
2026-01-17 03:50:00,LOT_09,W_00,8,5,ETCHER_B,PATH_0033,1.12,85.83,15.63,87.82,2.81,-0.036,24.2,0,ERR-T101
2026-01-17 03:55:00,LOT_09,W_00,9,5,ETCHER_B,PATH_0049,1.18,85.86,14.03,96.08,2.91,-0.041,26.84,0,ERR-T101
2026-01-17 04:00:00,LOT_09,W_00,0,6,ETCHER_B,PATH_0012,1.05,86.41,15.44,92.81,2.58,-0.069,26.51,0,ERR-T101
2026-01-17 04:05:00,LOT_09,W_00,1,6,ETCHER_B,PATH_0011,1.25,84.4,15.6,83.96,3.19,-0.015,25.09,0,ERR-T101
2026-01-17 04:10:00,LOT_09,W_00,2,6,ETCHER_B,PATH_0005,0.86,76.04,15.37,92.74,2.23,0.026,20.2,1,NORMAL
2026-01-17 04:15:00,LOT_09,W_00,3,6,ETCHER_B,PATH_0027,1.3,86.16,15.55,94.36,3.2,-0.045,26.44,0,ERR-T101
2026-01-17 04:20:00,LOT_09,W_00,4,6,ETCHER_B,PATH_0012,0.72,80.33,15.28,83.92,1.52,-0.037,21.92,0,ERR-T101
2026-01-17 04:25:00,LOT_09,W_00,5,6,ETCHER_B,PATH_0017,1.14,79.82,14.75,90.27,2.63,0.015,,1,NORMAL
2026-01-17 04:30:00,LOT_09,W_00,6,6,ETCHER_B,PATH_0006,0.85,86.92,15.07,102.33,2.1,-0.07,24.09,0,ERR-T101
2026-01-17 04:35:00,LOT_09,W_00,7,6,ETCHER_B,PATH_0033,1.04,83.05,14.46,96.57,2.76,-0.035,24.42,0,ERR-T101
2026-01-17 04:40:00,LOT_09,W_00,8,6,ETCHER_B,PATH_0005,1.14,81.48,15.33,85.41,2.84,-0.006,23.42,0,ERR-T101
2026-01-17 04:45:00,LOT_09,W_00,9,6,ETCHER_B,PATH_0028,0.95,82.39,15.1,99.13,2.31,-0.033,24.82,0,ERR-T101
2026-01-17 04:50:00,LOT_09,W_00,0,7,ETCHER_B,PATH_0014,1.16,81.73,15.14,86.45,2.94,0.003,24.22,1,ERR-G202
2026-01-17 04:55:00,LOT_09,W_00,1,7,ETCHER_B,PATH_0005,0.84,82.87,14.96,103.86,2.24,-0.031,23.17,0,ERR-T101
2026-01-17 05:00:00,LOT_09,W_00,2,7,ETCHER_B,PATH_0033,0.72,83.47,14.93,93.84,1.9,-0.065,22.91,0,ERR-T101
2026-01-17 05:05:00,LOT_09,W_00,3,7,ETCHER_B,PATH_0048,0.75,79.48,14.96,96.96,1.9,-0.026,22.47,0,ERR-T101
2026-01-17 05:10:00,LOT_09,W_00,4,7,ETCHER_B,PATH_0041,0.94,74.41,14.61,94.9,2.31,0.048,22.47,1,NORMAL
2026-01-17 05:15:00,LOT_09,W_00,5,7,ETCHER_B,PATH_0019,1.12,85.2,13.73,89.43,2.75,-0.035,25.33,0,ERR-T101
2026-01-17 05:20:00,LOT_09,W_00,6,7,ETCHER_B,PATH_0022,1.18,89.36,15.16,85.45,3.09,-0.07,28.15,0,ERR-T101
2026-01-17 05:25:00,LOT_09,W_00,7,7,ETCHER_B,PATH_0005,1.0,86.24,15.26,81.85,2.34,-0.069,24.34,0,ERR-T101
2026-01-17 05:30:00,LOT_09,W_00,8,7,ETCHER_B,PATH_0002,1.35,89.98,14.64,93.09,3.38,-0.061,28.42,0,ERR-T101
2026-01-17 05:35:00,LOT_09,W_00,9,7,ETCHER_B,PATH_0030,0.8,80.51,14.9,84.72,1.93,-0.021,22.21,0,ERR-T101
2026-01-17 05:40:00,LOT_09,W_00,0,8,ETCHER_B,PATH_0047,1.27,84.1,15.25,84.24,3.16,-0.021,24.32,0,ERR-T101
2026-01-17 05:45:00,LOT_09,W_00,1,8,ETCHER_B,PATH_0039,1.31,88.0,15.0,94.41,3.5,-0.034,25.31,0,ERR-T101
2026-01-17 05:50:00,LOT_09,W_00,2,8,ETCHER_B,PATH_0004,1.37,89.37,15.31,90.52,3.46,-0.072,29.02,0,ERR-T101
2026-01-17 05:55:00,LOT_09,W_00,3,8,ETCHER_B,PATH_0033,0.88,95.24,15.05,85.31,2.23,-0.156,29.19,0,ERR-T101
2026-01-17 06:00:00,LOT_09,W_00,4,8,ETCHER_B,PATH_0013,0.79,78.46,15.2,92.21,1.84,0.0,20.45,1,NORMAL
2026-01-17 06:05:00,LOT_09,W_00,5,8,ETCHER_B,PATH_0020,0.8,81.41,14.5,89.63,2.22,-0.031,22.79,0,ERR-T101
2026-01-17 06:10:00,LOT_09,W_00,6,8,ETCHER_B,PATH_0007,0.71,82.84,15.72,89.68,1.8,-0.056,22.04,0,ERR-T101
2026-01-17 06:15:00,LOT_09,W_00,7,8,ETCHER_B,PATH_0015,1.21,85.43,15.65,95.3,3.02,-0.026,25.44,0,ERR-T101
2026-01-17 06:20:00,LOT_09,W_00,8,8,ETCHER_B,PATH_0023,1.28,79.34,15.06,92.49,3.33,0.031,23.73,1,NORMAL
2026-01-17 06:25:00,LOT_09,W_00,9,8,ETCHER_B,PATH_0014,0.79,81.88,15.16,91.61,1.96,-0.042,23.25,0,ERR-T101
2026-01-17 06:30:00,LOT_09,W_00,0,9,ETCHER_B,PATH_0023,1.21,83.19,15.03,88.98,3.04,-0.015,25.62,0,ERR-T101
2026-01-17 06:35:00,LOT_09,W_00,1,9,ETCHER_B,PATH_0019,1.08,85.74,15.34,97.97,2.75,-0.048,25.83,0,ERR-T101
2026-01-17 06:40:00,LOT_09,W_00,2,9,ETCHER_B,PATH_0029,1.27,73.28,15.35,86.32,3.31,0.108,21.8,1,ERR-G202
2026-01-17 06:45:00,LOT_09,W_00,3,9,ETCHER_B,PATH_0020,0.84,83.84,15.24,92.09,1.98,-0.053,25.16,0,ERR-T101
2026-01-17 06:50:00,LOT_09,W_00,4,9,ETCHER_B,PATH_0029,1.09,85.48,14.93,96.26,2.86,-0.035,25.6,0,ERR-T101
2026-01-17 06:55:00,LOT_09,W_00,5,9,ETCHER_B,PATH_0024,1.18,87.95,15.59,87.94,2.8,-0.067,27.31,0,ERR-T101
2026-01-17 07:00:00,LOT_09,W_00,6,9,ETCHER_B,PATH_0018,1.25,76.06,15.18,94.65,3.23,0.072,23.5,1,NORMAL
2026-01-17 07:05:00,LOT_09,W_00,7,9,ETCHER_B,PATH_0010,0.75,82.42,15.17,95.75,1.96,-0.055,22.69,0,ERR-T101
2026-01-17 07:10:00,LOT_09,W_00,8,9,ETCHER_B,PATH_0041,0.72,81.3,14.99,97.25,1.91,-0.036,22.1,0,ERR-T101
2026-01-17 07:15:00,LOT_09,W_00,9,9,ETCHER_B,PATH_0008,1.3,78.89,14.93,93.62,3.06,0.039,24.24,1,NORMAL
2026-01-17 07:20:00,LOT_09,W_01,0,0,ETCHER_B,PATH_0026,0.72,83.35,14.73,104.37,1.6,-0.046,25.5,0,ERR-T101
2026-01-17 07:25:00,LOT_09,W_01,1,0,ETCHER_B,PATH_0029,1.13,82.68,15.8,94.22,2.86,-0.021,24.39,0,ERR-T101
2026-01-17 07:30:00,LOT_09,W_01,2,0,ETCHER_B,PATH_0010,0.74,81.96,15.59,88.48,1.77,-0.041,,0,ERR-T101
2026-01-17 07:35:00,LOT_09,W_01,3,0,ETCHER_B,PATH_0017,0.91,87.38,14.76,101.47,2.19,-0.077,26.74,0,ERR-T101
2026-01-17 07:40:00,LOT_09,W_01,4,0,ETCHER_B,PATH_0002,0.85,83.8,14.32,94.24,2.03,-0.049,24.4,0,ERR-T101
2026-01-17 07:45:00,LOT_09,W_01,5,0,ETCHER_B,PATH_0006,1.31,82.38,14.73,84.34,3.22,-0.0,24.61,0,ERR-T101
2026-01-17 07:50:00,LOT_09,W_01,6,0,ETCHER_B,PATH_0005,1.1,82.56,15.77,94.66,2.76,-0.021,23.96,0,ERR-T101
2026-01-17 07:55:00,LOT_09,W_01,7,0,ETCHER_B,PATH_0028,1.02,82.16,15.24,92.77,2.62,-0.028,25.59,0,ERR-T101
2026-01-17 08:00:00,LOT_09,W_01,8,0,ETCHER_B,PATH_0041,0.83,92.38,16.27,93.2,1.95,-0.152,26.95,0,ERR-T101
2026-01-17 08:05:00,LOT_09,W_01,9,0,ETCHER_B,PATH_0005,1.17,87.04,14.25,90.4,2.73,-0.052,27.05,0,ERR-T101
2026-01-17 08:10:00,LOT_09,W_01,0,1,ETCHER_B,PATH_0018,1.24,86.34,14.87,90.17,2.94,-0.031,28.72,0,ERR-T101
2026-01-17 08:15:00,LOT_09,W_01,1,1,ETCHER_B,PATH_0026,0.79,79.67,14.28,84.75,1.97,-0.009,22.26,0,ERR-T101
2026-01-17 08:20:00,LOT_09,W_01,2,1,ETCHER_B,PATH_0020,1.3,84.01,14.55,94.26,3.22,-0.024,28.32,0,ERR-T101
2026-01-17 08:25:00,LOT_09,W_01,3,1,ETCHER_B,PATH_0041,1.39,84.46,15.36,80.96,3.57,-0.012,30.06,0,ERR-T101
2026-01-17 08:30:00,LOT_09,W_01,4,1,ETCHER_B,PATH_0049,1.24,82.91,14.89,88.0,3.15,-0.026,25.03,0,ERR-T101
2026-01-17 08:35:00,LOT_09,W_01,5,1,ETCHER_B,PATH_0027,0.88,92.75,15.56,80.82,2.24,-0.143,28.31,0,ERR-T101
2026-01-17 08:40:00,LOT_09,W_01,6,1,ETCHER_B,PATH_0049,1.24,81.82,15.69,85.88,3.09,0.002,24.59,1,ERR-G202
2026-01-17 08:45:00,LOT_09,W_01,7,1,ETCHER_B,PATH_0012,0.79,85.78,14.19,83.86,1.98,-0.083,23.57,0,ERR-T101
2026-01-17 08:50:00,LOT_09,W_01,8,1,ETCHER_B,PATH_0007,1.27,85.09,14.81,94.31,3.19,-0.014,28.51,0,ERR-T101
2026-01-17 08:55:00,LOT_09,W_01,9,1,ETCHER_B,PATH_0003,0.89,73.95,15.78,93.92,2.26,0.036,19.71,1,NORMAL
2026-01-17 09:00:00,LOT_09,W_01,0,2,ETCHER_B,PATH_0010,0.88,80.83,14.48,95.55,2.4,-0.016,24.63,0,ERR-T101
2026-01-17 09:05:00,LOT_09,W_01,1,2,ETCHER_B,PATH_0034,0.82,85.93,15.33,83.66,2.2,-0.075,25.79,0,ERR-T101
2026-01-17 09:10:00,LOT_09,W_01,2,2,ETCHER_B,PATH_0025,1.08,86.9,14.43,94.39,2.57,-0.062,25.56,0,ERR-T101
2026-01-17 09:15:00,LOT_09,W_01,3,2,ETCHER_B,PATH_0035,1.09,83.26,15.39,90.73,2.8,-0.012,25.43,0,ERR-T101
2026-01-17 09:20:00,LOT_09,W_01,4,2,ETCHER_B,PATH_0016,1.13,81.95,15.16,91.63,2.9,-0.008,24.08,0,ERR-T101
2026-01-17 09:25:00,LOT_09,W_01,5,2,ETCHER_B,PATH_0002,1.23,75.1,15.51,96.28,3.09,0.07,21.97,1,NORMAL
2026-01-17 09:30:00,LOT_09,W_01,6,2,ETCHER_B,PATH_0024,0.97,79.99,14.83,89.97,2.37,-0.003,21.55,0,ERR-T101
2026-01-17 09:35:00,LOT_09,W_01,7,2,ETCHER_B,PATH_0010,0.98,79.02,14.59,86.02,2.42,0.011,21.6,1,ERR-G202
2026-01-17 09:40:00,LOT_09,W_01,8,2,ETCHER_B,PATH_0038,1.4,90.02,15.54,91.4,3.49,-0.078,28.82,0,ERR-T101
2026-01-17 09:45:00,LOT_09,W_01,9,2,ETCHER_B,PATH_0022,0.95,85.16,15.08,91.05,2.48,-0.075,25.56,0,ERR-T101
2026-01-17 09:50:00,LOT_09,W_01,0,3,ETCHER_B,PATH_0026,1.09,82.93,15.45,99.72,2.57,-0.027,26.18,0,ERR-T101
2026-01-17 09:55:00,LOT_09,W_01,1,3,ETCHER_B,PATH_0043,0.97,83.02,15.05,81.66,2.45,-0.022,21.82,0,ERR-T101
2026-01-17 10:00:00,LOT_09,W_01,2,3,ETCHER_B,PATH_0039,1.11,82.23,14.94,86.92,2.89,-0.022,23.95,0,ERR-T101
2026-01-17 10:05:00,LOT_09,W_01,3,3,ETCHER_B,PATH_0027,1.16,82.71,15.09,93.11,2.82,0.01,25.49,1,NORMAL
2026-01-17 10:10:00,LOT_09,W_01,4,3,ETCHER_B,PATH_0029,0.79,80.38,15.02,90.65,2.1,-0.036,22.15,0,ERR-T101
2026-01-17 10:15:00,LOT_09,W_01,5,3,ETCHER_B,PATH_0047,1.21,84.34,15.21,90.13,3.03,-0.011,25.37,0,ERR-T101
2026-01-17 10:20:00,LOT_09,W_01,6,3,ETCHER_B,PATH_0038,0.84,85.16,15.29,86.83,2.08,-0.066,25.2,0,ERR-T101
2026-01-17 10:25:00,LOT_09,W_01,7,3,ETCHER_B,PATH_0020,1.24,85.69,15.08,90.15,3.04,-0.038,26.26,0,ERR-T101
2026-01-17 10:30:00,LOT_09,W_01,8,3,ETCHER_B,PATH_0027,1.4,80.75,14.58,87.21,3.48,0.041,26.29,1,ERR-G202
2026-01-17 10:35:00,LOT_09,W_01,9,3,ETCHER_B,PATH_0041,1.2,85.27,15.59,88.77,3.05,-0.031,25.3,0,ERR-T101
2026-01-17 10:40:00,LOT_09,W_01,0,4,ETCHER_B,PATH_0020,1.01,84.56,14.97,80.85,2.43,-0.05,24.19,0,ERR-T101
2026-01-17 10:45:00,LOT_09,W_01,1,4,ETCHER_B,PATH_0044,0.83,85.95,14.15,83.55,1.9,-0.063,25.2,0,ERR-T101
2026-01-17 10:50:00,LOT_09,W_01,2,4,ETCHER_B,PATH_0019,0.82,79.16,15.28,89.62,2.09,0.008,20.4,1,NORMAL
2026-01-17 10:55:00,LOT_09,W_01,3,4,ETCHER_B,PATH_0020,0.9,84.53,15.1,88.54,2.2,-0.054,23.1,0,ERR-T101
2026-01-17 11:00:00,LOT_09,W_01,4,4,ETCHER_B,PATH_0035,0.83,80.32,14.26,89.39,2.06,-0.02,22.55,0,ERR-T101
2026-01-17 11:05:00,LOT_09,W_01,5,4,ETCHER_B,PATH_0047,1.31,79.52,16.04,92.77,3.25,0.026,24.21,1,NORMAL
2026-01-17 11:10:00,LOT_09,W_01,6,4,ETCHER_B,PATH_0002,0.95,83.1,15.4,90.85,2.29,-0.045,24.2,0,ERR-T101
2026-01-17 11:15:00,LOT_09,W_01,7,4,ETCHER_B,PATH_0030,1.12,86.93,15.03,85.53,2.89,-0.057,27.71,0,ERR-T101
2026-01-17 11:20:00,LOT_09,W_01,8,4,ETCHER_B,PATH_0034,0.92,81.4,15.15,83.51,2.36,-0.016,22.67,0,ERR-T101
2026-01-17 11:25:00,LOT_09,W_01,9,4,ETCHER_B,PATH_0022,1.21,85.31,15.67,91.33,3.07,-0.034,26.73,0,ERR-T101
2026-01-17 11:30:00,LOT_09,W_01,0,5,ETCHER_B,PATH_0003,1.06,88.56,14.99,90.44,2.81,-0.084,25.14,0,ERR-T101
2026-01-17 11:35:00,LOT_09,W_01,1,5,ETCHER_B,PATH_0006,0.72,82.18,14.87,92.9,1.87,-0.055,,0,ERR-T101
2026-01-17 11:40:00,LOT_09,W_01,2,5,ETCHER_B,PATH_0015,0.79,83.59,14.69,83.95,1.86,-0.047,21.32,0,ERR-T101
2026-01-17 11:45:00,LOT_09,W_01,3,5,ETCHER_B,PATH_0027,0.9,82.09,15.21,90.14,2.19,-0.035,24.89,0,ERR-T101
2026-01-17 11:50:00,LOT_09,W_01,4,5,ETCHER_B,PATH_0010,1.12,77.64,15.69,89.19,2.82,0.03,,1,NORMAL
2026-01-17 11:55:00,LOT_09,W_01,5,5,ETCHER_B,PATH_0009,1.29,82.88,15.06,91.3,3.28,-0.002,26.88,0,ERR-T101
2026-01-17 12:00:00,LOT_09,W_01,6,5,ETCHER_B,PATH_0033,0.91,83.32,15.08,88.31,2.27,-0.047,25.37,0,ERR-T101
2026-01-17 12:05:00,LOT_09,W_01,7,5,ETCHER_B,PATH_0032,1.35,85.85,15.47,90.03,3.41,-0.042,27.08,0,ERR-T101
2026-01-17 12:10:00,LOT_09,W_01,8,5,ETCHER_B,PATH_0048,1.22,88.86,14.34,92.58,3.01,-0.061,28.52,0,ERR-T101
2026-01-17 12:15:00,LOT_09,W_01,9,5,ETCHER_B,PATH_0006,1.16,83.98,15.41,92.86,2.93,-0.026,24.44,0,ERR-T101
2026-01-17 12:20:00,LOT_09,W_01,0,6,ETCHER_B,PATH_0041,0.9,85.27,14.34,88.58,2.25,-0.062,25.58,0,ERR-T101
2026-01-17 12:25:00,LOT_09,W_01,1,6,ETCHER_B,PATH_0036,1.12,75.88,15.25,89.65,2.72,0.043,22.13,1,NORMAL
2026-01-17 12:30:00,LOT_09,W_01,2,6,ETCHER_B,PATH_0002,1.0,87.14,15.65,85.32,2.61,-0.081,26.45,0,ERR-T101
2026-01-17 12:35:00,LOT_09,W_01,3,6,ETCHER_B,PATH_0029,1.37,81.97,13.97,87.18,3.57,0.029,24.42,1,ERR-G202
2026-01-17 12:40:00,LOT_09,W_01,4,6,ETCHER_B,PATH_0004,1.19,89.99,15.7,91.22,3.05,-0.109,27.98,0,ERR-T101
2026-01-17 12:45:00,LOT_09,W_01,5,6,ETCHER_B,PATH_0001,0.92,86.38,16.0,91.03,2.5,-0.063,26.52,0,ERR-T101
2026-01-17 12:50:00,LOT_09,W_01,6,6,ETCHER_B,PATH_0019,1.13,85.96,15.45,85.64,2.71,-0.053,27.12,0,ERR-T101
2026-01-17 12:55:00,LOT_09,W_01,7,6,ETCHER_B,PATH_0026,1.33,83.41,15.13,86.43,3.11,-0.008,27.06,0,ERR-T101
2026-01-17 13:00:00,LOT_09,W_01,8,6,ETCHER_B,PATH_0025,1.19,79.78,14.46,96.17,2.91,0.026,22.66,1,NORMAL
2026-01-17 13:05:00,LOT_09,W_01,9,6,ETCHER_B,PATH_0010,1.28,83.57,15.19,102.6,3.21,-0.01,24.91,0,ERR-T101
2026-01-17 13:10:00,LOT_09,W_01,0,7,ETCHER_B,PATH_0015,1.35,86.52,13.82,84.21,3.37,-0.038,27.31,0,ERR-T101
2026-01-17 13:15:00,LOT_09,W_01,1,7,ETCHER_B,PATH_0022,1.08,76.46,15.36,94.38,2.74,0.03,21.85,1,NORMAL
2026-01-17 13:20:00,LOT_09,W_01,2,7,ETCHER_B,PATH_0048,0.79,83.93,15.99,94.76,1.83,-0.063,22.81,0,ERR-T101
2026-01-17 13:25:00,LOT_09,W_01,3,7,ETCHER_B,PATH_0021,0.81,90.37,15.41,93.64,2.0,-0.138,26.25,0,ERR-T101
2026-01-17 13:30:00,LOT_09,W_01,4,7,ETCHER_B,PATH_0022,1.25,83.03,15.11,93.95,3.17,0.001,25.56,1,NORMAL
2026-01-17 13:35:00,LOT_09,W_01,5,7,ETCHER_B,PATH_0036,1.25,87.83,14.65,99.92,3.22,-0.036,28.14,0,ERR-T101
2026-01-17 13:40:00,LOT_09,W_01,6,7,ETCHER_B,PATH_0034,1.06,84.58,15.67,88.56,2.58,-0.041,24.49,0,ERR-T101
2026-01-17 13:45:00,LOT_09,W_01,7,7,ETCHER_B,PATH_0030,1.17,84.12,15.38,93.97,2.79,-0.024,25.54,0,ERR-T101
2026-01-17 13:50:00,LOT_09,W_01,8,7,ETCHER_B,PATH_0025,0.76,88.21,14.72,80.91,1.83,-0.099,24.74,0,ERR-T101
2026-01-17 13:55:00,LOT_09,W_01,9,7,ETCHER_B,PATH_0045,1.34,80.17,15.27,95.35,3.32,0.041,23.92,1,NORMAL
2026-01-17 14:00:00,LOT_09,W_01,0,8,ETCHER_B,PATH_0028,1.33,81.86,14.74,93.38,3.31,0.007,24.82,1,NORMAL
2026-01-17 14:05:00,LOT_09,W_01,1,8,ETCHER_B,PATH_0001,0.93,76.69,14.94,89.86,2.36,0.04,22.44,1,NORMAL
2026-01-17 14:10:00,LOT_09,W_01,2,8,ETCHER_B,PATH_0049,0.79,81.76,14.65,92.88,2.0,-0.047,23.45,0,ERR-T101
2026-01-17 14:15:00,LOT_09,W_01,3,8,ETCHER_B,PATH_0045,1.2,85.02,15.22,93.95,2.73,-0.008,26.61,0,ERR-T101
2026-01-17 14:20:00,LOT_09,W_01,4,8,ETCHER_B,PATH_0004,1.27,86.15,15.02,83.85,3.15,-0.041,,0,ERR-T101
2026-01-17 14:25:00,LOT_09,W_01,5,8,ETCHER_B,PATH_0007,1.2,80.64,14.73,81.28,3.08,0.022,24.1,1,ERR-G202
2026-01-17 14:30:00,LOT_09,W_01,6,8,ETCHER_B,PATH_0049,0.83,80.65,15.6,92.93,2.1,-0.033,21.73,0,ERR-T101
2026-01-17 14:35:00,LOT_09,W_01,7,8,ETCHER_B,PATH_0009,1.25,86.55,14.52,94.58,2.99,-0.043,27.04,0,ERR-T101
2026-01-17 14:40:00,LOT_09,W_01,8,8,ETCHER_B,PATH_0036,0.81,81.45,15.01,83.98,1.9,-0.029,22.4,0,ERR-T101
2026-01-17 14:45:00,LOT_09,W_01,9,8,ETCHER_B,PATH_0019,0.94,85.13,15.18,80.89,2.34,-0.043,25.24,0,ERR-T101
2026-01-17 14:50:00,LOT_09,W_01,0,9,ETCHER_B,PATH_0001,0.93,79.93,15.26,87.52,2.39,-0.008,23.46,0,ERR-T101
2026-01-17 14:55:00,LOT_09,W_01,1,9,ETCHER_B,PATH_0010,1.14,83.7,15.69,85.01,2.75,-0.021,23.49,0,ERR-T101
2026-01-17 15:00:00,LOT_09,W_01,2,9,ETCHER_B,PATH_0036,0.94,85.54,15.07,87.96,2.33,-0.077,,0,ERR-T101
2026-01-17 15:05:00,LOT_09,W_01,3,9,ETCHER_B,PATH_0009,1.22,79.45,14.63,93.93,2.88,0.037,23.52,1,NORMAL
2026-01-17 15:10:00,LOT_09,W_01,4,9,ETCHER_B,PATH_0045,1.22,82.42,15.11,87.95,2.98,-0.004,25.64,0,ERR-T101
2026-01-17 15:15:00,LOT_09,W_01,5,9,ETCHER_B,PATH_0046,1.05,80.73,14.99,97.81,2.54,0.003,25.46,1,NORMAL
2026-01-17 15:20:00,LOT_09,W_01,6,9,ETCHER_B,PATH_0042,1.3,85.65,14.78,92.86,3.14,-0.028,25.85,0,ERR-T101
2026-01-17 15:25:00,LOT_09,W_01,7,9,ETCHER_B,PATH_0032,0.98,86.52,14.7,94.59,2.6,-0.079,24.75,0,ERR-T101
2026-01-17 15:30:00,LOT_09,W_01,8,9,ETCHER_B,PATH_0032,0.93,88.05,15.26,87.37,2.32,-0.085,26.21,0,ERR-T101
2026-01-17 15:35:00,LOT_09,W_01,9,9,ETCHER_B,PATH_0006,0.83,83.13,15.45,81.59,2.06,-0.049,23.73,0,ERR-T101
2026-01-17 15:40:00,LOT_09,W_02,0,0,ETCHER_A,PATH_0048,0.81,65.41,15.28,98.68,2.0,0.131,16.03,1,NORMAL
2026-01-17 15:45:00,LOT_09,W_02,1,0,ETCHER_A,PATH_0038,1.09,65.3,14.57,100.9,2.8,0.162,18.13,1,NORMAL
2026-01-17 15:50:00,LOT_09,W_02,2,0,ETCHER_A,PATH_0017,1.31,66.66,14.53,100.21,3.21,0.155,17.44,1,NORMAL
2026-01-17 15:55:00,LOT_09,W_02,3,0,ETCHER_A,PATH_0010,1.14,64.9,15.29,98.66,2.95,0.15,17.1,1,NORMAL
2026-01-17 16:00:00,LOT_09,W_02,4,0,ETCHER_A,PATH_0027,0.74,70.3,15.45,100.42,1.89,0.052,19.25,1,NORMAL
2026-01-17 16:05:00,LOT_09,W_02,5,0,ETCHER_A,PATH_0035,0.75,65.11,15.44,101.82,1.86,0.142,17.57,1,NORMAL
2026-01-17 16:10:00,LOT_09,W_02,6,0,ETCHER_A,PATH_0021,0.97,65.06,15.26,99.27,2.3,0.141,16.65,1,NORMAL
2026-01-17 16:15:00,LOT_09,W_02,7,0,ETCHER_A,PATH_0025,1.06,66.36,15.36,102.91,2.64,0.15,18.05,1,NORMAL
2026-01-17 16:20:00,LOT_09,W_02,8,0,ETCHER_A,PATH_0028,0.98,62.63,14.6,100.2,2.35,0.173,17.78,1,NORMAL
2026-01-17 16:25:00,LOT_09,W_02,9,0,ETCHER_A,PATH_0047,1.0,65.73,15.49,97.19,2.75,0.147,16.4,1,NORMAL
2026-01-17 16:30:00,LOT_09,W_02,0,1,ETCHER_A,PATH_0015,1.37,68.65,14.65,99.22,3.52,0.154,20.39,1,NORMAL
2026-01-17 16:35:00,LOT_09,W_02,1,1,ETCHER_A,PATH_0004,1.24,62.89,15.73,100.74,3.11,0.182,18.26,1,NORMAL
2026-01-17 16:40:00,LOT_09,W_02,2,1,ETCHER_A,PATH_0029,0.98,64.89,14.75,100.1,2.6,0.167,17.72,1,NORMAL
2026-01-17 16:45:00,LOT_09,W_02,3,1,ETCHER_A,PATH_0009,1.14,65.89,15.18,100.24,2.85,0.14,17.01,1,NORMAL
2026-01-17 16:50:00,LOT_09,W_02,4,1,ETCHER_A,PATH_0027,0.83,67.4,14.92,97.97,2.26,0.111,18.97,1,NORMAL
2026-01-17 16:55:00,LOT_09,W_02,5,1,ETCHER_A,PATH_0026,0.74,65.24,15.65,96.94,2.02,0.117,17.16,1,NORMAL
2026-01-17 17:00:00,LOT_09,W_02,6,1,ETCHER_A,PATH_0019,1.06,66.26,15.27,100.01,2.73,0.147,16.41,1,NORMAL
2026-01-17 17:05:00,LOT_09,W_02,7,1,ETCHER_A,PATH_0028,1.18,62.14,14.96,100.19,2.85,0.192,16.24,1,NORMAL
2026-01-17 17:10:00,LOT_09,W_02,8,1,ETCHER_A,PATH_0017,0.76,62.9,14.81,98.78,1.9,0.164,14.36,1,NORMAL
2026-01-17 17:15:00,LOT_09,W_02,9,1,ETCHER_A,PATH_0043,1.02,63.97,14.95,101.55,2.6,0.16,15.82,1,NORMAL
2026-01-17 17:20:00,LOT_09,W_02,0,2,ETCHER_A,PATH_0041,1.16,66.0,14.59,100.15,2.87,0.154,18.12,1,NORMAL
2026-01-17 17:25:00,LOT_09,W_02,1,2,ETCHER_A,PATH_0042,1.02,66.77,15.67,99.68,2.55,0.135,17.99,1,NORMAL
2026-01-17 17:30:00,LOT_09,W_02,2,2,ETCHER_A,PATH_0020,0.79,63.33,15.22,101.12,2.09,0.137,15.2,1,NORMAL
2026-01-17 17:35:00,LOT_09,W_02,3,2,ETCHER_A,PATH_0045,1.28,68.07,13.84,100.58,3.13,0.151,18.47,1,NORMAL
2026-01-17 17:40:00,LOT_09,W_02,4,2,ETCHER_A,PATH_0040,1.15,60.9,15.72,101.94,2.75,0.188,15.03,1,NORMAL
2026-01-17 17:45:00,LOT_09,W_02,5,2,ETCHER_A,PATH_0039,0.8,64.54,14.49,100.84,1.91,0.114,16.11,1,NORMAL
2026-01-17 17:50:00,LOT_09,W_02,6,2,ETCHER_A,PATH_0049,0.87,64.39,14.2,100.19,2.21,0.151,15.6,1,NORMAL
2026-01-17 17:55:00,LOT_09,W_02,7,2,ETCHER_A,PATH_0023,1.4,67.77,15.2,102.0,3.51,0.159,19.74,1,NORMAL
2026-01-17 18:00:00,LOT_09,W_02,8,2,ETCHER_A,PATH_0047,1.13,66.13,14.36,97.54,2.76,0.141,16.97,1,NORMAL
2026-01-17 18:05:00,LOT_09,W_02,9,2,ETCHER_A,PATH_0032,1.09,65.58,14.99,99.39,2.78,0.152,18.16,1,NORMAL
2026-01-17 18:10:00,LOT_09,W_02,0,3,ETCHER_A,PATH_0047,1.25,66.04,14.07,101.63,3.11,0.177,19.12,1,NORMAL
2026-01-17 18:15:00,LOT_09,W_02,1,3,ETCHER_A,PATH_0033,1.05,61.1,14.76,101.73,2.64,0.2,15.08,1,NORMAL
2026-01-17 18:20:00,LOT_09,W_02,2,3,ETCHER_A,PATH_0046,1.26,62.34,14.98,98.19,3.36,0.196,17.15,1,NORMAL
2026-01-17 18:25:00,LOT_09,W_02,3,3,ETCHER_A,PATH_0005,1.15,81.08,15.69,93.6,2.82,0.022,22.56,1,NORMAL
2026-01-17 18:30:00,LOT_09,W_02,4,3,ETCHER_A,PATH_0043,1.01,63.99,13.94,102.39,2.67,0.172,15.4,1,NORMAL
2026-01-17 18:35:00,LOT_09,W_02,5,3,ETCHER_A,PATH_0048,0.75,66.74,14.94,99.04,1.95,0.1,16.27,1,NORMAL
2026-01-17 18:40:00,LOT_09,W_02,6,3,ETCHER_A,PATH_0034,0.77,65.67,14.5,99.42,1.92,0.121,15.11,1,NORMAL
2026-01-17 18:45:00,LOT_09,W_02,7,3,ETCHER_A,PATH_0040,1.27,66.44,15.92,99.7,3.04,0.139,19.03,1,NORMAL
2026-01-17 18:50:00,LOT_09,W_02,8,3,ETCHER_A,PATH_0011,0.98,61.04,14.53,98.39,2.43,0.179,14.51,1,NORMAL
2026-01-17 18:55:00,LOT_09,W_02,9,3,ETCHER_A,PATH_0003,0.75,78.03,14.43,93.39,1.98,0.015,20.73,1,NORMAL
2026-01-17 19:00:00,LOT_09,W_02,0,4,ETCHER_A,PATH_0033,1.11,67.04,15.07,97.64,2.87,0.138,17.67,1,NORMAL
2026-01-17 19:05:00,LOT_09,W_02,1,4,ETCHER_A,PATH_0011,1.09,65.44,16.19,100.78,2.71,0.15,17.54,1,NORMAL
2026-01-17 19:10:00,LOT_09,W_02,2,4,ETCHER_A,PATH_0016,0.76,63.48,14.5,100.58,1.69,0.147,13.54,1,NORMAL
2026-01-17 19:15:00,LOT_09,W_02,3,4,ETCHER_A,PATH_0018,1.31,66.91,15.21,95.96,3.33,0.173,21.25,1,NORMAL
2026-01-17 19:20:00,LOT_09,W_02,4,4,ETCHER_A,PATH_0030,1.24,63.2,15.91,100.99,3.09,0.182,16.79,1,NORMAL
2026-01-17 19:25:00,LOT_09,W_02,5,4,ETCHER_A,PATH_0048,0.79,66.38,14.98,101.13,1.98,0.119,16.1,1,NORMAL
2026-01-17 19:30:00,LOT_09,W_02,6,4,ETCHER_A,PATH_0010,1.01,64.45,14.63,97.97,2.53,0.16,17.5,1,NORMAL
2026-01-17 19:35:00,LOT_09,W_02,7,4,ETCHER_A,PATH_0018,1.24,64.01,13.96,98.06,3.24,0.21,,1,NORMAL
2026-01-17 19:40:00,LOT_09,W_02,8,4,ETCHER_A,PATH_0038,0.98,69.28,15.28,101.44,2.36,0.109,17.84,1,NORMAL
2026-01-17 19:45:00,LOT_09,W_02,9,4,ETCHER_A,PATH_0019,1.04,64.81,15.45,101.46,2.6,0.16,15.94,1,NORMAL
2026-01-17 19:50:00,LOT_09,W_02,0,5,ETCHER_A,PATH_0036,1.08,67.29,14.38,99.16,2.68,0.139,18.62,1,NORMAL
2026-01-17 19:55:00,LOT_09,W_02,1,5,ETCHER_A,PATH_0013,1.31,64.97,15.04,99.55,3.4,0.174,18.95,1,NORMAL
2026-01-17 20:00:00,LOT_09,W_02,2,5,ETCHER_A,PATH_0046,0.89,60.48,15.35,101.6,2.43,0.174,14.4,1,NORMAL
2026-01-17 20:05:00,LOT_09,W_02,3,5,ETCHER_A,PATH_0003,0.89,59.52,14.42,100.47,2.08,0.199,15.36,1,NORMAL
2026-01-17 20:10:00,LOT_09,W_02,4,5,ETCHER_A,PATH_0010,1.14,66.4,14.55,98.7,2.89,0.151,18.78,1,NORMAL
2026-01-17 20:15:00,LOT_09,W_02,5,5,ETCHER_A,PATH_0038,1.28,64.79,15.32,99.97,3.31,0.169,19.16,1,NORMAL
2026-01-17 20:20:00,LOT_09,W_02,6,5,ETCHER_A,PATH_0001,1.08,64.06,15.29,101.13,2.75,0.165,17.64,1,NORMAL
2026-01-17 20:25:00,LOT_09,W_02,7,5,ETCHER_A,PATH_0027,1.38,67.08,14.7,100.99,3.61,0.168,20.07,1,NORMAL
2026-01-17 20:30:00,LOT_09,W_02,8,5,ETCHER_A,PATH_0046,1.23,62.71,15.03,99.53,3.0,0.187,16.72,1,NORMAL
2026-01-17 20:35:00,LOT_09,W_02,9,5,ETCHER_A,PATH_0008,1.25,69.59,14.48,98.7,3.28,0.143,,1,NORMAL
2026-01-17 20:40:00,LOT_09,W_02,0,6,ETCHER_A,PATH_0046,0.78,70.11,15.37,98.72,1.88,0.064,17.69,1,NORMAL
2026-01-17 20:45:00,LOT_09,W_02,1,6,ETCHER_A,PATH_0042,0.74,64.94,14.96,99.75,2.06,0.109,15.8,1,NORMAL
2026-01-17 20:50:00,LOT_09,W_02,2,6,ETCHER_A,PATH_0017,0.75,65.19,15.37,102.18,1.89,0.112,15.71,1,NORMAL
2026-01-17 20:55:00,LOT_09,W_02,3,6,ETCHER_A,PATH_0009,0.89,64.97,15.23,99.79,2.11,0.15,16.0,1,NORMAL
2026-01-17 21:00:00,LOT_09,W_02,4,6,ETCHER_A,PATH_0006,0.84,63.86,15.06,101.04,2.08,0.126,16.19,1,NORMAL
2026-01-17 21:05:00,LOT_09,W_02,5,6,ETCHER_A,PATH_0043,0.89,66.54,15.14,100.78,2.2,0.117,16.67,1,NORMAL
2026-01-17 21:10:00,LOT_09,W_02,6,6,ETCHER_A,PATH_0025,0.99,67.59,14.14,102.54,2.64,0.119,17.57,1,NORMAL
2026-01-17 21:15:00,LOT_09,W_02,7,6,ETCHER_A,PATH_0039,1.06,63.63,14.39,100.25,2.53,0.187,17.66,1,NORMAL
2026-01-17 21:20:00,LOT_09,W_02,8,6,ETCHER_A,PATH_0049,1.16,66.63,14.7,99.25,2.95,0.16,18.31,1,NORMAL
2026-01-17 21:25:00,LOT_09,W_02,9,6,ETCHER_A,PATH_0028,1.31,65.03,14.57,99.37,3.2,0.184,19.06,1,NORMAL
2026-01-17 21:30:00,LOT_09,W_02,0,7,ETCHER_A,PATH_0033,0.94,64.48,14.73,97.28,2.43,0.136,14.98,1,NORMAL
2026-01-17 21:35:00,LOT_09,W_02,1,7,ETCHER_A,PATH_0037,1.39,64.87,15.35,100.35,3.44,0.195,18.34,1,NORMAL
2026-01-17 21:40:00,LOT_09,W_02,2,7,ETCHER_A,PATH_0009,0.71,67.4,14.0,100.54,1.79,0.117,16.68,1,NORMAL
2026-01-17 21:45:00,LOT_09,W_02,3,7,ETCHER_A,PATH_0018,0.71,64.96,14.44,100.9,1.64,0.12,14.72,1,NORMAL
2026-01-17 21:50:00,LOT_09,W_02,4,7,ETCHER_A,PATH_0021,1.27,65.3,15.3,100.94,3.27,0.192,17.49,1,NORMAL
2026-01-17 21:55:00,LOT_09,W_02,5,7,ETCHER_A,PATH_0002,1.01,60.91,15.29,98.17,2.54,0.218,15.13,1,NORMAL
2026-01-17 22:00:00,LOT_09,W_02,6,7,ETCHER_A,PATH_0043,0.94,63.39,14.45,102.66,2.38,0.179,16.48,1,NORMAL
2026-01-17 22:05:00,LOT_09,W_02,7,7,ETCHER_A,PATH_0038,0.91,67.28,14.21,99.24,2.29,0.12,19.03,1,NORMAL
2026-01-17 22:10:00,LOT_09,W_02,8,7,ETCHER_A,PATH_0040,1.38,66.16,15.31,98.93,3.67,0.169,18.38,1,NORMAL
2026-01-17 22:15:00,LOT_09,W_02,9,7,ETCHER_A,PATH_0036,1.2,62.67,14.72,100.46,2.96,0.186,17.52,1,NORMAL
2026-01-17 22:20:00,LOT_09,W_02,0,8,ETCHER_A,PATH_0043,0.82,65.99,14.3,100.09,2.0,0.125,15.42,1,NORMAL
2026-01-17 22:25:00,LOT_09,W_02,1,8,ETCHER_A,PATH_0037,1.03,65.63,15.25,102.15,2.46,0.148,16.64,1,NORMAL
2026-01-17 22:30:00,LOT_09,W_02,2,8,ETCHER_A,PATH_0015,0.89,65.42,14.46,102.07,2.17,0.139,14.92,1,NORMAL
2026-01-17 22:35:00,LOT_09,W_02,3,8,ETCHER_A,PATH_0028,1.4,65.1,14.43,98.35,3.49,0.203,18.61,1,NORMAL
2026-01-17 22:40:00,LOT_09,W_02,4,8,ETCHER_A,PATH_0018,1.24,66.83,15.49,101.97,3.08,0.153,18.85,1,NORMAL
2026-01-17 22:45:00,LOT_09,W_02,5,8,ETCHER_A,PATH_0034,0.73,66.9,14.41,100.03,2.02,0.118,14.73,1,NORMAL
2026-01-17 22:50:00,LOT_09,W_02,6,8,ETCHER_A,PATH_0022,1.33,66.39,15.18,100.91,3.43,0.176,20.25,1,NORMAL
2026-01-17 22:55:00,LOT_09,W_02,7,8,ETCHER_A,PATH_0011,0.76,64.34,14.77,100.66,1.94,0.133,13.65,1,NORMAL
2026-01-17 23:00:00,LOT_09,W_02,8,8,ETCHER_A,PATH_0013,1.14,62.81,14.67,101.07,2.91,0.185,16.82,1,NORMAL
2026-01-17 23:05:00,LOT_09,W_02,9,8,ETCHER_A,PATH_0004,0.71,65.58,15.12,102.77,1.79,0.111,15.05,1,NORMAL
2026-01-17 23:10:00,LOT_09,W_02,0,9,ETCHER_A,PATH_0022,1.21,60.86,15.03,99.29,3.04,0.215,16.84,1,NORMAL
2026-01-17 23:15:00,LOT_09,W_02,1,9,ETCHER_A,PATH_0007,1.11,64.88,15.47,98.87,2.77,0.163,14.91,1,NORMAL
2026-01-17 23:20:00,LOT_09,W_02,2,9,ETCHER_A,PATH_0043,1.02,61.95,13.54,101.67,2.5,0.175,16.87,1,NORMAL
2026-01-17 23:25:00,LOT_09,W_02,3,9,ETCHER_A,PATH_0024,1.03,64.59,15.32,101.42,2.66,0.142,17.27,1,NORMAL
2026-01-17 23:30:00,LOT_09,W_02,4,9,ETCHER_A,PATH_0004,1.01,63.83,15.93,98.87,2.57,0.137,15.33,1,NORMAL
2026-01-17 23:35:00,LOT_09,W_02,5,9,ETCHER_A,PATH_0028,0.72,62.65,15.27,101.83,1.72,0.153,13.69,1,NORMAL
2026-01-17 23:40:00,LOT_09,W_02,6,9,ETCHER_A,PATH_0015,1.04,63.21,14.58,99.58,2.57,0.172,16.28,1,NORMAL
2026-01-17 23:45:00,LOT_09,W_02,7,9,ETCHER_A,PATH_0001,0.73,63.58,15.43,99.72,1.95,0.132,14.27,1,NORMAL
2026-01-17 23:50:00,LOT_09,W_02,8,9,ETCHER_A,PATH_0003,1.28,64.71,15.83,101.83,3.27,0.183,20.01,1,NORMAL
2026-01-17 23:55:00,LOT_09,W_02,9,9,ETCHER_A,PATH_0014,1.01,63.98,14.9,97.97,2.37,0.166,17.53,1,NORMAL
2026-01-18 00:00:00,LOT_09,W_03,0,0,ETCHER_B,PATH_0038,0.84,73.16,15.73,76.85,2.17,0.047,19.43,1,ERR-G202
2026-01-18 00:05:00,LOT_09,W_03,1,0,ETCHER_B,PATH_0001,1.38,84.97,16.01,92.6,3.31,-0.034,26.72,0,ERR-T101
2026-01-18 00:10:00,LOT_09,W_03,2,0,ETCHER_B,PATH_0038,0.77,88.73,15.33,80.51,1.93,-0.096,24.55,0,ERR-T101
2026-01-18 00:15:00,LOT_09,W_03,3,0,ETCHER_B,PATH_0038,1.35,86.46,14.85,92.31,3.24,-0.022,27.98,0,ERR-T101
2026-01-18 00:20:00,LOT_09,W_03,4,0,ETCHER_B,PATH_0021,1.4,85.81,15.81,97.93,3.46,-0.019,27.79,0,ERR-T101
2026-01-18 00:25:00,LOT_09,W_03,5,0,ETCHER_B,PATH_0048,0.96,78.36,16.16,81.22,2.47,0.022,20.59,1,ERR-G202
2026-01-18 00:30:00,LOT_09,W_03,6,0,ETCHER_B,PATH_0029,0.83,88.74,15.23,91.93,2.16,-0.113,24.78,0,ERR-T101
2026-01-18 00:35:00,LOT_09,W_03,7,0,ETCHER_B,PATH_0005,0.88,84.64,15.59,84.08,2.32,-0.067,23.99,0,ERR-T101
2026-01-18 00:40:00,LOT_09,W_03,8,0,ETCHER_B,PATH_0049,1.29,94.0,14.6,90.76,3.16,-0.102,29.61,0,ERR-T101
2026-01-18 00:45:00,LOT_09,W_03,9,0,ETCHER_B,PATH_0010,1.25,76.7,15.46,99.79,3.09,0.063,24.66,1,NORMAL
2026-01-18 00:50:00,LOT_09,W_03,0,1,ETCHER_B,PATH_0028,1.33,86.16,16.36,89.51,3.3,-0.039,28.22,0,ERR-T101
2026-01-18 00:55:00,LOT_09,W_03,1,1,ETCHER_B,PATH_0021,0.78,84.15,14.65,86.52,1.98,-0.056,24.63,0,ERR-T101
2026-01-18 01:00:00,LOT_09,W_03,2,1,ETCHER_B,PATH_0007,1.27,85.43,14.82,90.71,2.98,-0.019,25.49,0,ERR-T101
2026-01-18 01:05:00,LOT_09,W_03,3,1,ETCHER_B,PATH_0003,0.83,86.03,14.86,90.37,2.1,-0.072,24.08,0,ERR-T101
2026-01-18 01:10:00,LOT_09,W_03,4,1,ETCHER_B,PATH_0045,0.81,79.02,14.92,89.4,2.18,0.003,21.14,1,NORMAL
2026-01-18 01:15:00,LOT_09,W_03,5,1,ETCHER_B,PATH_0047,1.23,79.19,15.64,95.97,2.84,0.041,23.63,1,NORMAL
2026-01-18 01:20:00,LOT_09,W_03,6,1,ETCHER_B,PATH_0020,0.89,81.94,15.55,88.13,2.17,-0.039,23.32,0,ERR-T101
2026-01-18 01:25:00,LOT_09,W_03,7,1,ETCHER_B,PATH_0019,1.34,79.68,15.85,94.57,3.33,0.026,24.75,1,NORMAL
2026-01-18 01:30:00,LOT_09,W_03,8,1,ETCHER_B,PATH_0035,0.9,76.76,14.53,90.21,2.3,0.029,22.49,1,NORMAL
2026-01-18 01:35:00,LOT_09,W_03,9,1,ETCHER_B,PATH_0004,0.75,85.04,15.86,92.45,1.8,-0.078,24.64,0,ERR-T101
2026-01-18 01:40:00,LOT_09,W_03,0,2,ETCHER_B,PATH_0005,0.84,88.64,15.67,95.04,2.12,-0.109,26.94,0,ERR-T101
2026-01-18 01:45:00,LOT_09,W_03,1,2,ETCHER_B,PATH_0001,0.88,82.41,14.28,89.59,2.31,-0.031,24.81,0,ERR-T101
2026-01-18 01:50:00,LOT_09,W_03,2,2,ETCHER_B,PATH_0004,1.01,90.09,14.28,87.65,2.5,-0.075,24.98,0,ERR-T101
2026-01-18 01:55:00,LOT_09,W_03,3,2,ETCHER_B,PATH_0012,1.19,81.01,14.94,87.41,3.01,0.009,24.54,1,ERR-G202
2026-01-18 02:00:00,LOT_09,W_03,4,2,ETCHER_B,PATH_0027,0.76,89.08,14.61,101.92,1.85,-0.114,25.81,0,ERR-T101
2026-01-18 02:05:00,LOT_09,W_03,5,2,ETCHER_B,PATH_0042,0.7,82.21,14.32,82.91,1.89,-0.053,23.65,0,ERR-T101
2026-01-18 02:10:00,LOT_09,W_03,6,2,ETCHER_B,PATH_0023,1.23,84.06,14.76,90.96,3.15,-0.013,24.33,0,ERR-T101
2026-01-18 02:15:00,LOT_09,W_03,7,2,ETCHER_B,PATH_0025,0.98,89.24,15.83,93.8,2.44,-0.09,27.34,0,ERR-T101
2026-01-18 02:20:00,LOT_09,W_03,8,2,ETCHER_B,PATH_0021,1.07,75.76,16.04,92.45,2.59,0.057,20.98,1,NORMAL
2026-01-18 02:25:00,LOT_09,W_03,9,2,ETCHER_B,PATH_0024,1.06,84.37,15.34,85.43,2.52,-0.025,25.46,0,ERR-T101
2026-01-18 02:30:00,LOT_09,W_03,0,3,ETCHER_B,PATH_0025,1.32,80.32,15.16,89.43,3.21,0.003,25.6,1,NORMAL
2026-01-18 02:35:00,LOT_09,W_03,1,3,ETCHER_B,PATH_0045,0.8,81.83,15.06,102.88,1.93,-0.036,24.2,0,ERR-T101
2026-01-18 02:40:00,LOT_09,W_03,2,3,ETCHER_B,PATH_0046,0.86,84.29,15.1,90.0,2.33,-0.05,25.04,0,ERR-T101
2026-01-18 02:45:00,LOT_09,W_03,3,3,ETCHER_B,PATH_0032,1.29,78.74,13.94,85.59,3.28,0.057,23.22,1,ERR-G202
2026-01-18 02:50:00,LOT_09,W_03,4,3,ETCHER_B,PATH_0032,0.92,88.26,15.22,89.79,2.24,-0.109,26.28,0,ERR-T101
2026-01-18 02:55:00,LOT_09,W_03,5,3,ETCHER_B,PATH_0005,0.81,83.25,14.95,93.16,1.88,-0.048,24.79,0,ERR-T101
2026-01-18 03:00:00,LOT_09,W_03,6,3,ETCHER_B,PATH_0036,0.72,84.76,15.68,82.94,1.79,-0.079,22.55,0,ERR-T101
2026-01-18 03:05:00,LOT_09,W_03,7,3,ETCHER_B,PATH_0046,1.02,77.09,15.64,87.94,2.33,0.039,22.15,1,ERR-G202
2026-01-18 03:10:00,LOT_09,W_03,8,3,ETCHER_B,PATH_0042,1.21,83.2,14.47,89.44,3.09,-0.008,25.8,0,ERR-T101
2026-01-18 03:15:00,LOT_09,W_03,9,3,ETCHER_B,PATH_0049,0.89,85.29,14.33,89.1,2.08,-0.073,24.33,0,ERR-T101
2026-01-18 03:20:00,LOT_09,W_03,0,4,ETCHER_B,PATH_0042,1.37,78.22,14.78,89.22,3.41,0.057,25.88,1,NORMAL
2026-01-18 03:25:00,LOT_09,W_03,1,4,ETCHER_B,PATH_0039,1.18,90.63,15.93,90.7,2.98,-0.091,26.6,0,ERR-T101
2026-01-18 03:30:00,LOT_09,W_03,2,4,ETCHER_B,PATH_0016,1.05,85.88,15.08,88.86,2.53,-0.051,25.23,0,ERR-T101
2026-01-18 03:35:00,LOT_09,W_03,3,4,ETCHER_B,PATH_0033,1.09,87.99,15.45,98.31,2.88,-0.067,26.45,0,ERR-T101
2026-01-18 03:40:00,LOT_09,W_03,4,4,ETCHER_B,PATH_0049,1.08,86.47,15.19,87.52,2.63,-0.058,23.94,0,ERR-T101
2026-01-18 03:45:00,LOT_09,W_03,5,4,ETCHER_B,PATH_0021,0.9,92.02,14.65,83.42,2.29,-0.111,28.45,0,ERR-T101
2026-01-18 03:50:00,LOT_09,W_03,6,4,ETCHER_B,PATH_0009,1.32,87.54,15.0,96.95,3.09,-0.055,27.15,0,ERR-T101
2026-01-18 03:55:00,LOT_09,W_03,7,4,ETCHER_B,PATH_0006,1.33,82.75,14.14,95.46,3.24,0.016,24.64,1,NORMAL
2026-01-18 04:00:00,LOT_09,W_03,8,4,ETCHER_B,PATH_0045,1.35,87.57,15.5,89.3,3.44,-0.042,27.61,0,ERR-T101
2026-01-18 04:05:00,LOT_09,W_03,9,4,ETCHER_B,PATH_0035,1.09,84.4,15.65,82.44,2.83,-0.04,26.35,0,ERR-T101
2026-01-18 04:10:00,LOT_09,W_03,0,5,ETCHER_B,PATH_0039,1.09,86.69,15.04,97.1,2.71,-0.047,25.03,0,ERR-T101
2026-01-18 04:15:00,LOT_09,W_03,1,5,ETCHER_B,PATH_0022,1.02,82.72,14.27,97.4,2.54,-0.027,25.31,0,ERR-T101
2026-01-18 04:20:00,LOT_09,W_03,2,5,ETCHER_B,PATH_0041,1.2,85.78,15.24,84.51,2.75,-0.053,24.99,0,ERR-T101
2026-01-18 04:25:00,LOT_09,W_03,3,5,ETCHER_B,PATH_0005,1.01,84.8,15.64,86.33,2.48,-0.065,24.27,0,ERR-T101
2026-01-18 04:30:00,LOT_09,W_03,4,5,ETCHER_B,PATH_0042,0.96,90.07,15.05,92.26,2.34,-0.1,25.3,0,ERR-T101
2026-01-18 04:35:00,LOT_09,W_03,5,5,ETCHER_B,PATH_0023,1.34,89.36,15.4,96.28,3.35,-0.063,28.39,0,ERR-T101
2026-01-18 04:40:00,LOT_09,W_03,6,5,ETCHER_B,PATH_0017,1.17,82.36,14.78,89.5,2.94,0.002,24.31,1,NORMAL
2026-01-18 04:45:00,LOT_09,W_03,7,5,ETCHER_B,PATH_0012,1.23,83.71,16.49,86.53,3.03,-0.018,25.17,0,ERR-T101
2026-01-18 04:50:00,LOT_09,W_03,8,5,ETCHER_B,PATH_0023,0.87,81.16,15.03,87.51,2.12,-0.036,22.87,0,ERR-T101
2026-01-18 04:55:00,LOT_09,W_03,9,5,ETCHER_B,PATH_0016,0.89,89.51,15.01,93.41,2.18,-0.107,26.7,0,ERR-T101
2026-01-18 05:00:00,LOT_09,W_03,0,6,ETCHER_B,PATH_0003,0.73,86.88,14.93,87.43,1.82,-0.074,24.24,0,ERR-T101
2026-01-18 05:05:00,LOT_09,W_03,1,6,ETCHER_B,PATH_0030,0.76,82.04,15.24,89.85,1.97,-0.048,23.45,0,ERR-T101
2026-01-18 05:10:00,LOT_09,W_03,2,6,ETCHER_B,PATH_0022,0.73,86.77,15.67,83.39,1.81,-0.096,24.05,0,ERR-T101
2026-01-18 05:15:00,LOT_09,W_03,3,6,ETCHER_B,PATH_0009,1.03,84.62,15.44,89.22,2.47,-0.037,26.59,0,ERR-T101
2026-01-18 05:20:00,LOT_09,W_03,4,6,ETCHER_B,PATH_0029,0.82,72.94,15.63,89.14,2.14,0.045,19.23,1,NORMAL
2026-01-18 05:25:00,LOT_09,W_03,5,6,ETCHER_B,PATH_0047,0.72,83.33,14.44,87.78,1.83,-0.034,21.42,0,ERR-T101
2026-01-18 05:30:00,LOT_09,W_03,6,6,ETCHER_B,PATH_0037,0.88,83.23,14.65,80.72,2.23,-0.032,24.31,0,ERR-T101
2026-01-18 05:35:00,LOT_09,W_03,7,6,ETCHER_B,PATH_0023,1.29,81.85,14.83,82.74,3.17,0.003,27.19,1,ERR-G202
2026-01-18 05:40:00,LOT_09,W_03,8,6,ETCHER_B,PATH_0013,1.09,83.0,14.68,88.29,2.84,-0.019,25.27,0,ERR-T101
2026-01-18 05:45:00,LOT_09,W_03,9,6,ETCHER_B,PATH_0032,1.28,81.72,15.45,98.53,3.11,0.004,24.01,1,NORMAL
2026-01-18 05:50:00,LOT_09,W_03,0,7,ETCHER_B,PATH_0046,0.95,71.63,15.86,86.31,2.39,0.076,18.45,1,ERR-G202
2026-01-18 05:55:00,LOT_09,W_03,1,7,ETCHER_B,PATH_0047,1.26,82.38,15.28,95.58,3.13,0.009,25.37,1,NORMAL
2026-01-18 06:00:00,LOT_09,W_03,2,7,ETCHER_B,PATH_0048,1.14,81.36,15.4,86.58,2.86,-0.006,24.32,0,ERR-T101
2026-01-18 06:05:00,LOT_09,W_03,3,7,ETCHER_B,PATH_0023,0.8,89.98,14.44,99.38,2.1,-0.111,25.24,0,ERR-T101
2026-01-18 06:10:00,LOT_09,W_03,4,7,ETCHER_B,PATH_0045,0.9,83.28,14.94,86.08,2.11,-0.031,24.76,0,ERR-T101
2026-01-18 06:15:00,LOT_09,W_03,5,7,ETCHER_B,PATH_0017,0.74,82.85,15.6,92.63,1.93,-0.062,22.93,0,ERR-T101
2026-01-18 06:20:00,LOT_09,W_03,6,7,ETCHER_B,PATH_0040,1.15,77.5,14.95,97.43,2.83,0.059,22.68,1,NORMAL
2026-01-18 06:25:00,LOT_09,W_03,7,7,ETCHER_B,PATH_0021,0.86,92.63,14.17,91.72,2.1,-0.12,27.25,0,ERR-T101
2026-01-18 06:30:00,LOT_09,W_03,8,7,ETCHER_B,PATH_0002,1.39,82.39,14.99,101.63,3.61,0.011,25.35,1,NORMAL
2026-01-18 06:35:00,LOT_09,W_03,9,7,ETCHER_B,PATH_0037,1.12,87.32,14.78,89.18,2.86,-0.053,24.88,0,ERR-T101
2026-01-18 06:40:00,LOT_09,W_03,0,8,ETCHER_B,PATH_0006,1.01,82.23,14.7,83.35,2.59,-0.02,24.67,0,ERR-T101
2026-01-18 06:45:00,LOT_09,W_03,1,8,ETCHER_B,PATH_0044,1.04,88.77,15.53,94.26,2.7,-0.089,26.58,0,ERR-T101
2026-01-18 06:50:00,LOT_09,W_03,2,8,ETCHER_B,PATH_0018,0.82,83.37,15.25,90.95,2.19,-0.042,24.82,0,ERR-T101
2026-01-18 06:55:00,LOT_09,W_03,3,8,ETCHER_B,PATH_0030,0.98,79.81,15.26,83.91,2.46,-0.002,24.73,0,ERR-T101
2026-01-18 07:00:00,LOT_09,W_03,4,8,ETCHER_B,PATH_0022,1.08,87.99,15.23,88.39,2.78,-0.07,27.44,0,ERR-T101
2026-01-18 07:05:00,LOT_09,W_03,5,8,ETCHER_B,PATH_0033,1.06,78.27,14.95,91.91,2.54,0.026,22.37,1,NORMAL
2026-01-18 07:10:00,LOT_09,W_03,6,8,ETCHER_B,PATH_0030,1.14,79.89,14.98,95.61,2.91,0.017,22.94,1,NORMAL
2026-01-18 07:15:00,LOT_09,W_03,7,8,ETCHER_B,PATH_0017,0.74,83.64,15.82,91.42,1.75,-0.051,21.37,0,ERR-T101
2026-01-18 07:20:00,LOT_09,W_03,8,8,ETCHER_B,PATH_0043,0.76,85.04,14.03,89.06,1.9,-0.065,21.95,0,ERR-T101
2026-01-18 07:25:00,LOT_09,W_03,9,8,ETCHER_B,PATH_0032,1.08,85.04,15.12,93.2,2.51,-0.041,25.9,0,ERR-T101
2026-01-18 07:30:00,LOT_09,W_03,0,9,ETCHER_B,PATH_0042,0.79,78.53,14.85,91.48,1.72,0.011,21.25,1,NORMAL
2026-01-18 07:35:00,LOT_09,W_03,1,9,ETCHER_B,PATH_0014,0.77,86.12,14.66,82.95,1.85,-0.104,24.84,0,ERR-T101
2026-01-18 07:40:00,LOT_09,W_03,2,9,ETCHER_B,PATH_0010,1.23,82.92,14.88,87.87,2.84,0.006,27.33,1,ERR-G202
2026-01-18 07:45:00,LOT_09,W_03,3,9,ETCHER_B,PATH_0047,1.28,82.73,15.55,99.44,3.14,-0.005,26.65,0,ERR-T101
2026-01-18 07:50:00,LOT_09,W_03,4,9,ETCHER_B,PATH_0036,0.9,79.7,14.76,92.86,2.4,0.004,24.51,1,NORMAL
2026-01-18 07:55:00,LOT_09,W_03,5,9,ETCHER_B,PATH_0034,0.81,85.06,15.02,97.16,2.05,-0.059,24.64,0,ERR-T101
2026-01-18 08:00:00,LOT_09,W_03,6,9,ETCHER_B,PATH_0009,1.16,78.25,14.81,91.55,2.97,0.022,21.84,1,NORMAL
2026-01-18 08:05:00,LOT_09,W_03,7,9,ETCHER_B,PATH_0042,1.3,84.63,15.87,83.48,3.42,-0.013,27.62,0,ERR-T101
2026-01-18 08:10:00,LOT_09,W_03,8,9,ETCHER_B,PATH_0028,1.27,81.4,14.36,81.32,3.12,-0.007,24.64,0,ERR-T101
2026-01-18 08:15:00,LOT_09,W_03,9,9,ETCHER_B,PATH_0011,0.88,86.1,14.53,89.69,2.16,-0.085,26.7,0,ERR-T101
2026-01-18 08:20:00,LOT_09,W_04,0,0,ETCHER_B,PATH_0014,0.72,90.07,14.94,93.32,2.02,-0.126,25.1,0,ERR-T101
2026-01-18 08:25:00,LOT_09,W_04,1,0,ETCHER_B,PATH_0039,1.27,88.42,14.36,89.82,3.21,-0.072,28.36,0,ERR-T101
2026-01-18 08:30:00,LOT_09,W_04,2,0,ETCHER_B,PATH_0047,0.74,90.05,13.92,94.2,1.77,-0.134,25.49,0,ERR-T101
2026-01-18 08:35:00,LOT_09,W_04,3,0,ETCHER_B,PATH_0019,1.02,84.79,13.87,89.9,2.54,-0.044,26.41,0,ERR-T101
2026-01-18 08:40:00,LOT_09,W_04,4,0,ETCHER_B,PATH_0015,0.78,84.51,14.76,89.22,1.86,-0.076,25.59,0,ERR-T101
2026-01-18 08:45:00,LOT_09,W_04,5,0,ETCHER_B,PATH_0028,0.95,89.02,15.19,93.18,2.49,-0.083,25.89,0,ERR-T101
2026-01-18 08:50:00,LOT_09,W_04,6,0,ETCHER_B,PATH_0024,0.94,91.41,13.88,88.98,2.38,-0.116,27.59,0,ERR-T101
2026-01-18 08:55:00,LOT_09,W_04,7,0,ETCHER_B,PATH_0008,0.92,90.63,15.77,87.63,2.36,-0.111,27.65,0,ERR-T101
2026-01-18 09:00:00,LOT_09,W_04,8,0,ETCHER_B,PATH_0043,1.17,89.08,14.19,94.33,2.86,-0.058,27.72,0,ERR-T101
2026-01-18 09:05:00,LOT_09,W_04,9,0,ETCHER_B,PATH_0009,0.89,81.71,15.29,92.83,2.06,-0.029,21.7,0,ERR-T101
2026-01-18 09:10:00,LOT_09,W_04,0,1,ETCHER_B,PATH_0047,0.74,84.18,16.15,95.75,1.81,-0.084,23.36,0,ERR-T101
2026-01-18 09:15:00,LOT_09,W_04,1,1,ETCHER_B,PATH_0033,1.21,87.98,15.43,88.19,3.12,-0.05,27.1,0,ERR-T101
2026-01-18 09:20:00,LOT_09,W_04,2,1,ETCHER_B,PATH_0033,0.9,84.0,15.25,84.15,2.37,-0.053,24.62,0,ERR-T101
2026-01-18 09:25:00,LOT_09,W_04,3,1,ETCHER_B,PATH_0019,0.72,83.51,15.38,91.33,1.82,-0.064,22.46,0,ERR-T101
2026-01-18 09:30:00,LOT_09,W_04,4,1,ETCHER_B,PATH_0003,1.16,72.81,14.81,87.89,3.09,0.086,23.37,1,ERR-G202
2026-01-18 09:35:00,LOT_09,W_04,5,1,ETCHER_B,PATH_0010,0.74,86.72,14.81,92.65,1.9,-0.107,24.54,0,ERR-T101
2026-01-18 09:40:00,LOT_09,W_04,6,1,ETCHER_B,PATH_0040,0.79,86.06,15.11,90.65,2.16,-0.084,25.65,0,ERR-T101
2026-01-18 09:45:00,LOT_09,W_04,7,1,ETCHER_B,PATH_0047,0.72,87.07,15.05,81.88,1.78,-0.087,23.04,0,ERR-T101
2026-01-18 09:50:00,LOT_09,W_04,8,1,ETCHER_B,PATH_0042,0.82,82.23,14.95,91.97,1.9,-0.037,22.07,0,ERR-T101
2026-01-18 09:55:00,LOT_09,W_04,9,1,ETCHER_B,PATH_0001,1.04,85.76,15.29,90.95,2.37,-0.048,,0,ERR-T101
2026-01-18 10:00:00,LOT_09,W_04,0,2,ETCHER_B,PATH_0029,1.16,88.29,14.67,97.8,2.82,-0.058,27.7,0,ERR-T101
2026-01-18 10:05:00,LOT_09,W_04,1,2,ETCHER_B,PATH_0034,1.27,87.2,15.16,90.92,3.35,-0.055,26.22,0,ERR-T101
2026-01-18 10:10:00,LOT_09,W_04,2,2,ETCHER_B,PATH_0013,0.84,83.62,15.48,91.94,2.35,-0.078,22.06,0,ERR-T101
2026-01-18 10:15:00,LOT_09,W_04,3,2,ETCHER_B,PATH_0001,1.07,97.9,15.46,85.32,2.71,-0.171,28.94,0,ERR-T101
2026-01-18 10:20:00,LOT_09,W_04,4,2,ETCHER_B,PATH_0034,1.2,78.19,14.32,97.19,3.1,0.065,22.78,1,NORMAL
2026-01-18 10:25:00,LOT_09,W_04,5,2,ETCHER_B,PATH_0029,0.76,85.68,14.89,86.24,1.92,-0.073,24.56,0,ERR-T101
2026-01-18 10:30:00,LOT_09,W_04,6,2,ETCHER_B,PATH_0048,0.94,83.37,14.6,85.33,2.35,-0.039,24.21,0,ERR-T101
2026-01-18 10:35:00,LOT_09,W_04,7,2,ETCHER_B,PATH_0047,0.87,88.17,14.0,93.73,2.16,-0.1,25.55,0,ERR-T101
2026-01-18 10:40:00,LOT_09,W_04,8,2,ETCHER_B,PATH_0013,1.17,72.54,14.87,87.07,2.94,0.087,19.43,1,ERR-G202
2026-01-18 10:45:00,LOT_09,W_04,9,2,ETCHER_B,PATH_0048,0.92,80.66,15.17,93.18,2.37,-0.014,21.8,0,ERR-T101
2026-01-18 10:50:00,LOT_09,W_04,0,3,ETCHER_B,PATH_0049,1.27,82.64,15.51,89.14,3.2,0.0,25.14,1,NORMAL
2026-01-18 10:55:00,LOT_09,W_04,1,3,ETCHER_B,PATH_0029,0.79,86.23,15.18,90.76,2.03,-0.088,23.7,0,ERR-T101
2026-01-18 11:00:00,LOT_09,W_04,2,3,ETCHER_B,PATH_0039,1.27,85.82,15.43,95.66,3.33,-0.029,26.96,0,ERR-T101
2026-01-18 11:05:00,LOT_09,W_04,3,3,ETCHER_B,PATH_0024,1.14,82.9,15.29,84.43,2.9,-0.011,24.03,0,ERR-T101
2026-01-18 11:10:00,LOT_09,W_04,4,3,ETCHER_B,PATH_0026,0.85,87.16,14.73,78.99,2.02,-0.095,27.98,0,ERR-T101
2026-01-18 11:15:00,LOT_09,W_04,5,3,ETCHER_B,PATH_0017,1.04,86.51,15.42,95.16,2.66,-0.061,25.86,0,ERR-T101
2026-01-18 11:20:00,LOT_09,W_04,6,3,ETCHER_B,PATH_0007,1.13,80.87,15.21,91.93,2.9,-0.0,24.93,0,ERR-T101
2026-01-18 11:25:00,LOT_09,W_04,7,3,ETCHER_B,PATH_0013,1.01,81.98,15.15,91.98,2.56,-0.03,22.85,0,ERR-T101
2026-01-18 11:30:00,LOT_09,W_04,8,3,ETCHER_B,PATH_0005,1.21,92.23,14.39,89.34,2.88,-0.098,28.89,0,ERR-T101
2026-01-18 11:35:00,LOT_09,W_04,9,3,ETCHER_B,PATH_0026,0.84,86.75,15.16,91.42,2.02,-0.086,23.86,0,ERR-T101
2026-01-18 11:40:00,LOT_09,W_04,0,4,ETCHER_B,PATH_0049,1.19,81.22,15.46,98.36,3.23,0.01,24.11,1,NORMAL
2026-01-18 11:45:00,LOT_09,W_04,1,4,ETCHER_B,PATH_0003,0.73,90.61,15.0,99.55,1.62,-0.138,24.26,0,ERR-T101
2026-01-18 11:50:00,LOT_09,W_04,2,4,ETCHER_B,PATH_0007,1.27,83.32,15.07,94.74,3.03,-0.011,26.65,0,ERR-T101
2026-01-18 11:55:00,LOT_09,W_04,3,4,ETCHER_B,PATH_0049,0.98,89.48,14.62,85.77,2.57,-0.095,26.91,0,ERR-T101
2026-01-18 12:00:00,LOT_09,W_04,4,4,ETCHER_B,PATH_0039,1.19,82.64,15.67,85.74,3.08,0.007,26.61,1,ERR-G202
2026-01-18 12:05:00,LOT_09,W_04,5,4,ETCHER_B,PATH_0001,0.85,85.72,14.99,88.87,2.11,-0.079,24.23,0,ERR-T101
2026-01-18 12:10:00,LOT_09,W_04,6,4,ETCHER_B,PATH_0049,0.88,84.62,15.13,100.86,2.29,-0.058,22.68,0,ERR-T101
2026-01-18 12:15:00,LOT_09,W_04,7,4,ETCHER_B,PATH_0017,1.25,93.27,14.81,87.86,3.21,-0.102,30.13,0,ERR-T101
2026-01-18 12:20:00,LOT_09,W_04,8,4,ETCHER_B,PATH_0043,1.3,88.4,15.92,86.44,3.16,-0.074,27.06,0,ERR-T101
2026-01-18 12:25:00,LOT_09,W_04,9,4,ETCHER_B,PATH_0025,0.75,80.27,16.5,85.24,1.95,-0.017,21.05,0,ERR-T101
2026-01-18 12:30:00,LOT_09,W_04,0,5,ETCHER_B,PATH_0003,1.38,87.7,15.07,92.36,3.53,-0.039,26.97,0,ERR-T101
2026-01-18 12:35:00,LOT_09,W_04,1,5,ETCHER_B,PATH_0015,1.02,89.15,15.16,93.87,2.63,-0.091,28.02,0,ERR-T101
2026-01-18 12:40:00,LOT_09,W_04,2,5,ETCHER_B,PATH_0029,0.84,86.84,14.73,91.77,2.16,-0.085,23.57,0,ERR-T101
2026-01-18 12:45:00,LOT_09,W_04,3,5,ETCHER_B,PATH_0043,0.98,82.43,15.03,86.08,2.41,-0.03,23.33,0,ERR-T101
2026-01-18 12:50:00,LOT_09,W_04,4,5,ETCHER_B,PATH_0032,1.27,93.82,14.95,85.22,3.01,-0.115,29.65,0,ERR-T101
2026-01-18 12:55:00,LOT_09,W_04,5,5,ETCHER_B,PATH_0026,1.06,82.72,15.06,85.41,2.58,-0.05,26.16,0,ERR-T101
2026-01-18 13:00:00,LOT_09,W_04,6,5,ETCHER_B,PATH_0016,1.38,86.8,14.59,97.94,3.45,-0.031,28.15,0,ERR-T101
2026-01-18 13:05:00,LOT_09,W_04,7,5,ETCHER_B,PATH_0025,1.13,90.88,13.96,85.11,2.76,-0.089,26.45,0,ERR-T101
2026-01-18 13:10:00,LOT_09,W_04,8,5,ETCHER_B,PATH_0028,1.38,83.97,14.72,89.71,3.34,0.002,28.38,1,NORMAL
2026-01-18 13:15:00,LOT_09,W_04,9,5,ETCHER_B,PATH_0009,1.23,93.29,15.46,96.96,2.93,-0.122,29.42,0,ERR-T101
2026-01-18 13:20:00,LOT_09,W_04,0,6,ETCHER_B,PATH_0001,1.15,81.02,15.23,89.11,2.68,-0.014,23.97,0,ERR-T101
2026-01-18 13:25:00,LOT_09,W_04,1,6,ETCHER_B,PATH_0029,1.08,82.72,14.7,98.06,2.66,-0.025,25.04,0,ERR-T101
2026-01-18 13:30:00,LOT_09,W_04,2,6,ETCHER_B,PATH_0022,0.76,85.82,15.31,93.84,1.83,-0.079,24.94,0,ERR-T101
2026-01-18 13:35:00,LOT_09,W_04,3,6,ETCHER_B,PATH_0016,1.13,87.47,15.44,93.53,2.92,-0.048,27.17,0,ERR-T101
2026-01-18 13:40:00,LOT_09,W_04,4,6,ETCHER_B,PATH_0041,0.98,87.86,15.14,86.72,2.55,-0.08,26.22,0,ERR-T101
2026-01-18 13:45:00,LOT_09,W_04,5,6,ETCHER_B,PATH_0044,0.75,88.46,14.95,86.75,1.81,-0.11,25.3,0,ERR-T101
2026-01-18 13:50:00,LOT_09,W_04,6,6,ETCHER_B,PATH_0041,0.97,88.42,15.11,94.16,2.33,-0.083,25.52,0,ERR-T101
2026-01-18 13:55:00,LOT_09,W_04,7,6,ETCHER_B,PATH_0007,0.92,87.04,15.22,88.58,2.19,-0.092,27.27,0,ERR-T101
2026-01-18 14:00:00,LOT_09,W_04,8,6,ETCHER_B,PATH_0014,1.19,77.68,15.18,90.9,2.76,0.031,24.34,1,NORMAL
2026-01-18 14:05:00,LOT_09,W_04,9,6,ETCHER_B,PATH_0029,0.78,82.92,15.0,90.73,1.95,-0.04,23.02,0,ERR-T101
2026-01-18 14:10:00,LOT_09,W_04,0,7,ETCHER_B,PATH_0019,1.2,82.36,15.26,87.54,3.09,-0.012,25.18,0,ERR-T101
2026-01-18 14:15:00,LOT_09,W_04,1,7,ETCHER_B,PATH_0019,1.36,86.32,15.05,92.54,3.33,-0.018,27.87,0,ERR-T101
2026-01-18 14:20:00,LOT_09,W_04,2,7,ETCHER_B,PATH_0002,1.0,86.58,14.92,94.39,2.45,-0.063,,0,ERR-T101
2026-01-18 14:25:00,LOT_09,W_04,3,7,ETCHER_B,PATH_0041,1.21,83.7,15.42,92.15,3.07,-0.026,25.95,0,ERR-T101
2026-01-18 14:30:00,LOT_09,W_04,4,7,ETCHER_B,PATH_0045,1.27,82.5,14.95,93.57,2.97,-0.003,24.19,0,ERR-T101
2026-01-18 14:35:00,LOT_09,W_04,5,7,ETCHER_B,PATH_0015,0.96,77.9,15.48,76.99,2.3,0.012,21.64,1,ERR-G202
2026-01-18 14:40:00,LOT_09,W_04,6,7,ETCHER_B,PATH_0003,1.03,84.29,15.19,81.03,2.51,-0.042,24.48,0,ERR-T101
2026-01-18 14:45:00,LOT_09,W_04,7,7,ETCHER_B,PATH_0011,1.28,81.25,15.83,93.28,3.18,0.015,24.98,1,NORMAL
2026-01-18 14:50:00,LOT_09,W_04,8,7,ETCHER_B,PATH_0046,0.91,85.31,14.65,86.36,2.29,-0.063,23.54,0,ERR-T101
2026-01-18 14:55:00,LOT_09,W_04,9,7,ETCHER_B,PATH_0030,0.96,83.23,14.87,92.78,2.29,-0.047,24.41,0,ERR-T101
2026-01-18 15:00:00,LOT_09,W_04,0,8,ETCHER_B,PATH_0040,0.88,85.03,14.77,94.25,2.25,-0.049,23.5,0,ERR-T101
2026-01-18 15:05:00,LOT_09,W_04,1,8,ETCHER_B,PATH_0018,0.98,88.83,15.08,87.9,2.53,-0.097,26.02,0,ERR-T101
2026-01-18 15:10:00,LOT_09,W_04,2,8,ETCHER_B,PATH_0048,0.75,86.1,14.81,81.76,1.87,-0.078,23.75,0,ERR-T101
2026-01-18 15:15:00,LOT_09,W_04,3,8,ETCHER_B,PATH_0002,0.99,81.63,14.64,87.95,2.39,-0.003,22.09,0,ERR-T101
2026-01-18 15:20:00,LOT_09,W_04,4,8,ETCHER_B,PATH_0032,0.74,79.69,14.92,89.0,1.81,-0.027,,0,ERR-T101
2026-01-18 15:25:00,LOT_09,W_04,5,8,ETCHER_B,PATH_0008,1.39,80.28,15.13,87.51,3.56,0.029,24.12,1,ERR-G202
2026-01-18 15:30:00,LOT_09,W_04,6,8,ETCHER_B,PATH_0022,1.19,88.6,14.78,87.08,2.92,-0.087,26.67,0,ERR-T101
2026-01-18 15:35:00,LOT_09,W_04,7,8,ETCHER_B,PATH_0006,0.96,76.73,14.51,84.48,2.34,0.035,20.26,1,ERR-G202
2026-01-18 15:40:00,LOT_09,W_04,8,8,ETCHER_B,PATH_0012,0.93,83.49,15.43,93.69,2.35,-0.041,23.92,0,ERR-T101
2026-01-18 15:45:00,LOT_09,W_04,9,8,ETCHER_B,PATH_0047,0.94,84.16,15.44,93.06,2.15,-0.08,24.46,0,ERR-T101
2026-01-18 15:50:00,LOT_09,W_04,0,9,ETCHER_B,PATH_0040,1.29,87.23,14.51,89.96,3.12,-0.043,26.63,0,ERR-T101
2026-01-18 15:55:00,LOT_09,W_04,1,9,ETCHER_B,PATH_0036,1.38,96.16,14.33,84.79,3.51,-0.11,32.27,0,ERR-T101
2026-01-18 16:00:00,LOT_09,W_04,2,9,ETCHER_B,PATH_0015,1.0,89.7,15.01,92.12,2.5,-0.102,28.79,0,ERR-T101
2026-01-18 16:05:00,LOT_09,W_04,3,9,ETCHER_B,PATH_0028,1.22,90.6,14.12,91.73,2.89,-0.073,29.56,0,ERR-T101
2026-01-18 16:10:00,LOT_09,W_04,4,9,ETCHER_B,PATH_0049,1.35,83.68,15.14,92.67,3.18,0.01,26.11,1,NORMAL
2026-01-18 16:15:00,LOT_09,W_04,5,9,ETCHER_B,PATH_0045,0.95,91.75,14.53,92.92,2.37,-0.124,27.56,0,ERR-T101
2026-01-18 16:20:00,LOT_09,W_04,6,9,ETCHER_B,PATH_0018,0.97,89.88,14.71,85.83,2.41,-0.107,26.11,0,ERR-T101
2026-01-18 16:25:00,LOT_09,W_04,7,9,ETCHER_B,PATH_0002,0.71,85.86,15.4,89.73,1.7,-0.079,21.9,0,ERR-T101
2026-01-18 16:30:00,LOT_09,W_04,8,9,ETCHER_B,PATH_0013,0.85,82.89,15.5,91.64,2.02,-0.025,22.26,0,ERR-T101
2026-01-18 16:35:00,LOT_09,W_04,9,9,ETCHER_B,PATH_0045,0.88,85.93,16.01,89.11,2.06,-0.078,24.34,0,ERR-T101
